Randomizer Version: 4.6.1
Random Seed: 117092094279082
Settings String: 322AygEAhgBAAQABwABAAKjJAgECQAACQAFCQABEAAAAAAABAW4MhkyAQAICTIJCQAyAAUADEZpcmUgUmVkIChTKWaP/rfjwziK

--Move Updates--
Made DANZA ESPADA have 20 PP
Made REMOLINO have 0% accuracy
Made VUELO have 90 power
Made ATADURA have 85% accuracy
Made LÁTIGO CEPA have 45 power and 25 PP
Made PATADA SALTO have 100 power and 10 PP
Made PLACAJE have 40 power and 100% accuracy
Made REPETICIÓN have 90% accuracy
Made GOLPE have 120 power and 10 PP
Made PIN MISIL have 25 power and 95% accuracy
Made ANULACIÓN have 100% accuracy
Made LANZALLAMAS have 90 power
Made HIDROBOMBA have 110 power
Made SURF have 90 power
Made RAYO HIELO have 90 power
Made VENTISCA have 110 power
Made SUMISIÓN have 20 PP
Made ABSORBER have 25 PP
Made MEGAAGOTAR have 15 PP
Made DESARROLLO have 20 PP
Made DANZA PÉTALO have 120 power and 10 PP
Made GIRO FUEGO have 35 power and 85% accuracy
Made RAYO have 90 power
Made ONDA TRUENO have 90% accuracy
Made TRUENO have 110 power
Made EXCAVAR have 80 power
Made TÓXICO have 90% accuracy
Made RECUPERACIÓN have 5 PP
Made REDUCCIÓN have 10 PP
Made BARRERA have 20 PP
Made LENGÜETAZO have 30 power
Made POLUCIÓN have 30 power
Made LLAMARADA have 110 power
Made TENAZA have 15 PP and 85% accuracy
Made CABEZAZO have 130 power and 10 PP
Made AMORTIGUADOR have 5 PP
Made PAT. S. ALTA have 130 power and 10 PP
Made DESLUMBRAR have 100% accuracy
Made GAS VENENOSO have 90% accuracy
Made CHUPAVIDAS have 80 power and 10 PP
Made BURBUJA have 40 power
Made DESTELLO have 100% accuracy
Made PSICOONDA have 100% accuracy
Made ARMAD. ÁCIDA have 20 PP
Made MARTILLAZO have 100 power and 90% accuracy
Made DESCANSO have 5 PP
Made LADRÓN have 60 power and 25 PP
Made RONQUIDO have 50 power
Made MALDICIÓN be GHOST-type
Made ESPORAGODÓN have 100% accuracy
Made CARA SUSTO have 100% accuracy
Made ELECTROCAÑÓN have 120 power
Made ATAQUE ÓSEO have 90% accuracy
Made ENFADO have 120 power and 10 PP
Made GIGADRENADO have 75 power and 10 PP
Made CONTONEO have 85% accuracy
Made BATIDO have 5 PP
Made CORTEFURIA have 40 power
Made GIRO RÁPIDO have 50 power
Made PREMONICIÓN have 120 power, 10 PP and 100% accuracy
Made GOLPE ROCA have 40 power
Made TORBELLINO have 35 power and 85% accuracy
Made ALBOROTO have 90 power
Made RESERVA have 20 PP
Made ONDA ÍGNEA have 95 power
Made FUEGO FATUO have 85% accuracy
Made ESTÍMULO have 70 power
Made DESARME have 65 power
Made BUCEO have 80 power
Made RESPLANDOR have 95 power
Made BOLA NEBLINA have 95 power
Made RELAJO have 5 PP
Made PUÑO METEORO have 90 power and 90% accuracy
Made AIRE AFILADO have 60 power
Made SOFOCO have 130 power
Made TUMBA ROCAS have 60 power, 15 PP and 95% accuracy
Made PARANORMAL have 20 PP
Made BUCLE ARENA have 35 power and 85% accuracy
Made AGUA LODOSA have 90 power
Made RECURRENTE have 25 power
Made CARÁMBANO have 25 power
Made ANTOJO have 60 power and 25 PP
Made HOJA AGUDA have 90 power
Made PEDRADA have 90% accuracy
Made DESEO OCULTO have 140 power and 100% accuracy

--Patching for National Dex at Start of Game--
Patch successful!

--Updating Type Effectiveness--
Replaced: Ghost not very effective vs Steel => Ghost neutral vs Steel
Replaced: Dark not very effective vs Steel => Dark neutral vs Steel

--Pokemon Base Stats & Types--
NUM|NAME      |TYPE             |  HP| ATK| DEF|SATK|SDEF| SPD|ABILITY1    |ABILITY2    |ITEM
  1|Bulbasaur    |GRASS/POISON     |  45|  49|  49|  65|  65|  45|ROBUSTEZ    |SINCRONÍA   |
  2|Ivysaur      |GRASS/POISON     |  60|  62|  63|  80|  80|  60|MUDAR       |MAR LLAMAS  |CINTA FOCUS (rare)
  3|Venusaur     |GRASS/POISON     |  80|  82|  83| 100| 100|  80|POLVO ESCUDO|(?)         |
  4|Charmander   |FIRE             |  39|  52|  43|  60|  50|  65|FLEXIBILIDAD|(?)         |
  5|Charmeleon   |FIRE             |  58|  64|  58|  80|  65|  80|PARARRAYOS  |MENOS       |MT11 (common)
  6|Charizard    |FIRE/FLYING      |  78|  84|  78| 109|  85| 100|PIEL TOSCA  |(?)         |BAYA ARICOC (common)
  7|Squirtle     |WATER            |  44|  48|  65|  50|  64|  43|ESPÍR. VITAL|BUCLE AIRE  |
  8|Wartortle    |WATER            |  59|  63|  80|  65|  80|  58|IMÁN        |BUCLE AIRE  |
  9|Blastoise    |WATER            |  79|  83| 100|  85| 105|  78|LODO LÍQUIDO|(?)         |
 10|Caterpie     |BUG              |  45|  30|  35|  20|  20|  45|RECOGIDA    |PIEL TOSCA  |
 11|Metapod      |BUG              |  50|  20|  55|  25|  25|  30|PIEL TOSCA  |ESPESURA    |ELIXIR MÁX. (common)
 12|Butterfree   |BUG/FLYING       |  60|  45|  50|  90|  80|  70|VISCOSIDAD  |ABSOR. FUEGO|
 13|Weedle       |BUG/POISON       |  40|  35|  30|  20|  20|  50|LLOVIZNA    |CHORRO ARENA|
 14|Kakuna       |BUG/POISON       |  45|  25|  50|  25|  25|  35|ENERGÍA PURA|(?)         |HUESO GRUESO (100%)
 15|Beedrill     |BUG/POISON       |  65|  90|  40|  45|  80|  75|LLOVIZNA    |ELEC. ESTÁT.|
 16|Pidgey       |NORMAL/FLYING    |  40|  45|  40|  35|  35|  56|ACLIMATACIÓN|RECOGIDA    |
 17|Pidgeotto    |NORMAL/FLYING    |  63|  60|  55|  50|  50|  71|RECOGIDA    |HEDOR       |DIRECTO (100%)
 18|Pidgeot      |NORMAL/FLYING    |  83|  80|  75|  70|  70| 101|CABEZA ROCA |(?)         |
 19|Rattata      |NORMAL           |  30|  56|  35|  25|  35|  72|TORRENTE    |(?)         |
 20|Raticate     |NORMAL           |  55|  81|  60|  50|  70|  97|CABEZA ROCA |(?)         |PAÑUELO ROJO (rare)
 21|Spearow      |NORMAL/FLYING    |  40|  60|  30|  31|  31|  70|ELEC. ESTÁT.|VELO AGUA   |BAYA MAIS (common), ULTRABALL (rare)
 22|Fearow       |NORMAL/FLYING    |  65|  90|  65|  61|  61| 100|INMUNIDAD   |(?)         |
 23|Ekans        |POISON           |  35|  60|  44|  40|  54|  55|AGALLAS     |DESPISTE    |
 24|Arbok        |POISON           |  60|  95|  69|  65|  79|  80|RECOGIDA    |(?)         |MT42 (common), SAL CARDUMEN (rare)
 25|Pikachu      |ELECTRIC         |  35|  55|  40|  50|  50|  90|HUMEDAD     |(?)         |CARTA IMÁN (rare)
 26|Raichu       |ELECTRIC         |  60|  90|  55|  90|  80| 110|DICHA       |HUMEDAD     |
 27|Sandshrew    |GROUND           |  50|  75|  85|  20|  30|  40|IMPULSO     |(?)         |LECHE MU-MU (rare)
 28|Sandslash    |GROUND           |  75| 100| 110|  45|  55|  65|RECOGIDA    |(?)         |MÁX. POCIÓN (common)
 29|Nidoran♀     |POISON           |  55|  47|  52|  40|  40|  41|ENJAMBRE    |PIEL TOSCA  |BAYA PERAGU (common), DIENTE MAR. (rare)
 30|Nidorina     |POISON           |  70|  62|  67|  55|  55|  56|CUERPO LLAMA|FLEXIBILIDAD|
 31|Nidoqueen    |POISON/GROUND    |  90|  92|  87|  75|  85|  76|ESPESURA    |ENJAMBRE    |
 32|Nidoran♂     |POISON           |  46|  57|  40|  40|  40|  50|LEVITACIÓN  |(?)         |
 33|Nidorino     |POISON           |  61|  72|  57|  55|  55|  65|PRESIÓN     |CURA NATURAL|
 34|Nidoking     |POISON/GROUND    |  81| 102|  77|  85|  75|  85|MÁS         |(?)         |
 35|Clefairy     |NORMAL           |  70|  45|  48|  60|  65|  35|ABSOR. ELEC.|(?)         |ANTIPARALIZ (common), MT10 (rare)
 36|Clefable     |NORMAL           |  95|  70|  73|  95|  90|  60|FUGA        |CHORRO ARENA|
 37|Vulpix       |FIRE             |  38|  41|  40|  50|  65|  65|SINCRONÍA   |(?)         |
 38|Ninetales    |FIRE             |  73|  76|  75|  81| 100| 100|VELO AGUA   |ESPESURA    |BAYA GONLAN (common), PICO AFILADO (rare)
 39|Jigglypuff   |NORMAL           | 115|  45|  20|  45|  25|  20|FUGA        |SOMBRATRAMPA|
 40|Wigglytuff   |NORMAL           | 140|  70|  45|  85|  50|  45|ENERGÍA PURA|(?)         |MT02 (rare)
 41|Zubat        |POISON/FLYING    |  40|  45|  35|  30|  40|  55|ESCUDO MAGMA|(?)         |
 42|Golbat       |POISON/FLYING    |  75|  80|  70|  65|  75|  90|ELEC. ESTÁT.|PIEL TOSCA  |
 43|Oddish       |GRASS/POISON     |  45|  50|  55|  75|  65|  30|POTENCIA    |HUMEDAD     |
 44|Gloom        |GRASS/POISON     |  60|  65|  70|  85|  75|  40|SINCRONÍA   |GRAN ENCANTO|BAYA GRANA (common)
 45|Vileplume    |GRASS/POISON     |  75|  80|  85| 110|  90|  50|ARMAD. BAT. |VISCOSIDAD  |MT18 (rare)
 46|Paras        |BUG/GRASS        |  35|  70|  55|  45|  55|  25|CUERPO LLAMA|ENJAMBRE    |MT13 (common), PAÑ. VERDE (rare)
 47|Parasect     |BUG/GRASS        |  60|  95|  80|  60|  80|  30|FLEXIBILIDAD|(?)         |
 48|Venonat      |BUG/POISON       |  60|  55|  50|  40|  55|  45|CHORRO ARENA|OJOCOMPUESTO|NIDO BALL (rare)
 49|Venomoth     |BUG/POISON       |  70|  65|  60|  90|  75|  90|MUDAR       |RASTRO      |
 50|Diglett      |GROUND           |  10|  55|  25|  35|  45|  95|PIEL TOSCA  |INSONORIZAR |
 51|Dugtrio      |GROUND           |  35| 100|  50|  50|  70| 120|PIEL TOSCA  |FLEXIBILIDAD|MT14 (common)
 52|Meowth       |NORMAL           |  40|  45|  35|  40|  40|  90|AUSENTE     |(?)         |BAYA LICHI (100%)
 53|Persian      |NORMAL           |  65|  70|  60|  65|  65| 115|POLVO ESCUDO|(?)         |MT13 (common)
 54|Psyduck      |WATER            |  50|  52|  48|  65|  50|  55|CAMBIO COLOR|(?)         |
 55|Golduck      |WATER            |  80|  82|  78|  95|  80|  85|LODO LÍQUIDO|(?)         |CARTA BRILLO (rare)
 56|Mankey       |FIGHTING         |  40|  80|  35|  35|  45|  70|CLOROFILA   |(?)         |BAYA GUAYA (common), PAÑUELO ROSA (rare)
 57|Primeape     |FIGHTING         |  65| 105|  60|  60|  70|  95|CORTE FUERTE|(?)         |
 58|Growlithe    |FIRE             |  55|  70|  45|  70|  50|  60|CURA NATURAL|(?)         |INCIE. MAR. (rare)
 59|Arcanine     |FIRE             |  90| 110|  80| 100|  80|  95|ABSOR. AGUA |(?)         |
 60|Poliwag      |WATER            |  40|  50|  40|  40|  40|  90|NADO RÁPIDO |(?)         |BAYA RUDION (common), BAYA WIKANO (rare)
 61|Poliwhirl    |WATER            |  65|  65|  65|  50|  50|  90|TRAMPA ARENA|ACLIMATACIÓN|
 62|Poliwrath    |WATER/FIGHTING   |  90|  95|  95|  70|  90|  70|INTIMIDACIÓN|(?)         |MT37 (common), BAYA RUDION (rare)
 63|Abra         |PSYCHIC          |  25|  20|  15| 105|  55|  90|ESCUDO MAGMA|PRESIÓN     |
 64|Kadabra      |PSYCHIC          |  40|  35|  30| 120|  70| 105|ARMAD. BAT. |(?)         |MT24 (common), ROCA DEL REY (rare)
 65|Alakazam     |PSYCHIC          |  55|  50|  45| 135|  95| 120|VISTA LINCE |(?)         |
 66|Machop       |FIGHTING         |  70|  80|  50|  35|  35|  35|SOMBRATRAMPA|CURA NATURAL|
 67|Machoke      |FIGHTING         |  80| 100|  70|  50|  60|  45|HEDOR       |(?)         |MÁX. REVIVIR (common)
 68|Machamp      |FIGHTING         |  90| 130|  80|  65|  85|  55|OJOCOMPUESTO|DICHA       |PUÑO SUERTE (100%)
 69|Bellsprout   |GRASS/POISON     |  50|  75|  35|  70|  30|  40|INSONORIZAR |(?)         |
 70|Weepinbell   |GRASS/POISON     |  65|  90|  50|  85|  45|  55|PUNTO TÓXICO|(?)         |MT33 (common)
 71|Victreebel   |GRASS/POISON     |  80| 105|  65| 100|  70|  70|FOCO INTERNO|LLOVIZNA    |
 72|Tentacool    |WATER/POISON     |  40|  40|  35|  50| 100|  70|IMPULSO     |(?)         |
 73|Tentacruel   |WATER/POISON     |  80|  70|  65|  80| 120| 100|IMPULSO     |(?)         |
 74|Geodude      |ROCK/GROUND      |  40|  80| 100|  30|  30|  20|SINCRONÍA   |VELO AGUA   |BAYA ZREZA (common)
 75|Graveler     |ROCK/GROUND      |  55|  95| 115|  45|  45|  35|INSONORIZAR |(?)         |POLVOENERGÍA (common), MT01 (rare)
 76|Golem        |ROCK/GROUND      |  80| 120| 130|  55|  65|  45|VELO AGUA   |HUMEDAD     |
 77|Ponyta       |FIRE             |  50|  85|  55|  65|  65|  90|BUCLE AIRE  |OJOCOMPUESTO|CARTA OLA (common)
 78|Rapidash     |FIRE             |  65| 100|  70|  80|  80| 105|LODO LÍQUIDO|CUERPO PURO |MEJORA (common)
 79|Slowpoke     |WATER/PSYCHIC    |  90|  65|  65|  40|  40|  15|INSONORIZAR |(?)         |
 80|Slowbro      |WATER/PSYCHIC    |  95|  75| 110| 100|  80|  30|IMÁN        |ILUMINACIÓN |
 81|Magnemite    |ELECTRIC/STEEL   |  25|  35|  70|  95|  55|  45|RITMO PROPIO|(?)         |BAYA ANDANO (common), SEM. MILAGRO (rare)
 82|Magneton     |ELECTRIC/STEEL   |  50|  60|  95| 120|  70|  70|DICHA       |GRAN ENCANTO|CARTA IMÁN (rare)
 83|Farfetch’d   |NORMAL/FLYING    |  52|  90|  55|  58|  62|  60|POTENCIA    |(?)         |BAYA ARANJA (rare)
 84|Doduo        |NORMAL/FLYING    |  35|  85|  45|  35|  35|  75|POLVO ESCUDO|(?)         |
 85|Dodrio       |NORMAL/FLYING    |  60| 110|  70|  60|  60| 110|AGALLAS     |(?)         |
 86|Seel         |WATER            |  65|  45|  55|  45|  70|  45|RECOGIDA    |(?)         |
 87|Dewgong      |WATER/ICE        |  90|  70|  80|  70|  95|  70|ENTUSIASMO  |HUMEDAD     |MT18 (common)
 88|Grimer       |POISON           |  80|  80|  50|  40|  50|  25|ELEC. ESTÁT.|CUERPO PURO |MT33 (rare)
 89|Muk          |POISON           | 105| 105|  75|  65| 100|  50|RECOGIDA    |CORTE FUERTE|
 90|Shellder     |WATER            |  30|  65| 100|  45|  25|  40|INSONORIZAR |(?)         |CARBÓN (rare)
 91|Cloyster     |WATER/ICE        |  50|  95| 180|  85|  45|  70|LEVITACIÓN  |PRESIÓN     |
 92|Gastly       |GHOST/POISON     |  30|  35|  30| 100|  35|  80|VELO AGUA   |PRESIÓN     |
 93|Haunter      |GHOST/POISON     |  45|  50|  45| 115|  55|  95|AGALLAS     |MADRUGAR    |
 94|Gengar       |GHOST/POISON     |  60|  65|  60| 130|  75| 110|CLOROFILA   |RITMO PROPIO|PROTEC. ESP. (common)
 95|Onix         |ROCK/GROUND      |  35|  45| 160|  30|  45|  70|CHORRO ARENA|SINCRONÍA   |PERLA (rare)
 96|Drowzee      |PSYCHIC          |  60|  48|  45|  43|  90|  42|SINCRONÍA   |LODO LÍQUIDO|HIERBA REV. (common)
 97|Hypno        |PSYCHIC          |  85|  73|  70|  73| 115|  67|CAPARAZÓN   |(?)         |MT48 (rare)
 98|Krabby       |WATER            |  30| 105|  90|  25|  25|  50|CHORRO ARENA|DESPISTE    |COLA SKITTY (common)
 99|Kingler      |WATER            |  55| 130| 115|  50|  50|  75|MADRUGAR    |(?)         |
100|Voltorb      |ELECTRIC         |  40|  30|  50|  55|  55| 100|INMUNIDAD   |(?)         |
101|Electrode    |ELECTRIC         |  60|  50|  70|  80|  80| 150|VELO AGUA   |(?)         |
102|Exeggcute    |GRASS/PSYCHIC    |  60|  40|  80|  60|  45|  40|MENOS       |EFEC. ESPORA|
103|Exeggutor    |GRASS/PSYCHIC    |  95|  95|  85| 125|  75|  55|PARARRAYOS  |(?)         |
104|Cubone       |GROUND           |  50|  50|  95|  40|  50|  35|ABSOR. AGUA |INSOMNIO    |CARBÓN (common)
105|Marowak      |GROUND           |  60|  80| 110|  50|  80|  45|IMÁN        |(?)         |
106|Hitmonlee    |FIGHTING         |  50| 120|  53|  35| 110|  87|DICHA       |(?)         |
107|Hitmonchan   |FIGHTING         |  50| 105|  79|  35| 110|  76|CAPARAZÓN   |(?)         |
108|Lickitung    |NORMAL           |  90|  55|  75|  60|  75|  30|ABSOR. FUEGO|(?)         |
109|Koffing      |POISON           |  40|  65|  95|  60|  45|  35|CORTE FUERTE|CABEZA ROCA |
110|Weezing      |POISON           |  65|  90| 120|  85|  70|  60|ELEC. ESTÁT.|(?)         |MINI SETA (common)
111|Rhyhorn      |GROUND/ROCK      |  80|  85|  95|  30|  30|  25|CUERPO LLAMA|SEQUÍA      |
112|Rhydon       |GROUND/ROCK      | 105| 130| 120|  45|  45|  40|ABSOR. FUEGO|(?)         |ESCAMADRAGÓN (common), MT26 (rare)
113|Chansey      |NORMAL           | 250|   5|   5|  35| 105|  50|ILUMINACIÓN |(?)         |
114|Tangela      |GRASS            |  65|  55| 115| 100|  40|  60|VELO AGUA   |(?)         |RESTAU. TODO (common), BAYA GUAYA (rare)
115|Kangaskhan   |NORMAL           | 105|  95|  80|  40|  80|  90|PIEL TOSCA  |OJOCOMPUESTO|ZINC (common), ELIXIR (rare)
116|Horsea       |WATER            |  30|  40|  70|  70|  25|  60|CORTE FUERTE|GRAN ENCANTO|
117|Seadra       |WATER            |  55|  65|  95|  95|  45|  85|DICHA       |(?)         |
118|Goldeen      |WATER            |  45|  67|  60|  35|  50|  63|EFEC. ESPORA|FOCO INTERNO|MT16 (common), BAYA ORAM (rare)
119|Seaking      |WATER            |  80|  92|  65|  65|  80|  68|DICHA       |(?)         |BAYA SAMBIA (rare)
120|Staryu       |WATER            |  30|  45|  55|  70|  55|  85|AGALLAS     |TRAMPA ARENA|
121|Starmie      |WATER/PSYCHIC    |  60|  75|  85| 100|  85| 115|IMÁN        |VELO AGUA   |
122|Mr. Mime     |PSYCHIC          |  40|  45|  65| 100| 120|  90|ILUMINACIÓN |(?)         |ESCAMADRAGÓN (common), POL.METÁLICO (rare)
123|Scyther      |BUG/FLYING       |  70| 110|  80|  55|  80| 105|INTIMIDACIÓN|(?)         |PAÑUELO ROSA (rare)
124|Jynx         |ICE/PSYCHIC      |  65|  50|  35| 115|  95|  95|RITMO PROPIO|(?)         |CINT. NEGRO (common), MT14 (rare)
125|Electabuzz   |ELECTRIC         |  65|  83|  57|  95|  85| 105|MADRUGAR    |ABSOR. FUEGO|BAYA RUDION (100%)
126|Magmar       |FIRE             |  65|  95|  57| 100|  85|  93|VISCOSIDAD  |EFEC. ESPORA|CUCHARA TOR (common)
127|Pinsir       |BUG              |  65| 125| 100|  55|  70|  85|FUGA        |SOMBRATRAMPA|ELIXIR MÁX. (common)
128|Tauros       |NORMAL           |  75| 100|  95|  40|  70| 110|ACLIMATACIÓN|LEVITACIÓN  |
129|Magikarp     |WATER            |  20|  10|  55|  15|  20|  80|CURA NATURAL|(?)         |
130|Gyarados     |WATER/FLYING     |  95| 125|  79|  60| 100|  81|PARARRAYOS  |(?)         |
131|Lapras       |WATER/ICE        | 130|  85|  80|  85|  95|  60|MUDAR       |(?)         |
132|Ditto        |NORMAL           |  48|  48|  48|  48|  48|  48|CUERPO LLAMA|(?)         |AGUA FRESCA (rare)
133|Eevee        |NORMAL           |  55|  55|  50|  45|  65|  55|INTIMIDACIÓN|CUERPO PURO |CARTA PUERTO (rare)
134|Vaporeon     |WATER            | 130|  65|  60| 110|  95|  65|MADRUGAR    |CURA NATURAL|
135|Jolteon      |ELECTRIC         |  65|  65|  60| 110|  95| 130|HEDOR       |(?)         |
136|Flareon      |FIRE             |  65| 130|  60|  95| 110|  65|POLVO ESCUDO|HEDOR       |
137|Porygon      |NORMAL           |  65|  60|  70|  85|  75|  40|ENJAMBRE    |(?)         |HIER. BLANCA (100%)
138|Omanyte      |ROCK/WATER       |  35|  40| 100|  90|  55|  35|TORRENTE    |VENTOSAS    |MT46 (100%)
139|Omastar      |ROCK/WATER       |  70|  60| 125| 115|  70|  55|MÁS         |(?)         |LIMONADA (common)
140|Kabuto       |ROCK/WATER       |  30|  80|  90|  55|  45|  55|TORRENTE    |VENTOSAS    |MT19 (rare)
141|Kabutops     |ROCK/WATER       |  60| 115| 105|  65|  70|  80|SEQUÍA      |(?)         |
142|Aerodactyl   |ROCK/FLYING      |  80| 105|  65|  60|  75| 130|ENTUSIASMO  |(?)         |POKé MUÑECO (rare)
143|Snorlax      |NORMAL           | 160| 110|  65|  65| 110|  30|FOCO INTERNO|ELEC. ESTÁT.|FLAUTA AZUL (100%)
144|Articuno     |ICE/FLYING       |  90|  85| 100|  95| 125|  85|VELO AGUA   |AUSENTE     |
145|Zapdos       |ELECTRIC/FLYING  |  90|  90|  85| 125|  90| 100|MENOS       |DICHA       |
146|Moltres      |FIRE/FLYING      |  90| 100|  90| 125|  85|  90|ABSOR. AGUA |(?)         |MT39 (100%)
147|Dratini      |DRAGON           |  41|  64|  45|  50|  50|  50|EFEC. ESPORA|(?)         |POLVOESTELAR (common)
148|Dragonair    |DRAGON           |  61|  84|  65|  70|  70|  70|RECOGIDA    |PUNTO TÓXICO|BAYA MAIS (rare)
149|Dragonite    |DRAGON/FLYING    |  91| 134|  95| 100| 100|  80|ENERGÍA PURA|FOCO INTERNO|CINTA FOCUS (common), ÉTER MÁX. (rare)
150|Mewtwo       |PSYCHIC          | 106| 110|  90| 154|  90| 130|CUERPO PURO |(?)         |
151|Mew          |PSYCHIC          | 100| 100| 100| 100| 100| 100|IMÁN        |CAPARAZÓN   |
152|Chikorita    |GRASS            |  45|  49|  65|  49|  65|  45|PRESIÓN     |(?)         |MT41 (100%)
153|Bayleef      |GRASS            |  60|  62|  80|  63|  80|  60|PIEL TOSCA  |(?)         |
154|Meganium     |GRASS            |  80|  82| 100|  83| 100|  80|ELEC. ESTÁT.|POTENCIA    |MT22 (rare)
155|Cyndaquil    |FIRE             |  39|  52|  43|  60|  50|  65|LODO LÍQUIDO|HUMEDAD     |
156|Quilava      |FIRE             |  58|  64|  58|  80|  65|  80|AGALLAS     |(?)         |BAYA MONLI (rare)
157|Typhlosion   |FIRE             |  78|  84|  78| 109|  85| 100|MAR LLAMAS  |IMÁN        |MT42 (common), BAYA ZIDRA (rare)
158|Totodile     |WATER            |  50|  65|  64|  44|  48|  43|ABSOR. FUEGO|ESPESURA    |BAYA ORAM (rare)
159|Croconaw     |WATER            |  65|  80|  80|  59|  63|  58|ESPÍR. VITAL|GRAN ENCANTO|
160|Feraligatr   |WATER            |  85| 105| 100|  79|  83|  78|PRESIÓN     |PARARRAYOS  |
161|Sentret      |NORMAL           |  35|  46|  34|  35|  45|  20|ENTUSIASMO  |CORTE FUERTE|BAYA MAIS (common)
162|Furret       |NORMAL           |  85|  76|  64|  45|  55|  90|NADO RÁPIDO |(?)         |
163|Hoothoot     |NORMAL/FLYING    |  60|  30|  30|  36|  56|  50|MENOS       |ARMAD. BAT. |
164|Noctowl      |NORMAL/FLYING    | 100|  50|  50|  86|  96|  70|OJOCOMPUESTO|(?)         |CARTA IMÁN (rare)
165|Ledyba       |BUG/FLYING       |  40|  20|  30|  40|  80|  55|TORRENTE    |(?)         |
166|Ledian       |BUG/FLYING       |  55|  35|  50|  55| 110|  85|POLVO ESCUDO|CURA NATURAL|BAYA ZONLAN (rare)
167|Spinarak     |BUG/POISON       |  40|  60|  40|  40|  40|  30|VENTOSAS    |SEQUÍA      |
168|Ariados      |BUG/POISON       |  70|  90|  70|  60|  70|  40|GRAN ENCANTO|(?)         |LIMONADA (rare)
169|Crobat       |POISON/FLYING    |  85|  90|  80|  70|  80| 130|PIEL TOSCA  |(?)         |
170|Chinchou     |WATER/ELECTRIC   |  75|  38|  38|  56|  56|  67|ROBUSTEZ    |MUDAR       |
171|Lanturn      |WATER/ELECTRIC   | 125|  58|  58|  76|  76|  67|CLOROFILA   |(?)         |
172|Pichu        |ELECTRIC         |  20|  40|  15|  35|  35|  60|OJOCOMPUESTO|CABEZA ROCA |
173|Cleffa       |NORMAL           |  50|  25|  28|  45|  55|  15|EFEC. ESPORA|POTENCIA    |
174|Igglybuff    |NORMAL           |  90|  30|  15|  40|  20|  15|CUERPO PURO |(?)         |
175|Togepi       |NORMAL           |  35|  20|  65|  40|  65|  20|CUERPO PURO |(?)         |POLVOENERGÍA (common), REV.METÁLICO (rare)
176|Togetic      |NORMAL/FLYING    |  55|  40|  85|  80| 105|  40|MÁS         |(?)         |
177|Natu         |PSYCHIC/FLYING   |  40|  50|  45|  70|  45|  70|ILUMINACIÓN |CABEZA ROCA |
178|Xatu         |PSYCHIC/FLYING   |  65|  75|  70|  95|  70|  95|POLVO ESCUDO|ILUMINACIÓN |ARENA FINA (common), PAÑUELO ROSA (rare)
179|Mareep       |ELECTRIC         |  55|  40|  40|  65|  45|  35|POLVO ESCUDO|PIEL TOSCA  |CARAMELORARO (common), CARTA MADERA (rare)
180|Flaaffy      |ELECTRIC         |  70|  55|  55|  80|  60|  45|PRESIÓN     |(?)         |
181|Ampharos     |ELECTRIC         |  90|  75|  85| 115|  90|  55|MUDAR       |(?)         |
182|Bellossom    |GRASS            |  75|  80|  95|  90| 100|  50|ABSOR. ELEC.|CHORRO ARENA|
183|Marill       |WATER            |  70|  20|  50|  20|  50|  40|BUCLE AIRE  |INMUNIDAD   |DIRECTO (common), POLVOESTELAR (rare)
184|Azumarill    |WATER            | 100|  50|  80|  60|  80|  50|LLOVIZNA    |(?)         |MT43 (rare)
185|Sudowoodo    |ROCK             |  70| 100| 115|  30|  65|  30|VISCOSIDAD  |(?)         |MT31 (rare)
186|Politoed     |WATER            |  90|  75|  75|  90| 100|  70|AUSENTE     |POLVO ESCUDO|MT11 (common)
187|Hoppip       |GRASS/FLYING     |  35|  35|  40|  35|  55|  50|MENOS       |ILUMINACIÓN |BAYA AOSTAN (common)
188|Skiploom     |GRASS/FLYING     |  55|  45|  50|  45|  65|  80|ESCAMA ESP. |(?)         |
189|Jumpluff     |GRASS/FLYING     |  75|  55|  70|  55|  95| 110|PIEL TOSCA  |(?)         |
190|Aipom        |NORMAL           |  55|  70|  55|  40|  55|  85|PUNTO TÓXICO|(?)         |
191|Sunkern      |GRASS            |  30|  30|  30|  30|  30|  30|CHORRO ARENA|(?)         |MÁX. POCIÓN (common)
192|Sunflora     |GRASS            |  75|  75|  55| 105|  85|  30|BUCLE AIRE  |(?)         |
193|Yanma        |BUG/FLYING       |  65|  65|  45|  75|  45|  95|FUGA        |(?)         |PUÑO SUERTE (common)
194|Wooper       |WATER/GROUND     |  55|  45|  45|  25|  25|  15|HUMO BLANCO |(?)         |
195|Quagsire     |WATER/GROUND     |  95|  85|  85|  65|  65|  35|MÁS         |VELO ARENA  |
196|Espeon       |PSYCHIC          |  65|  65|  60| 130|  95| 110|PUNTO TÓXICO|(?)         |
197|Umbreon      |DARK             |  95|  65| 110|  60| 130|  65|IMÁN        |(?)         |
198|Murkrow      |DARK/FLYING      |  60|  85|  42|  85|  42|  91|TORRENTE    |(?)         |IMÁN (rare)
199|Slowking     |WATER/PSYCHIC    |  95|  75|  80| 100| 110|  30|MADRUGAR    |ARMAD. BAT. |
200|Misdreavus   |GHOST            |  60|  60|  60|  85|  85|  85|MAR LLAMAS  |CORTE FUERTE|MT08 (common)
201|Unown        |PSYCHIC          |  48|  72|  48|  72|  48|  48|CHORRO ARENA|(?)         |REFRESCO (common), BAYA SAFRE (rare)
202|Wobbuffet    |PSYCHIC          | 190|  33|  58|  33|  58|  33|SOMBRATRAMPA|(?)         |
203|Girafarig    |NORMAL/PSYCHIC   |  70|  80|  65|  90|  65|  85|TORRENTE    |(?)         |HIPERPOCIÓN (rare)
204|Pineco       |BUG              |  50|  65|  90|  35|  35|  15|MÁS         |RECOGIDA    |MT43 (common)
205|Forretress   |BUG/STEEL        |  75|  90| 140|  60|  60|  40|CAPARAZÓN   |(?)         |MT07 (common), MÁX. PP (rare)
206|Dunsparce    |NORMAL           | 100|  70|  70|  65|  65|  45|RECOGIDA    |(?)         |
207|Gligar       |GROUND/FLYING    |  65|  75| 105|  35|  65|  85|FUGA        |(?)         |
208|Steelix      |STEEL/GROUND     |  75|  85| 200|  55|  65|  30|POLVO ESCUDO|(?)         |
209|Snubbull     |NORMAL           |  60|  80|  50|  40|  40|  30|CURA NATURAL|GRAN ENCANTO|
210|Granbull     |NORMAL           |  90| 120|  75|  60|  60|  45|LLOVIZNA    |CAPARAZÓN   |MT48 (common)
211|Qwilfish     |WATER/POISON     |  65|  95|  85|  55|  55|  85|CUERPO LLAMA|(?)         |
212|Scizor       |BUG/STEEL        |  70| 130| 100|  55|  80|  65|ENERGÍA PURA|RITMO PROPIO|POLVO PLATA (common), P. AMARILLO (rare)
213|Shuckle      |BUG/ROCK         |  20|  10| 230|  10| 230|   5|VELO ARENA  |(?)         |PAÑ. VERDE (100%)
214|Heracross    |BUG/FIGHTING     |  80| 125|  75|  40|  95|  85|CUERPO PURO |PRESIÓN     |LIMONADA (rare)
215|Sneasel      |DARK/ICE         |  55|  95|  55|  35|  75| 115|SOMBRATRAMPA|(?)         |
216|Teddiursa    |NORMAL           |  60|  80|  50|  50|  50|  40|VELO ARENA  |PIEL TOSCA  |MT32 (common), GAFAS DE SOL (rare)
217|Ursaring     |NORMAL           |  90| 130|  75|  75|  75|  55|INMUNIDAD   |(?)         |
218|Slugma       |FIRE             |  40|  40|  40|  70|  40|  20|VISCOSIDAD  |CURA LLUVIA |BAYA HIGOG (common), ESC. CORAZÓN (rare)
219|Magcargo     |FIRE/ROCK        |  60|  50| 120|  90|  80|  30|MENOS       |(?)         |SAFARI BALL (common), PERLA GRANDE (rare)
220|Swinub       |ICE/GROUND       |  50|  50|  40|  30|  30|  50|RITMO PROPIO|RASTRO      |SAFARI BALL (100%)
221|Piloswine    |ICE/GROUND       | 100| 100|  80|  60|  60|  50|VENTOSAS    |(?)         |
222|Corsola      |WATER/ROCK       |  65|  55|  95|  65|  95|  35|OJOCOMPUESTO|INSONORIZAR |MT30 (common)
223|Remoraid     |WATER            |  35|  65|  35|  65|  35|  65|CURA LLUVIA |HUMO BLANCO |
224|Octillery    |WATER            |  75| 105|  75| 105|  75|  45|HUMEDAD     |VELO ARENA  |
225|Delibird     |ICE/FLYING       |  45|  55|  45|  65|  45|  75|SEQUÍA      |DICHA       |
226|Mantine      |WATER/FLYING     |  85|  40|  70|  80| 140|  70|VELO AGUA   |CAPARAZÓN   |
227|Skarmory     |STEEL/FLYING     |  65|  80| 140|  40|  70|  70|ABSOR. ELEC.|(?)         |ÉTER (common)
228|Houndour     |DARK/FIRE        |  45|  60|  30|  80|  50|  65|ENJAMBRE    |ABSOR. FUEGO|MT38 (100%)
229|Houndoom     |DARK/FIRE        |  75|  90|  50| 110|  80|  95|VISTA LINCE |(?)         |MT09 (common)
230|Kingdra      |WATER/DRAGON     |  75|  95|  95|  95|  95|  85|AUSENTE     |(?)         |RESTOS (100%)
231|Phanpy       |GROUND           |  90|  60|  60|  40|  40|  40|CAPARAZÓN   |(?)         |ELIXIR MÁX. (common), BAYA ALGAMA (rare)
232|Donphan      |GROUND           |  90| 120| 120|  60|  60|  50|POTENCIA    |(?)         |
233|Porygon2     |NORMAL           |  85|  80|  90| 105|  95|  60|ENTUSIASMO  |(?)         |PAÑUELO ROJO (100%)
234|Stantler     |NORMAL           |  73|  95|  62|  85|  65|  85|INSOMNIO    |(?)         |HECHIZO (rare)
235|Smeargle     |NORMAL           |  55|  20|  35|  20|  45|  75|ELEC. ESTÁT.|(?)         |BAYA MELUCE (100%)
236|Tyrogue      |FIGHTING         |  35|  35|  35|  35|  35|  35|HUMEDAD     |LEVITACIÓN  |
237|Hitmontop    |FIGHTING         |  50|  95|  95|  35| 110|  70|ESCUDO MAGMA|(?)         |
238|Smoochum     |ICE/PSYCHIC      |  45|  30|  15|  85|  65|  65|CUERPO LLAMA|(?)         |BAYA MELUCE (rare)
239|Elekid       |ELECTRIC         |  45|  63|  37|  65|  55|  95|ESPESURA    |(?)         |
240|Magby        |FIRE             |  45|  75|  37|  70|  55|  83|POLVO ESCUDO|(?)         |PAÑUELO SEDA (common)
241|Miltank      |NORMAL           |  95|  80| 105|  40|  70| 100|IMÁN        |(?)         |FL. BLANCA (100%)
242|Blissey      |NORMAL           | 255|  10|  10|  75| 135|  55|ILUMINACIÓN |(?)         |
243|Raikou       |ELECTRIC         |  90|  85|  75| 115| 100| 115|AUSENTE     |(?)         |BAYA ZIDRA (common)
244|Entei        |FIRE             | 115| 115|  85|  90|  75| 100|ESCUDO MAGMA|FLEXIBILIDAD|
245|Suicune      |WATER            | 100|  75| 115|  90| 115|  85|HUMEDAD     |(?)         |
246|Larvitar     |ROCK/GROUND      |  50|  64|  50|  45|  50|  41|CAPARAZÓN   |(?)         |
247|Pupitar      |ROCK/GROUND      |  70|  84|  70|  65|  70|  51|VELO AGUA   |SOMBRATRAMPA|PRECISIÓN X (common)
248|Tyranitar    |ROCK/DARK        | 100| 134| 110|  95| 100|  61|OJOCOMPUESTO|HUMEDAD     |ELIXIR MÁX. (common), NIDO BALL (rare)
249|Lugia        |PSYCHIC/FLYING   | 106|  90| 130|  90| 154| 110|VELO ARENA  |BUCLE AIRE  |ZINC (rare)
250|Ho-Oh        |FIRE/FLYING      | 106| 130|  90| 110| 154|  90|CUERPO PURO |ESCUDO MAGMA|
251|Celebi       |PSYCHIC/GRASS    | 100| 100| 100| 100| 100| 100|CLOROFILA   |INSONORIZAR |ARENA FINA (100%)
252|Treecko      |GRASS            |  40|  45|  35|  65|  55|  70|CHORRO ARENA|(?)         |BAYA WIKANO (common), LECHE MU-MU (rare)
253|Grovyle      |GRASS            |  50|  65|  45|  85|  65|  95|HUMEDAD     |(?)         |PARTE VERDE (common)
254|Sceptile     |GRASS            |  70|  85|  65| 105|  85| 120|RASTRO      |SOMBRATRAMPA|
255|Torchic      |FIRE             |  45|  60|  40|  70|  50|  45|INTIMIDACIÓN|CURA NATURAL|BAYA ATANIA (rare)
256|Combusken    |FIRE/FIGHTING    |  60|  85|  60|  85|  60|  55|AUSENTE     |(?)         |
257|Blaziken     |FIRE/FIGHTING    |  80| 120|  70| 110|  70|  80|RECOGIDA    |(?)         |MEJORA (common)
258|Mudkip       |WATER            |  50|  70|  50|  50|  50|  40|AUSENTE     |LLOVIZNA    |MÁS PP (common), MT06 (rare)
259|Marshtomp    |WATER/GROUND     |  70|  85|  70|  60|  70|  50|ELEC. ESTÁT.|(?)         |
260|Swampert     |WATER/GROUND     | 100| 110|  90|  85|  90|  60|INSONORIZAR |SOMBRATRAMPA|AGUA FRESCA (common)
261|Poochyena    |DARK             |  35|  55|  35|  30|  30|  35|RASTRO      |ABSOR. AGUA |
262|Mightyena    |DARK             |  70|  90|  70|  60|  60|  70|INSOMNIO    |VISCOSIDAD  |
263|Zigzagoon    |NORMAL           |  38|  30|  41|  30|  41|  60|ILUMINACIÓN |SOMBRATRAMPA|P. AMARILLO (common)
264|Linoone      |NORMAL           |  78|  70|  61|  50|  61| 100|INSOMNIO    |(?)         |
265|Wurmple      |BUG              |  45|  45|  35|  20|  30|  20|VISTA LINCE |DICHA       |HIER. MENTAL (common)
266|Silcoon      |BUG              |  50|  35|  55|  25|  25|  15|VELO AGUA   |(?)         |
267|Beautifly    |BUG/FLYING       |  60|  70|  50| 100|  50|  65|PUNTO TÓXICO|CURA NATURAL|
268|Cascoon      |BUG              |  50|  35|  55|  25|  25|  15|IMÁN        |(?)         |
269|Dustox       |BUG/POISON       |  60|  50|  70|  50|  90|  65|PIEL TOSCA  |(?)         |
270|Lotad        |WATER/GRASS      |  40|  30|  30|  40|  50|  30|INMUNIDAD   |CUERPO PURO |
271|Lombre       |WATER/GRASS      |  60|  50|  50|  60|  70|  50|ABSOR. ELEC.|CUERPO PURO |
272|Ludicolo     |WATER/GRASS      |  80|  70|  70|  90| 100|  70|PARARRAYOS  |(?)         |CARTA FAB. (rare)
273|Seedot       |GRASS            |  40|  40|  50|  30|  30|  30|TORRENTE    |(?)         |
274|Nuzleaf      |GRASS/DARK       |  70|  70|  40|  60|  40|  60|LEVITACIÓN  |(?)         |CARTA PUERTO (common), MT45 (rare)
275|Shiftry      |GRASS/DARK       |  90| 100|  60|  90|  60|  80|PIEL TOSCA  |(?)         |
276|Taillow      |NORMAL/FLYING    |  40|  55|  30|  30|  30|  85|ESPESURA    |ABSOR. AGUA |
277|Swellow      |NORMAL/FLYING    |  60|  85|  60|  75|  50| 125|SEQUÍA      |(?)         |
278|Wingull      |WATER/FLYING     |  40|  30|  30|  55|  30|  85|GRAN ENCANTO|(?)         |CARTA SUEÑO (common)
279|Pelipper     |WATER/FLYING     |  60|  50| 100|  95|  70|  65|IMPULSO     |CUERPO LLAMA|HUESO GRUESO (100%)
280|Ralts        |PSYCHIC          |  28|  25|  25|  45|  35|  40|HUMEDAD     |(?)         |ESCAMADRAGÓN (common), SAFARI BALL (rare)
281|Kirlia       |PSYCHIC          |  38|  35|  35|  65|  55|  50|PRESIÓN     |(?)         |
282|Gardevoir    |PSYCHIC          |  68|  65|  65| 125| 115|  80|ABSOR. ELEC.|(?)         |
283|Surskit      |BUG/WATER        |  40|  30|  32|  50|  52|  65|SINCRONÍA   |(?)         |HONOR BALL (common), PRECISIÓN X (rare)
284|Masquerain   |BUG/FLYING       |  70|  60|  62| 100|  82|  80|INSOMNIO    |PIEL TOSCA  |POCIÓN (rare)
285|Shroomish    |GRASS            |  60|  40|  60|  40|  60|  35|CORTE FUERTE|(?)         |CARTA IMAGEN (rare)
286|Breloom      |GRASS/FIGHTING   |  60| 130|  80|  60|  60|  70|CAMBIO COLOR|(?)         |
287|Slakoth      |NORMAL           |  60|  60|  60|  35|  35|  30|VELO ARENA  |SOMBRATRAMPA|REPARTIR EXP (common), BAYA WIKI (rare)
288|Vigoroth     |NORMAL           |  80|  80|  80|  55|  55|  90|MAR LLAMAS  |(?)         |
289|Slaking      |NORMAL           | 150| 160| 100|  95|  65| 100|ESCUDO MAGMA|(?)         |
290|Nincada      |BUG/GROUND       |  31|  45|  90|  30|  30|  40|ARMAD. BAT. |VENTOSAS    |POL.CURACIÓN (common)
291|Ninjask      |BUG/FLYING       |  61|  90|  45|  50|  50| 160|LLOVIZNA    |(?)         |
292|Shedinja     |BUG/GHOST        |   1|  90|  45|  30|  30|  40|SUPERGUARDA.|(?)         |PROTEÍNA (common)
293|Whismur      |NORMAL           |  64|  51|  23|  51|  23|  28|GRAN ENCANTO|(?)         |
294|Loudred      |NORMAL           |  84|  71|  43|  71|  43|  48|TORRENTE    |(?)         |MT30 (rare)
295|Exploud      |NORMAL           | 104|  91|  63|  91|  73|  68|FLEXIBILIDAD|(?)         |MT05 (common)
296|Makuhita     |FIGHTING         |  72|  60|  30|  20|  30|  25|PIEL TOSCA  |ILUMINACIÓN |
297|Hariyama     |FIGHTING         | 144| 120|  60|  40|  60|  50|INTIMIDACIÓN|(?)         |
298|Azurill      |NORMAL           |  50|  20|  40|  20|  40|  20|DICHA       |CURA LLUVIA |BAYA GRANA (rare)
299|Nosepass     |ROCK             |  30|  45| 135|  45|  90|  30|MADRUGAR    |ABSOR. ELEC.|POKé BALL (rare)
300|Skitty       |NORMAL           |  50|  45|  45|  35|  35|  50|POLVO ESCUDO|(?)         |
301|Delcatty     |NORMAL           |  70|  65|  65|  55|  55|  90|PUNTO TÓXICO|VISTA LINCE |
302|Sableye      |DARK/GHOST       |  50|  75|  75|  65|  65|  50|CUERPO LLAMA|(?)         |
303|Mawile       |STEEL            |  50|  85|  85|  55|  55|  50|ABSOR. AGUA |(?)         |
304|Aron         |STEEL/ROCK       |  50|  70| 100|  40|  40|  30|ENERGÍA PURA|FUGA        |ÉTER (common), SAFARI BALL (rare)
305|Lairon       |STEEL/ROCK       |  60|  90| 140|  50|  50|  40|BUCLE AIRE  |RECOGIDA    |
306|Aggron       |STEEL/ROCK       |  70| 110| 180|  60|  60|  50|RITMO PROPIO|CAMBIO COLOR|SUPERREPEL (rare)
307|Meditite     |FIGHTING/PSYCHIC |  30|  40|  55|  40|  55|  60|IMÁN        |(?)         |
308|Medicham     |FIGHTING/PSYCHIC |  60|  60|  75|  60|  75|  80|INSONORIZAR |(?)         |CAMP. ALIVIO (common), SUPERREPEL (rare)
309|Electrike    |ELECTRIC         |  40|  45|  40|  65|  40|  65|VELO ARENA  |(?)         |
310|Manectric    |ELECTRIC         |  70|  75|  60| 105|  60| 105|GRAN ENCANTO|MENOS       |
311|Plusle       |ELECTRIC         |  60|  50|  40|  85|  75|  95|INMUNIDAD   |(?)         |HECHIZO (rare)
312|Minun        |ELECTRIC         |  60|  40|  50|  75|  85|  95|SEQUÍA      |(?)         |
313|Volbeat      |BUG              |  65|  73|  75|  47|  85|  85|ESPÍR. VITAL|ENERGÍA PURA|ELIXIR (rare)
314|Illumise     |BUG              |  65|  47|  75|  73|  85|  85|ESPÍR. VITAL|FLEXIBILIDAD|
315|Roselia      |GRASS/POISON     |  50|  60|  45| 100|  80|  65|FUGA        |SINCRONÍA   |
316|Gulpin       |POISON           |  70|  43|  53|  43|  53|  40|ESPESURA    |ESCUDO MAGMA|
317|Swalot       |POISON           | 100|  73|  83|  73|  83|  55|DICHA       |ENJAMBRE    |
318|Carvanha     |WATER/DARK       |  45|  90|  20|  65|  20|  65|VELO ARENA  |LEVITACIÓN  |GARRA RÁPIDA (common), PICO AFILADO (rare)
319|Sharpedo     |WATER/DARK       |  70| 120|  40|  95|  40|  95|RASTRO      |(?)         |DESPERTAR (rare)
320|Wailmer      |WATER            | 130|  70|  35|  70|  35|  60|RITMO PROPIO|RECOGIDA    |
321|Wailord      |WATER            | 170|  90|  45|  90|  45|  60|PRESIÓN     |(?)         |
322|Numel        |FIRE/GROUND      |  60|  60|  40|  65|  45|  35|SEBO        |SEQUÍA      |MÁX. PP (100%)
323|Camerupt     |FIRE/GROUND      |  70| 100|  70| 105|  75|  40|ESPESURA    |MADRUGAR    |BAYA ASLAC (100%)
324|Torkoal      |FIRE             |  70|  85| 140|  85|  70|  20|RECOGIDA    |(?)         |
325|Spoink       |PSYCHIC          |  60|  25|  35|  70|  80|  60|TRAMPA ARENA|MÁS         |
326|Grumpig      |PSYCHIC          |  80|  45|  65|  90| 110|  80|FUGA        |(?)         |AMULETO (common), HIERRO (rare)
327|Spinda       |NORMAL           |  60|  60|  60|  60|  60|  60|OJOCOMPUESTO|(?)         |MT33 (common), MT31 (rare)
328|Trapinch     |GROUND           |  45| 100|  45|  45|  45|  10|ROBUSTEZ    |AGALLAS     |
329|Vibrava      |GROUND/DRAGON    |  50|  70|  50|  50|  50|  70|CAMBIO COLOR|AUSENTE     |
330|Flygon       |GROUND/DRAGON    |  80| 100|  80|  80|  80| 100|AGALLAS     |VISTA LINCE |
331|Cacnea       |GRASS            |  50|  85|  40|  85|  40|  35|MUDAR       |RASTRO      |
332|Cacturne     |GRASS/DARK       |  70| 115|  60| 115|  60|  55|FOCO INTERNO|(?)         |BAYA ARANJA (common), FLECHA VEN. (rare)
333|Swablu       |NORMAL/FLYING    |  45|  40|  60|  40|  75|  50|AUSENTE     |ELEC. ESTÁT.|
334|Altaria      |DRAGON/FLYING    |  75|  70|  90|  70| 105|  80|MENOS       |(?)         |
335|Zangoose     |NORMAL           |  73| 115|  60|  60|  60|  90|GRAN ENCANTO|ACLIMATACIÓN|
336|Seviper      |POISON           |  73| 100|  60| 100|  60|  65|RECOGIDA    |ABSOR. AGUA |
337|Lunatone     |ROCK/PSYCHIC     |  90|  55|  65|  95|  85|  70|RITMO PROPIO|(?)         |TURNO BALL (common)
338|Solrock      |ROCK/PSYCHIC     |  90|  95|  85|  55|  65|  70|ABSOR. AGUA |ENERGÍA PURA|
339|Barboach     |WATER/GROUND     |  50|  48|  43|  46|  41|  60|ROBUSTEZ    |OJOCOMPUESTO|BAYA TAMATE (rare)
340|Whiscash     |WATER/GROUND     | 110|  78|  73|  76|  71|  60|LLOVIZNA    |(?)         |
341|Corphish     |WATER            |  43|  80|  65|  50|  35|  35|VISCOSIDAD  |(?)         |ANTIQUEMAR (common), REPELENTE (rare)
342|Crawdaunt    |WATER/DARK       |  63| 120|  85|  90|  55|  55|DESPISTE    |FUGA        |
343|Baltoy       |GROUND/PSYCHIC   |  40|  40|  55|  40|  70|  55|INMUNIDAD   |(?)         |
344|Claydol      |GROUND/PSYCHIC   |  60|  70| 105|  70| 120|  75|INSOMNIO    |(?)         |BAYA ZIUELA (common), ARENA FINA (rare)
345|Lileep       |ROCK/GRASS       |  66|  41|  77|  61|  87|  23|VISTA LINCE |(?)         |BAYA YAPATI (common), LECHE MU-MU (rare)
346|Cradily      |ROCK/GRASS       |  86|  81|  97|  81| 107|  43|CORTE FUERTE|(?)         |ZINC (common), CARTA SUEÑO (rare)
347|Anorith      |ROCK/BUG         |  45|  95|  50|  40|  50|  75|MÁS         |(?)         |ESCAMA MAR. (100%)
348|Armaldo      |ROCK/BUG         |  75| 125| 100|  70|  80|  45|PIEL TOSCA  |MAR LLAMAS  |CINT. NEGRO (common), CARBÓN (rare)
349|Feebas       |WATER            |  20|  15|  20|  10|  55|  80|INSONORIZAR |(?)         |
350|Milotic      |WATER            |  95|  60|  79| 100| 125|  81|VISTA LINCE |FLEXIBILIDAD|
351|Castform     |NORMAL           |  70|  70|  70|  70|  70|  70|ARMAD. BAT. |MADRUGAR    |MALLA BALL (100%)
352|Kecleon      |NORMAL           |  60|  90|  70|  60| 120|  40|SOMBRATRAMPA|(?)         |
353|Shuppet      |GHOST            |  44|  75|  35|  63|  33|  45|CHORRO ARENA|(?)         |ZUMO DE BAYA (rare)
354|Banette      |GHOST            |  64| 115|  65|  83|  63|  65|PRESIÓN     |(?)         |
355|Duskull      |GHOST            |  20|  40|  90|  30|  90|  25|HEDOR       |INTIMIDACIÓN|CARTA SOMBRA (common)
356|Dusclops     |GHOST            |  40|  70| 130|  60| 130|  25|TORRENTE    |IMPULSO     |POL.CURACIÓN (common), FLECHA VEN. (rare)
357|Tropius      |GRASS/FLYING     |  99|  68|  83|  72|  87|  51|BUCLE AIRE  |(?)         |
358|Chimecho     |PSYCHIC          |  75|  50|  80|  95|  90|  65|CORTE FUERTE|(?)         |DIENTE MAR. (100%)
359|Absol        |DARK             |  65| 130|  60|  75|  60|  75|MAR LLAMAS  |VELO AGUA   |
360|Wynaut       |PSYCHIC          |  95|  23|  48|  23|  48|  23|FUGA        |MADRUGAR    |
361|Snorunt      |ICE              |  50|  50|  50|  50|  50|  50|PRESIÓN     |BUCLE AIRE  |MT03 (common)
362|Glalie       |ICE              |  80|  80|  80|  80|  80|  80|PIEL TOSCA  |(?)         |
363|Spheal       |ICE/WATER        |  70|  40|  50|  55|  50|  25|ILUMINACIÓN |CUERPO PURO |
364|Sealeo       |ICE/WATER        |  90|  60|  70|  75|  70|  45|VISCOSIDAD  |VELO AGUA   |
365|Walrein      |ICE/WATER        | 110|  80|  90|  95|  90|  65|LEVITACIÓN  |ENERGÍA PURA|GARRA RÁPIDA (rare)
366|Clamperl     |WATER            |  35|  64|  85|  74|  55|  32|INTIMIDACIÓN|CLOROFILA   |
367|Huntail      |WATER            |  55| 104| 105|  94|  75|  52|VELO ARENA  |(?)         |
368|Gorebyss     |WATER            |  55|  84| 105| 114|  75|  52|TORRENTE    |CHORRO ARENA|
369|Relicanth    |WATER/ROCK       | 100|  90| 130|  45|  65|  55|OJOCOMPUESTO|VENTOSAS    |
370|Luvdisc      |WATER            |  43|  30|  55|  40|  65|  97|VELO AGUA   |VENTOSAS    |
371|Bagon        |DRAGON           |  45|  75|  60|  40|  30|  50|DICHA       |(?)         |
372|Shelgon      |DRAGON           |  65|  95| 100|  60|  50|  50|CURA NATURAL|(?)         |
373|Salamence    |DRAGON/FLYING    |  95| 135|  80| 110|  80| 100|MAR LLAMAS  |(?)         |PARTE ROJA (common), ESPECIAL X (rare)
374|Beldum       |STEEL/PSYCHIC    |  40|  55|  80|  35|  60|  30|ENJAMBRE    |(?)         |
375|Metang       |STEEL/PSYCHIC    |  60|  75| 100|  55|  80|  50|RASTRO      |(?)         |HECHIZO (common)
376|Metagross    |STEEL/PSYCHIC    |  80| 135| 130|  95|  90|  70|SINCRONÍA   |TORRENTE    |
377|Regirock     |ROCK             |  80| 100| 200|  50| 100|  50|ESPÍR. VITAL|(?)         |
378|Regice       |ICE              |  80|  50| 100| 100| 200|  50|EFEC. ESPORA|ABSOR. ELEC.|
379|Registeel    |STEEL            |  80|  75| 150|  75| 150|  50|PRESIÓN     |(?)         |
380|Latias       |DRAGON/PSYCHIC   |  80|  80|  90| 110| 130| 110|ENERGÍA PURA|(?)         |MT07 (100%)
381|Latios       |DRAGON/PSYCHIC   |  80|  90|  80| 130| 110| 110|MENOS       |PRESIÓN     |MON. AMULETO (common)
382|Kyogre       |WATER            | 100| 100|  90| 150| 140|  90|CAMBIO COLOR|(?)         |
383|Groudon      |GROUND           | 100| 150| 140| 100|  90|  90|FOCO INTERNO|SINCRONÍA   |MT44 (common)
384|Rayquaza     |DRAGON/FLYING    | 105| 150|  90| 150|  90|  95|ILUMINACIÓN |(?)         |MT41 (common)
385|Jirachi      |STEEL/PSYCHIC    | 100| 100| 100| 100| 100| 100|POTENCIA    |PUNTO TÓXICO|BAYA GONLAN (100%)
386|Deoxys       |PSYCHIC          |  50| 180|  20| 180|  20| 150|INMUNIDAD   |(?)         |RAÍZ ENERGÍA (100%)

--Removing Impossible Evolutions--
Poliwhirl       -> Politoed        at level 37
Kadabra         -> Alakazam        at level 37
Machoke         -> Machamp         at level 37
Graveler        -> Golem           at level 37
Slowpoke        -> Slowking        using a PIEDRA AGUA
Haunter         -> Gengar          at level 37
Onix            -> Steelix         at level 30
Seadra          -> Kingdra         at level 40
Scyther         -> Scizor          at level 30
Eevee           -> Espeon          using a PIEDRA SOLAR
Eevee           -> Umbreon         using a PIEDRA LUNAR
Porygon         -> Porygon2        at level 30
Feebas          -> Milotic         at level 35
Clamperl        -> Huntail         at level 30
Clamperl        -> Gorebyss        using a PIEDRA AGUA

--Random 2-Evolution Starters--
Set starter 1 to Dratini
Set starter 2 to Seedot
Set starter 3 to Treecko

--Pokemon Movesets--
001 Bulbasaur -> Ivysaur
HP  45 
ATK 49 
DEF 49 
SPA 65 
SPD 65 
SPE 45 
Level 1 : PARANORMAL
Level 4 : METRÓNOMO
Level 7 : MASA CÓSMICA
Level 10: RONQUIDO
Level 15: MEGAPATADA
Level 15: MORDISCO
Level 20: CAMELO
Level 25: POLVO VENENO
Level 32: NIEBLA
Level 39: ONDA TRUENO
Level 46: ATAQUE ALA
Egg Moves:
 - ESTÍMULO
 - PATADA SALTO
 - MEDITACIÓN
 - DOBLE EQUIPO
 - RAYO AURORA
 - CHIRRIDO
 - ALIVIO
 - MEGACUERNO

002 Ivysaur -> Venusaur
HP  60 
ATK 62 
DEF 63 
SPA 80 
SPD 80 
SPE 60 
Level 1 : TRUCO
Level 1 : ANTOJO
Level 1 : HIDROCAÑÓN
Level 4 : LENGÜETAZO
Level 7 : HOJA AGUDA
Level 10: VIENTO PLATA
Level 15: PLANTA FEROZ
Level 15: RÁFAGA
Level 22: FUERZA BRUTA
Level 29: TAJO CRUZADO
Level 38: DERRIBO
Level 47: PESADILLA
Level 56: VENTISCA

003 Venusaur ->  (no evolution)
HP  80 
ATK 82 
DEF 83 
SPA 100
SPD 100
SPE 80 
Level 1 : SUMISIÓN
Level 1 : LANZALLAMAS
Level 1 : SÍNTESIS
Level 1 : MORDISCO
Level 4 : ESCUPIR
Level 7 : CAMPANA CURA
Level 10: GAS VENENOSO
Level 15: FRUSTRACIÓN
Level 15: TORBELLINO
Level 22: RONQUIDO
Level 29: DISP. LODO
Level 41: MOV. ESPEJO
Level 53: HIDROBOMBA
Level 65: CABEZAZO

004 Charmander -> Charmeleon
HP  39 
ATK 52 
DEF 43 
SPA 60 
SPD 50 
SPE 65 
Level 1 : DESEO OCULTO
Level 1 : MARTILLAZO
Level 7 : PESADILLA
Level 13: SONÁMBULO
Level 19: HUESO PALO
Level 25: FINTA
Level 31: TELÉPATA
Level 37: CARA SUSTO
Level 43: OTRA VEZ
Level 49: TAJO CRUZADO
Egg Moves:
 - AVALANCHA
 - DESEO
 - ATADURA
 - LEGADO
 - RECUPERACIÓN
 - CHAPOTEOLODO
 - ARMAD. ÁCIDA
 - SOFOCO

005 Charmeleon -> Charizard
HP  58 
ATK 64 
DEF 58 
SPA 80 
SPD 65 
SPE 80 
Level 1 : DANZA ESPADA
Level 1 : PUÑO METEORO
Level 1 : RECURRENTE
Level 7 : REFLEJO
Level 13: TORMENTO
Level 20: PAT. S. ALTA
Level 27: RELEVO
Level 34: PUÑO HIELO
Level 41: MAGNITUD
Level 48: RAYO CONFUSO
Level 55: CUCHILLADA

006 Charizard ->  (no evolution)
HP  78 
ATK 84 
DEF 78 
SPA 109
SPD 85 
SPE 100
Level 1 : CONVERSIÓN2
Level 1 : VIENTO PLATA
Level 1 : BRAZO PINCHO
Level 1 : DRAGOALIENTO
Level 1 : PUÑO TRUENO
Level 7 : PSICOATAQUE
Level 13: SUMISIÓN
Level 20: TORNADO
Level 27: LLAMARADA
Level 34: CAMELO
Level 36: MEGAAGOTAR
Level 44: BARRERA
Level 54: AT. RÁPIDO
Level 64: GIRO FUEGO

007 Squirtle -> Wartortle
HP  44 
ATK 48 
DEF 65 
SPA 50 
SPD 64 
SPE 43 
Level 1 : GIRO RÁPIDO
Level 4 : TRIATAQUE
Level 7 : DOBLE RAYO
Level 10: ATAQUE FURIA
Level 13: ESPORA
Level 18: MALICIOSO
Level 23: CAPA MÁGICA
Level 28: TORMENTO
Level 33: AFILAR
Level 40: TÓXICO
Level 47: PARALIZADOR
Egg Moves:
 - PAZ MENTAL
 - SUPERSÓNICO
 - ONDA TRUENO
 - PICOTAZO
 - ROBO
 - CHISPA
 - CAPA MÁGICA
 - DÍA SOLEADO

008 Wartortle -> Blastoise
HP  59 
ATK 63 
DEF 80 
SPA 65 
SPD 80 
SPE 58 
Level 1 : VELO SAGRADO
Level 1 : CICLÓN
Level 1 : BOMBA LODO
Level 4 : BOMBA SÓNICA
Level 7 : RAYO HIELO
Level 10: RETROCESO
Level 13: CANTO
Level 19: GIRO FUEGO
Level 25: MASA CÓSMICA
Level 31: DRENADORAS
Level 37: IMITACIÓN
Level 45: TÓXICO
Level 53: ATAQUE FURIA

009 Blastoise ->  (no evolution)
HP  79 
ATK 83 
DEF 100
SPA 85 
SPD 105
SPE 78 
Level 1 : CLAVO CAÑÓN
Level 1 : AULLIDO
Level 1 : AFILAR
Level 1 : DAÑO SECRETO
Level 4 : RUEDA FUEGO
Level 7 : BOMBA SÓNICA
Level 10: BOFETÓN LODO
Level 13: DANZA CAOS
Level 19: ATAQUE ALA
Level 25: CUCHILLADA
Level 31: BOLA NEBLINA
Level 42: PSICOONDA
Level 55: LADRÓN
Level 68: RABIA

010 Caterpie -> Metapod
HP  45 
ATK 30 
DEF 35 
SPA 20 
SPD 20 
SPE 45 
Level 1 : TELETRANSP
Level 1 : BOMBA HUEVO

011 Metapod -> Butterfree
HP  50 
ATK 20 
DEF 55 
SPA 25 
SPD 25 
SPE 30 
Level 1 : CLAVO CAÑÓN
Level 7 : VEL. EXTREMA

012 Butterfree ->  (no evolution)
HP  60 
ATK 45 
DEF 50 
SPA 90 
SPD 80 
SPE 70 
Level 1 : CONFUSIÓN
Level 10: FINTA
Level 13: ATRACCIÓN
Level 14: SUSTITUTO
Level 15: SONÁMBULO
Level 18: AFILAR
Level 23: CONTADOR
Level 28: BOMBA SÓNICA
Level 34: MANTO ESPEJO
Level 40: COLA VENENO
Level 47: RELEVO

013 Weedle -> Kakuna
HP  40 
ATK 35 
DEF 30 
SPA 20 
SPD 20 
SPE 50 
Level 1 : ENFADO
Level 1 : GARRA DRAGÓN

014 Kakuna -> Beedrill
HP  45 
ATK 25 
DEF 50 
SPA 25 
SPD 25 
SPE 35 
Level 1 : VIENTO HIELO
Level 7 : CONVERSIÓN2

015 Beedrill ->  (no evolution)
HP  65 
ATK 90 
DEF 40 
SPA 45 
SPD 80 
SPE 75 
Level 1 : SALPICAR
Level 10: ULTRAPUÑO
Level 15: ENFADO
Level 20: AULLIDO
Level 25: PSÍQUICO
Level 30: MAGNITUD
Level 35: ESTÍMULO
Level 40: MÁS PSIQUE
Level 45: DRENADORAS

016 Pidgey -> Pidgeotto
HP  40 
ATK 45 
DEF 40 
SPA 35 
SPD 35 
SPE 56 
Level 1 : DOBLE FILO
Level 5 : CONVERSIÓN2
Level 9 : ATRACCIÓN
Level 13: BLOQUEO
Level 19: LENGÜETAZO
Level 25: AUTODESTRUC
Level 31: PROFECÍA
Level 39: ESTALLIDO
Level 47: PUÑO TRUENO
Egg Moves:
 - SILBATO
 - PIN MISIL
 - DANZA PÉTALO
 - HIPNOSIS
 - PROTECCIÓN

017 Pidgeotto -> Pidgeot
HP  63 
ATK 60 
DEF 55 
SPA 50 
SPD 50 
SPE 71 
Level 1 : PEDRADA
Level 1 : CHIRRIDO
Level 1 : MARTILLAZO
Level 5 : RESERVA
Level 9 : NIEBLA
Level 13: HIP.COLMILLO
Level 20: DESLUMBRAR
Level 27: HIDROCHORRO
Level 34: MAL DE OJO
Level 43: FUEGOSAGRADO
Level 52: TRIPLEPATADA

018 Pidgeot ->  (no evolution)
HP  83 
ATK 80 
DEF 75 
SPA 70 
SPD 70 
SPE 101
Level 1 : DETECCIÓN
Level 1 : RESTRICCIÓN
Level 1 : SALPICAR
Level 1 : HIDROBOMBA
Level 5 : PLACAJE
Level 9 : TRANSFORM
Level 13: DESQUITE
Level 20: DEF. FÉRREA
Level 27: DANZA LLUVIA
Level 34: CARÁMBANO
Level 48: CHISPA
Level 62: GOLPE CUERPO

019 Rattata -> Raticate
HP  30 
ATK 56 
DEF 35 
SPA 25 
SPD 35 
SPE 72 
Level 1 : DESEO
Level 1 : ATAQUE ÓSEO
Level 7 : SALPICAR
Level 13: CABEZAZO
Level 20: SOL MATINAL
Level 27: MISMODESTINO
Level 34: PUÑO FUEGO
Level 41: CHUPAVIDAS
Egg Moves:
 - GIRO FUEGO
 - SOMNÍFERO
 - RABIA
 - CAPA MÁGICA
 - ÁCIDO
 - FORTALEZA
 - DESTRUCTOR
 - DANZA LLUVIA

020 Raticate ->  (no evolution)
HP  55 
ATK 81 
DEF 60 
SPA 50 
SPD 70 
SPE 97 
Level 1 : DANZA PÉTALO
Level 1 : AZOTE
Level 1 : IMAGEN
Level 7 : PRESENTE
Level 13: EXPLOSIÓN
Level 20: RECURRENTE
Level 30: EMPUJÓN
Level 40: MOV. SÍSMICO
Level 50: SEÑUELO

021 Spearow -> Fearow
HP  40 
ATK 60 
DEF 30 
SPA 31 
SPD 31 
SPE 70 
Level 1 : FALSOTORTAZO
Level 1 : AGARRE
Level 7 : LÁTIGO CEPA
Level 13: RESERVA
Level 19: BRAZO PINCHO
Level 25: CARA SUSTO
Level 31: PATADA SALTO
Level 37: PANTALLAHUMO
Level 43: HOJA AFILADA
Egg Moves:
 - POLUCIÓN
 - CAMUFLAJE
 - CONTADOR
 - METRÓNOMO
 - PERSECUCIÓN
 - MEGAPUÑO
 - ADAPTACIÓN

022 Fearow ->  (no evolution)
HP  65 
ATK 90 
DEF 65 
SPA 61 
SPD 61 
SPE 100
Level 1 : CONFUSIÓN
Level 1 : DANZA CAOS
Level 1 : FUEGO FATUO
Level 1 : GARRA DRAGÓN
Level 7 : SOFOCO
Level 13: HOJA MÁGICA
Level 26: ATAQUE ÓSEO
Level 32: V. CORTANTE
Level 40: NEBLINA
Level 47: EXCAVAR

023 Ekans -> Arbok
HP  35 
ATK 60 
DEF 44 
SPA 40 
SPD 54 
SPE 55 
Level 1 : PERSECUCIÓN
Level 1 : DESQUITE
Level 8 : NIEVE POLVO
Level 13: RABIA
Level 20: COLA FÉRREA
Level 25: PISTOLA AGUA
Level 32: ATAQUE ÓSEO
Level 37: DOBLEATAQUE
Level 37: CORTEFURIA
Level 37: PODER OCULTO
Level 44: CERCA
Egg Moves:
 - TERREMOTO
 - PORTAZO
 - MAL DE OJO
 - PUÑO MAREO
 - ESTALLIDO

024 Arbok ->  (no evolution)
HP  60 
ATK 95 
DEF 69 
SPA 65 
SPD 79 
SPE 80 
Level 1 : DANZA ESPADA
Level 1 : VELO SAGRADO
Level 1 : AGARRE
Level 1 : MEGAPATADA
Level 8 : MORDISCO
Level 13: GUILLOTINA
Level 20: RUGIDO
Level 28: CONTADOR
Level 38: SALPICADURA
Level 46: ENFADO
Level 46: RENCOR
Level 46: FURIA
Level 56: REFLEJO

025 Pikachu -> Raichu
HP  35 
ATK 55 
DEF 40 
SPA 50 
SPD 50 
SPE 90 
Level 1 : REFUERZO
Level 1 : BOMBA HUEVO
Level 6 : PERFORADOR
Level 8 : REPETICIÓN
Level 11: INVERSIÓN
Level 15: DESLUMBRAR
Level 20: PSICORRAYO
Level 26: ENCANTO
Level 33: AROMATERAPIA
Level 41: AFILAR
Level 50: IMITACIÓN

026 Raichu ->  (no evolution)
HP  60 
ATK 90 
DEF 55 
SPA 90 
SPD 80 
SPE 110
Level 1 : LENGÜETAZO
Level 1 : TRITURAR
Level 1 : PARALIZADOR
Level 1 : PUÑODINÁMICO

027 Sandshrew -> Sandslash
HP  50 
ATK 75 
DEF 85 
SPA 20 
SPD 30 
SPE 40 
Level 1 : TAJO CRUZADO
Level 6 : DOBLE RAYO
Level 11: RESIDUOS
Level 17: GARRA METAL
Level 23: INTERCAMBIO
Level 30: ALIVIO
Level 37: LANZARROCAS
Level 45: AMNESIA
Level 53: ARRAIGO
Egg Moves:
 - ELECTROCAÑÓN
 - POLUCIÓN
 - PARALIZADOR
 - RAYO HIELO
 - DANZA CAOS
 - PLACAJE
 - FUERZA BRUTA
 - GOLPE

028 Sandslash ->  (no evolution)
HP  75 
ATK 100
DEF 110
SPA 45 
SPD 55 
SPE 65 
Level 1 : BOLA SOMBRA
Level 1 : DISP. DEMORA
Level 1 : PISOTÓN
Level 6 : HIDROPULSO
Level 11: MALDICIÓN
Level 17: DULCE AROMA
Level 24: MAGNITUD
Level 33: HIPNOSIS
Level 42: ESTALLIDO
Level 52: SOFOCO
Level 62: PATADA ÍGNEA

029 Nidoran♀ -> Nidorina
HP  55 
ATK 47 
DEF 52 
SPA 40 
SPD 40 
SPE 41 
Level 1 : HIDROCHORRO
Level 1 : PSICOATAQUE
Level 8 : POLUCIÓN
Level 12: PERSECUCIÓN
Level 17: HOJA AGUDA
Level 20: MALDICIÓN
Level 23: SUPERDIENTE
Level 30: DANZA PLUMA
Level 38: ESFUERZO
Level 47: FORTALEZA
Egg Moves:
 - REMOLINO
 - ALIVIO
 - GOLPE AÉREO
 - MAGNITUD
 - MEGAPATADA
 - RESPLANDOR
 - MISMODESTINO

030 Nidorina -> Nidoqueen
HP  70 
ATK 62 
DEF 67 
SPA 55 
SPD 55 
SPE 56 
Level 1 : TORMENTO
Level 1 : ANTOJO
Level 8 : CAPA MÁGICA
Level 12: PAT. S. ALTA
Level 18: INVERSIÓN
Level 22: FURIA
Level 26: CAMUFLAJE
Level 34: HOJA AFILADA
Level 43: AFILAR
Level 53: FURIA DRAGÓN

031 Nidoqueen ->  (no evolution)
HP  90 
ATK 92 
DEF 87 
SPA 75 
SPD 85 
SPE 76 
Level 1 : DOBLE EQUIPO
Level 1 : GIRO FUEGO
Level 1 : CONTONEO
Level 1 : DISP. LODO
Level 22: RESERVA
Level 43: RELEVO

032 Nidoran♂ -> Nidorino
HP  46 
ATK 57 
DEF 40 
SPA 40 
SPD 40 
SPE 50 
Level 1 : DOBLEBOFETÓN
Level 1 : PEDRADA
Level 8 : ONDA TRUENO
Level 12: ANTOJO
Level 17: COLA VENENO
Level 20: IMPACTRUENO
Level 23: CAMELO
Level 30: AGUANTE
Level 38: ANULACIÓN
Level 47: TRUENO
Egg Moves:
 - PSICOATAQUE
 - PROTECCIÓN
 - ENFADO
 - TELARAÑA
 - ARRAIGO
 - PUÑO FUEGO
 - FISURA

033 Nidorino -> Nidoking
HP  61 
ATK 72 
DEF 57 
SPA 55 
SPD 55 
SPE 65 
Level 1 : RENCOR
Level 1 : PUÑO SOMBRA
Level 8 : RESTRICCIÓN
Level 12: DANZA PLUMA
Level 18: BOMBA LODO
Level 22: ESPORAGODÓN
Level 26: CANTO MORTAL
Level 34: SEÑUELO
Level 43: BOFETÓN LODO
Level 53: CONVERSIÓN2

034 Nidoking ->  (no evolution)
HP  81 
ATK 102
DEF 77 
SPA 85 
SPD 75 
SPE 85 
Level 1 : RUEDA FUEGO
Level 1 : AGUANTE
Level 1 : LANZALLAMAS
Level 1 : ONDA ÍGNEA
Level 22: REPETICIÓN
Level 43: PODER PASADO

035 Clefairy -> Clefable
HP  70 
ATK 45 
DEF 48 
SPA 60 
SPD 65 
SPE 35 
Level 1 : HOJA AGUDA
Level 1 : DESQUITE
Level 5 : LANZALLAMAS
Level 9 : EXCAVAR
Level 13: FURIA DRAGÓN
Level 17: LUZ LUNAR
Level 21: GUILLOTINA
Level 25: ATAQUE ARENA
Level 29: PSICOONDA
Level 33: RAYO CONFUSO
Level 37: DÍA DE PAGO
Level 41: CAMUFLAJE
Level 45: BOLA NEBLINA

036 Clefable ->  (no evolution)
HP  95 
ATK 70 
DEF 73 
SPA 95 
SPD 90 
SPE 60 
Level 1 : ARMAD. ÁCIDA
Level 1 : DESCANSO
Level 1 : LÁTIGO CEPA
Level 1 : PUÑO HIELO

037 Vulpix -> Ninetales
HP  38 
ATK 41 
DEF 40 
SPA 50 
SPD 65 
SPE 65 
Level 1 : CONFUSIÓN
Level 5 : DISP. LODO
Level 9 : DOBLE EQUIPO
Level 13: TRUENO
Level 17: CLAVO CAÑÓN
Level 21: DOBLEBOFETÓN
Level 25: AT. RÁPIDO
Level 29: BOMBA SÓNICA
Level 33: DAÑO SECRETO
Level 37: DERRIBO
Level 41: DÍA SOLEADO
Egg Moves:
 - ASCUAS
 - DISP. DEMORA
 - BOFETÓN LODO
 - PISTOLA AGUA
 - ALA DE ACERO
 - GRUÑIDO
 - COLMILLO VEN
 - RESPLANDOR

038 Ninetales ->  (no evolution)
HP  73 
ATK 76 
DEF 75 
SPA 81 
SPD 100
SPE 100
Level 1 : POLVO VENENO
Level 1 : CONTADOR
Level 1 : DRAGOALIENTO
Level 1 : PUÑO SOMBRA
Level 45: RUGIDO

039 Jigglypuff -> Wigglytuff
HP  115
ATK 45 
DEF 20 
SPA 45 
SPD 25 
SPE 20 
Level 1 : MARTILLAZO
Level 4 : DESTRUCTOR
Level 9 : MÁS PSIQUE
Level 14: CARÁMBANO
Level 19: PUÑO COMETA
Level 24: GIGADRENADO
Level 29: DAÑO SECRETO
Level 34: HUESO PALO
Level 39: MEGAPATADA
Level 44: PICOTAZO
Level 49: LANZALLAMAS

040 Wigglytuff ->  (no evolution)
HP  140
ATK 70 
DEF 45 
SPA 85 
SPD 50 
SPE 45 
Level 1 : AGUA LODOSA
Level 1 : GARRA DRAGÓN
Level 1 : BOMBA SÓNICA
Level 1 : HIPERRAYO

041 Zubat -> Golbat
HP  40 
ATK 45 
DEF 35 
SPA 30 
SPD 40 
SPE 55 
Level 1 : ESTALLIDO
Level 6 : RECUPERACIÓN
Level 11: ABSORBER
Level 16: CUCHILLADA
Level 21: RUGIDO
Level 26: ESPORAGODÓN
Level 31: PUÑO SOMBRA
Level 36: POLUCIÓN
Level 41: MOV. SÍSMICO
Level 46: PÚAS
Egg Moves:
 - RELEVO
 - COLMILLO VEN
 - TAJO CRUZADO
 - VIENTO HIELO
 - HIP.COLMILLO
 - DERRIBO

042 Golbat -> Crobat
HP  75 
ATK 80 
DEF 70 
SPA 65 
SPD 75 
SPE 90 
Level 1 : PUÑO CERTERO
Level 1 : PAT. S. ALTA
Level 1 : TAMBOR
Level 1 : RAYO HIELO
Level 6 : DÍA SOLEADO
Level 11: HIP.COLMILLO
Level 16: HUESO PALO
Level 21: NIEVE POLVO
Level 28: PSICORRAYO
Level 35: PERFORADOR
Level 42: DANZA DRAGÓN
Level 49: RAYO
Level 56: REFUERZO

043 Oddish -> Gloom
HP  45 
ATK 50 
DEF 55 
SPA 75 
SPD 65 
SPE 30 
Level 1 : PLACAJE ELÉC
Level 7 : OTRA VEZ
Level 14: ATADURA
Level 16: LLANTO FALSO
Level 18: DERRIBO
Level 23: IMPACTRUENO
Level 32: PARANORMAL
Level 39: PATADA BAJA
Egg Moves:
 - ATADURA
 - FOCO ENERGÍA
 - CORNADA
 - ATAQUE ALA
 - AGILIDAD
 - AVALANCHA

044 Gloom -> Vileplume
HP  60 
ATK 65 
DEF 70 
SPA 85 
SPD 75 
SPE 40 
Level 1 : PUÑO HIELO
Level 1 : REFLEJO
Level 1 : MORDISCO
Level 7 : IMITACIÓN
Level 14: SORPRESA
Level 16: DETECCIÓN
Level 18: AT. RÁPIDO
Level 24: TERREMOTO
Level 35: MOV. SÍSMICO
Level 44: MARTILLAZO

045 Vileplume ->  (no evolution)
HP  75 
ATK 80 
DEF 85 
SPA 110
SPD 90 
SPE 50 
Level 1 : TAMBOR
Level 1 : DESARROLLO
Level 1 : ENFADO
Level 1 : ALA DE ACERO
Level 44: LEGADO

046 Paras -> Parasect
HP  35 
ATK 70 
DEF 55 
SPA 45 
SPD 55 
SPE 25 
Level 1 : GOLPE CUERPO
Level 7 : CORPULENCIA
Level 13: HIPERRAYO
Level 19: DRAGOALIENTO
Level 25: ULTRAPUÑO
Level 31: DOBLE FILO
Level 37: DOBLE RAYO
Level 43: PARANORMAL
Level 49: PSICOONDA
Egg Moves:
 - CONTADOR
 - COLA FÉRREA
 - MEGAAGOTAR
 - MEGAPUÑO
 - DOBLEBOFETÓN
 - RUEDA FUEGO
 - CHIRRIDO
 - DÍA SOLEADO

047 Parasect ->  (no evolution)
HP  60 
ATK 95 
DEF 80 
SPA 60 
SPD 80 
SPE 30 
Level 1 : POLVO VENENO
Level 1 : PISOTÓN
Level 1 : TERREMOTO
Level 7 : DAÑO SECRETO
Level 13: PATADA GIRO
Level 19: GIRO FUEGO
Level 27: PSICOATAQUE
Level 35: AYUDA
Level 43: COLA FÉRREA
Level 51: RASTREO
Level 59: REMOLINO

048 Venonat -> Venomoth
HP  60 
ATK 55 
DEF 50 
SPA 40 
SPD 55 
SPE 45 
Level 1 : MEGAPUÑO
Level 1 : LÁTIGO
Level 1 : LADRÓN
Level 9 : DANZA PLUMA
Level 17: INTERCAMBIO
Level 20: GOLPES FURIA
Level 25: VENTISCA
Level 28: SUMISIÓN
Level 33: ASCUAS
Level 36: GIGADRENADO
Level 41: PÚAS
Egg Moves:
 - PRESENTE
 - PSÍQUICO
 - RAYO AURORA
 - MOFA

049 Venomoth ->  (no evolution)
HP  70 
ATK 65 
DEF 60 
SPA 90 
SPD 75 
SPE 90 
Level 1 : BOLA HIELO
Level 1 : EXPLOSIÓN
Level 1 : BOMBA SÓNICA
Level 1 : ALIVIO
Level 1 : RECURRENTE
Level 9 : RESIDUOS
Level 17: IMPRESIONAR
Level 20: GRANIZO
Level 25: FINTA
Level 28: VENGANZA
Level 31: PLACAJE ELÉC
Level 36: REFUGIO
Level 42: ATAQUE ÓSEO
Level 52: BOTE

050 Diglett -> Dugtrio
HP  10 
ATK 55 
DEF 25 
SPA 35 
SPD 45 
SPE 95 
Level 1 : PRESA
Level 1 : METEOROBOLA
Level 5 : SÍNTESIS
Level 9 : DESLUMBRAR
Level 17: PISTOLA AGUA
Level 21: BOLA SOMBRA
Level 25: SONÁMBULO
Level 33: HIPERRAYO
Level 41: DRAGOALIENTO
Level 49: DIVIDE DOLOR
Egg Moves:
 - EXCAVAR
 - DANZA PLUMA
 - ONDA VOLTIO
 - GOLPE AÉREO
 - BOMBA SÓNICA
 - DOBLE EQUIPO
 - CONTADOR

051 Dugtrio ->  (no evolution)
HP  35 
ATK 100
DEF 50 
SPA 50 
SPD 70 
SPE 120
Level 1 : AGUANTE
Level 1 : DOBLE PATADA
Level 1 : RENCOR
Level 1 : VIENTO HIELO
Level 5 : INVERSIÓN
Level 9 : PATADA BAJA
Level 17: ESTALLIDO
Level 21: TIRO VITAL
Level 25: FUEGOSAGRADO
Level 26: RESPLANDOR
Level 38: PERFORADOR
Level 51: RUGIDO
Level 64: ASCUAS

052 Meowth -> Persian
HP  40 
ATK 45 
DEF 35 
SPA 40 
SPD 40 
SPE 90 
Level 1 : PUÑO METEORO
Level 1 : ESTALLIDO
Level 10: FUEGO FATUO
Level 18: IMITACIÓN
Level 25: CLAVO CAÑÓN
Level 31: BOMBA HUEVO
Level 36: BOFETÓN LODO
Level 40: HIDROPULSO
Level 43: SONÁMBULO
Level 45: LEGADO
Egg Moves:
 - DIVIDE DOLOR
 - AIRE AFILADO
 - MAL DE OJO
 - PESADILLA
 - RESPLANDOR
 - DESENROLLAR

053 Persian ->  (no evolution)
HP  65 
ATK 70 
DEF 60 
SPA 65 
SPD 65 
SPE 115
Level 1 : SORPRESA
Level 1 : DESLUMBRAR
Level 1 : PUÑO SOMBRA
Level 10: ALBOROTO
Level 18: DISP. LODO
Level 25: ONDA ÍGNEA
Level 34: CERCA
Level 42: LLAMARADA
Level 49: CARA SUSTO
Level 55: SUPERSÓNICO
Level 61: SONÁMBULO

054 Psyduck -> Golduck
HP  50 
ATK 52 
DEF 48 
SPA 65 
SPD 50 
SPE 55 
Level 1 : AFILAR
Level 1 : DESARME
Level 5 : FRÍO POLAR
Level 10: PUÑODINÁMICO
Level 16: GOLPE KARATE
Level 23: RABIA
Level 31: RETROCESO
Level 40: EMPUJÓN
Level 50: IMITACIÓN
Egg Moves:
 - RAYO AURORA
 - IMAGEN
 - EXPLOSIÓN
 - MEGAPUÑO
 - PSICOATAQUE
 - CARGA
 - AZOTE
 - FUEGOSAGRADO

055 Golduck ->  (no evolution)
HP  80 
ATK 82 
DEF 78 
SPA 95 
SPD 80 
SPE 85 
Level 1 : DETECCIÓN
Level 1 : RETROCESO
Level 1 : ULTRAPUÑO
Level 1 : TIRO VITAL
Level 5 : PICO TALADRO
Level 10: ATAQUE FURIA
Level 16: PUÑO HIELO
Level 23: PEDRADA
Level 31: AGUA LODOSA
Level 44: FIJAR BLANCO
Level 58: TAMBOR

056 Mankey -> Primeape
HP  40 
ATK 80 
DEF 35 
SPA 35 
SPD 45 
SPE 70 
Level 1 : PSICOATAQUE
Level 1 : RESIDUOS
Level 6 : ESTÍMULO
Level 11: SALPICAR
Level 16: DANZA CAOS
Level 21: DERRIBO
Level 26: SALPICADURA
Level 31: ATAQUE FURIA
Level 36: PUÑO MAREO
Level 41: PLANTA FEROZ
Level 46: REFUERZO
Egg Moves:
 - GOLPE AÉREO
 - DESENROLLAR
 - COLMILLO VEN
 - TENAZA
 - MALDICIÓN
 - GIRO RÁPIDO
 - ATRACCIÓN
 - PUÑO TRUENO

057 Primeape ->  (no evolution)
HP  65 
ATK 105
DEF 60 
SPA 60 
SPD 70 
SPE 95 
Level 1 : MORDISCO
Level 1 : PAZ MENTAL
Level 1 : HIP.COLMILLO
Level 1 : ENFADO
Level 6 : TAJO CRUZADO
Level 11: PSICOONDA
Level 16: POLUCIÓN
Level 21: MALDICIÓN
Level 26: TRIPLEPATADA
Level 28: ATAQUE AÉREO
Level 35: AUTODESTRUC
Level 44: PUÑO TRUENO
Level 53: KINÉTICO
Level 62: CARGA

058 Growlithe -> Arcanine
HP  55 
ATK 70 
DEF 45 
SPA 70 
SPD 50 
SPE 60 
Level 1 : ONDA TRUENO
Level 1 : DOBLE FILO
Level 7 : HIP.COLMILLO
Level 13: ENFADO
Level 19: ESFUERZO
Level 25: PULPOCAÑÓN
Level 31: PANTALLA LUZ
Level 37: DESQUITE
Level 43: LADRÓN
Level 49: DESTRUCTOR
Egg Moves:
 - MEGAPUÑO
 - GOLPES FURIA
 - CLAVO CAÑÓN
 - RECICLAJE
 - REFUERZO
 - SOMNÍFERO
 - PEDRADA

059 Arcanine ->  (no evolution)
HP  90 
ATK 110
DEF 80 
SPA 100
SPD 80 
SPE 95 
Level 1 : PÚAS
Level 1 : INVERSIÓN
Level 1 : DANZA CAOS
Level 1 : ELECTROCAÑÓN
Level 49: HOJA MÁGICA

060 Poliwag -> Poliwhirl
HP  40 
ATK 50 
DEF 40 
SPA 40 
SPD 40 
SPE 90 
Level 1 : SALPICAR
Level 7 : REDUCCIÓN
Level 13: RONQUIDO
Level 19: RELAJO
Level 25: TORBELLINO
Level 31: TELÉPATA
Level 37: VENGANZA
Level 43: AGUANTE
Egg Moves:
 - VIENTO HIELO
 - COME SUEÑOS
 - COLMILLO VEN
 - ALBOROTO
 - DOBLE FILO
 - FISURA
 - PSICORRAYO

061 Poliwhirl -> Poliwrath
HP  65 
ATK 65 
DEF 65 
SPA 50 
SPD 50 
SPE 90 
Level 1 : HIP.COLMILLO
Level 1 : SUPERDIENTE
Level 1 : MEGAPATADA
Level 7 : HIPERRAYO
Level 13: MAGNITUD
Level 19: PRESENTE
Level 27: COSQUILLAS
Level 35: PUÑO METEORO
Level 43: CAMELO
Level 51: CONVERSIÓN

062 Poliwrath ->  (no evolution)
HP  90 
ATK 95 
DEF 95 
SPA 70 
SPD 90 
SPE 70 
Level 1 : CAMUFLAJE
Level 1 : RAYO BURBUJA
Level 1 : BOLA SOMBRA
Level 1 : MORDISCO
Level 35: POLUCIÓN
Level 51: AVALANCHA

063 Abra -> Kadabra
HP  25 
ATK 20 
DEF 15 
SPA 105
SPD 55 
SPE 90 
Level 1 : MARTILLAZO
Egg Moves:
 - HUESOMERANG
 - INTERCAMBIO
 - PICOTAZO VEN
 - COLA VENENO
 - MEGACUERNO
 - PSICOATAQUE

064 Kadabra -> Alakazam
HP  40 
ATK 35 
DEF 30 
SPA 120
SPD 70 
SPE 105
Level 1 : PUÑO MAREO
Level 1 : DESTRUCTOR
Level 1 : RAYO
Level 16: MAL DE OJO
Level 18: CHUPAVIDAS
Level 21: CANTO
Level 23: AGILIDAD
Level 25: VENGANZA
Level 30: RECICLAJE
Level 33: FUEGO FATUO
Level 36: GOLPE CUERPO
Level 43: FALSOTORTAZO

065 Alakazam ->  (no evolution)
HP  55 
ATK 50 
DEF 45 
SPA 135
SPD 95 
SPE 120
Level 1 : IMAGEN
Level 1 : PSICOONDA
Level 1 : BOLA NEBLINA
Level 16: PATADA GIRO
Level 18: PEDRADA
Level 21: IMITACIÓN
Level 23: LANZARROCAS
Level 25: PSICOATAQUE
Level 30: FORTALEZA
Level 33: TENAZA
Level 36: RECICLAJE
Level 43: VELO SAGRADO

066 Machop -> Machoke
HP  70 
ATK 80 
DEF 50 
SPA 35 
SPD 35 
SPE 35 
Level 1 : ATAQUE ALA
Level 1 : BOLA NEBLINA
Level 7 : ATAQUE AÉREO
Level 13: AMNESIA
Level 19: RESPLANDOR
Level 22: AROMATERAPIA
Level 25: RAYO BURBUJA
Level 31: TUMBA ROCAS
Level 37: MALDICIÓN
Level 40: FORTALEZA
Level 43: DRAGOALIENTO
Level 49: ESQUEMA
Egg Moves:
 - TENAZA
 - HOJA MÁGICA
 - REMOLINO
 - HIDROPULSO
 - PATADA ÍGNEA
 - TRUCO
 - PAT. S. ALTA

067 Machoke -> Machamp
HP  80 
ATK 100
DEF 70 
SPA 50 
SPD 60 
SPE 45 
Level 1 : LUZ LUNAR
Level 1 : RABIA
Level 1 : PATADA SALTO
Level 7 : PUÑO METEORO
Level 13: BOMBA HUEVO
Level 19: ATAQUE ALA
Level 22: PAZ MENTAL
Level 25: RESTRICCIÓN
Level 33: HIPERRAYO
Level 41: DESCANSO
Level 46: PÚAS
Level 51: HIDROCHORRO
Level 59: DANZA PLUMA

068 Machamp ->  (no evolution)
HP  90 
ATK 130
DEF 80 
SPA 65 
SPD 85 
SPE 55 
Level 1 : BESO AMOROSO
Level 1 : PLANTA FEROZ
Level 1 : DOBLE FILO
Level 7 : AZOTE
Level 13: SUPERDIENTE
Level 19: TRITURAR
Level 22: ATAQUE AÉREO
Level 25: ECO METÁLICO
Level 33: FUERZA BRUTA
Level 41: CONVERSIÓN
Level 46: MOFA
Level 51: REMOLINO
Level 59: MAL DE OJO

069 Bellsprout -> Weepinbell
HP  50 
ATK 75 
DEF 35 
SPA 70 
SPD 30 
SPE 40 
Level 1 : ESTALLIDO
Level 6 : DOBLEATAQUE
Level 11: PUÑODINÁMICO
Level 15: RASTREO
Level 17: RAYO
Level 19: VIENTO PLATA
Level 23: DÍA DE PAGO
Level 30: HIP.COLMILLO
Level 37: DESCANSO
Level 45: VIENTO HIELO
Egg Moves:
 - PAT. S. ALTA
 - DOBLEBOFETÓN
 - FUEGO FATUO
 - VENGANZA
 - BOMBA LODO
 - DESQUITE
 - ATAQUE FURIA

070 Weepinbell -> Victreebel
HP  65 
ATK 90 
DEF 50 
SPA 85 
SPD 45 
SPE 55 
Level 1 : BOTE
Level 1 : SUPERDIENTE
Level 1 : GARRA METAL
Level 6 : COLMILLO VEN
Level 11: ENFADO
Level 15: PISOTÓN
Level 17: BESO AMOROSO
Level 19: MEGAPATADA
Level 24: SOMNÍFERO
Level 33: MALDICIÓN
Level 42: RETROCESO
Level 54: FISURA

071 Victreebel ->  (no evolution)
HP  80 
ATK 105
DEF 65 
SPA 100
SPD 70 
SPE 70 
Level 1 : TRUCO
Level 1 : PISTOLA AGUA
Level 1 : BATIDO
Level 1 : PUÑO SOMBRA
Level 1 : CORNADA
Level 1 : ASCUAS
Level 1 : LLAMARADA

072 Tentacool -> Tentacruel
HP  40 
ATK 40 
DEF 35 
SPA 50 
SPD 100
SPE 70 
Level 1 : GARRA METAL
Level 6 : AULLIDO
Level 12: ULTRAPUÑO
Level 19: COME SUEÑOS
Level 25: LUZ LUNAR
Level 30: RECUPERACIÓN
Level 36: RELAJO
Level 43: MOV. SÍSMICO
Level 49: DISP. DEMORA
Egg Moves:
 - CORNADA
 - TAJO CRUZADO
 - FOCO ENERGÍA
 - RELAJO
 - AVALANCHA
 - MASA CÓSMICA

073 Tentacruel ->  (no evolution)
HP  80 
ATK 70 
DEF 65 
SPA 80 
SPD 120
SPE 100
Level 1 : ESFUERZO
Level 1 : PANTALLAHUMO
Level 1 : METEOROBOLA
Level 6 : PROTECCIÓN
Level 12: PORTAZO
Level 19: RAYO SOLAR
Level 25: DISP. DEMORA
Level 30: CHAPOTEOLODO
Level 38: FURIA
Level 47: AZOTE
Level 55: RONQUIDO

074 Geodude -> Graveler
HP  40 
ATK 80 
DEF 100
SPA 30 
SPD 30 
SPE 20 
Level 1 : REFUERZO
Level 1 : DOBLE FILO
Level 6 : PRESA
Level 11: VOZARRÓN
Level 16: FOCO ENERGÍA
Level 21: PLANTA FEROZ
Level 26: CICLÓN
Level 31: BATIDO
Level 36: AROMATERAPIA
Level 41: AGILIDAD
Level 46: BESO AMOROSO
Egg Moves:
 - BURBUJA
 - VELO SAGRADO
 - ALA DE ACERO

075 Graveler -> Golem
HP  55 
ATK 95 
DEF 115
SPA 45 
SPD 45 
SPE 35 
Level 1 : PUÑO MAREO
Level 1 : PUÑO TRUENO
Level 1 : RUGIDO
Level 1 : PLANTA FEROZ
Level 6 : PALIZA
Level 11: MALDICIÓN
Level 16: AGARRE
Level 21: MOV. SÍSMICO
Level 29: DANZA LLUVIA
Level 37: ATADURA
Level 45: RECICLAJE
Level 53: ATAQUE AÉREO
Level 62: RESTRICCIÓN

076 Golem ->  (no evolution)
HP  80 
ATK 120
DEF 130
SPA 55 
SPD 65 
SPE 45 
Level 1 : DAÑO SECRETO
Level 1 : BLOQUEO
Level 1 : BOTE
Level 1 : ATAQUE AÉREO
Level 6 : FUEGO FATUO
Level 11: GARRA DRAGÓN
Level 16: TRIATAQUE
Level 21: DOBLE PATADA
Level 29: DANZA PÉTALO
Level 37: PESADILLA
Level 45: IMPACTRUENO
Level 53: AIRE AFILADO
Level 62: LÁTIGO

077 Ponyta -> Rapidash
HP  50 
ATK 85 
DEF 55 
SPA 65 
SPD 65 
SPE 90 
Level 1 : IMAGEN
Level 5 : DESARROLLO
Level 9 : DOBLE EQUIPO
Level 14: MAL DE OJO
Level 19: ATRACCIÓN
Level 25: BOLA NEBLINA
Level 31: DESEO
Level 38: MALDICIÓN
Level 45: COLMILLO VEN
Level 53: ASCUAS
Egg Moves:
 - PODER OCULTO
 - GUILLOTINA
 - IMPACTRUENO
 - RAYO CONFUSO
 - ESTALLIDO
 - ABSORBER

078 Rapidash ->  (no evolution)
HP  65 
ATK 100
DEF 70 
SPA 80 
SPD 80 
SPE 105
Level 1 : DESTRUCTOR
Level 1 : AROMATERAPIA
Level 1 : ABSORBER
Level 1 : HIDROBOMBA
Level 5 : MASA CÓSMICA
Level 9 : ADAPTACIÓN
Level 14: MIMÉTICO
Level 19: DANZA CAOS
Level 25: DOBLE RAYO
Level 31: DANZA PLUMA
Level 38: DESENROLLAR
Level 40: BOMBA LODO
Level 50: PAT. S. ALTA
Level 63: LÁTIGO CEPA

079 Slowpoke -> Slowbro
HP  90 
ATK 65 
DEF 65 
SPA 40 
SPD 40 
SPE 15 
Level 1 : BLOQUEO
Level 1 : ESPORAGODÓN
Level 1 : HIPERRAYO
Level 6 : VENGANZA
Level 13: LÁTIGO
Level 17: VELO SAGRADO
Level 24: COLMILLO VEN
Level 29: METEOROBOLA
Level 36: BOMBA HUEVO
Level 40: RAYO CONFUSO
Level 47: ALBOROTO
Egg Moves:
 - PODER OCULTO
 - BURBUJA
 - REFLEJO
 - BATIDO
 - ESPORA
 - PERFORADOR
 - BESO DULCE

080 Slowbro ->  (no evolution)
HP  95 
ATK 75 
DEF 110
SPA 100
SPD 80 
SPE 30 
Level 1 : HOJA AGUDA
Level 1 : TELARAÑA
Level 1 : PORTAZO
Level 1 : HIPERRAYO
Level 6 : ESQUEMA
Level 13: CONVERSIÓN2
Level 17: EMPUJÓN
Level 24: ESTALLIDO
Level 29: TORMENTO
Level 36: DESARME
Level 37: TORM. ARENA
Level 44: DESARROLLO
Level 55: SEÑUELO

081 Magnemite -> Magneton
HP  25 
ATK 35 
DEF 70 
SPA 95 
SPD 55 
SPE 45 
Level 1 : ADAPTACIÓN
Level 1 : RAYO HIELO
Level 6 : COLA VENENO
Level 11: POLUCIÓN
Level 16: TÓXICO
Level 21: RESPLANDOR
Level 26: REMOLINO
Level 32: NIEBLA
Level 38: PICOTAZO VEN
Level 44: ONDA ÍGNEA
Level 50: TRAGAR

082 Magneton ->  (no evolution)
HP  50 
ATK 60 
DEF 95 
SPA 120
SPD 70 
SPE 70 
Level 1 : ATAQUE ALA
Level 1 : RAYO BURBUJA
Level 1 : DÍA SOLEADO
Level 1 : ANILLO ÍGNEO
Level 6 : COLA VENENO
Level 11: FIJAR BLANCO
Level 16: LANZALLAMAS
Level 21: CONFUSIÓN
Level 26: CAMPANA CURA
Level 35: HOJA AFILADA
Level 44: BESO AMOROSO
Level 53: GOLPE AÉREO
Level 62: TRAGAR

083 Farfetch’d ->  (no evolution)
HP  52 
ATK 90 
DEF 55 
SPA 58 
SPD 62 
SPE 60 
Level 1 : PISOTÓN
Level 6 : CORNADA
Level 11: PUÑO SOMBRA
Level 16: PUÑO METEORO
Level 21: SUSTITUTO
Level 26: TORBELLINO
Level 31: MEGACUERNO
Level 36: DOBLE PATADA
Level 41: METEOROBOLA
Level 46: HIDROCAÑÓN
Egg Moves:
 - BURBUJA
 - CERCA
 - DESQUITE
 - BOTE
 - FRUSTRACIÓN
 - POLVO VENENO
 - ESPORA
 - TORNADO

084 Doduo -> Dodrio
HP  35 
ATK 85 
DEF 45 
SPA 35 
SPD 35 
SPE 75 
Level 1 : TRAGAR
Level 1 : PAT. S. ALTA
Level 9 : GOLPE CUERPO
Level 13: MISMODESTINO
Level 21: SUMISIÓN
Level 25: AYUDA
Level 33: REDUCCIÓN
Level 37: AROMATERAPIA
Level 45: DESENROLLAR
Egg Moves:
 - CHIRRIDO
 - ESPORA
 - ATAQUE ÓSEO
 - REDUCCIÓN
 - METRÓNOMO
 - COLA VENENO

085 Dodrio ->  (no evolution)
HP  60 
ATK 110
DEF 70 
SPA 60 
SPD 60 
SPE 110
Level 1 : PISOTÓN
Level 1 : EMPUJÓN
Level 1 : AYUDA
Level 1 : FUERZA BRUTA
Level 9 : ATRACCIÓN
Level 13: PEDRADA
Level 21: RUGIDO
Level 25: CONFUSIÓN
Level 38: HIPERRAYO
Level 47: DANZA PLUMA
Level 60: FISURA

086 Seel -> Dewgong
HP  65 
ATK 45 
DEF 55 
SPA 45 
SPD 70 
SPE 45 
Level 1 : ALBOROTO
Level 9 : ATAQUE ARENA
Level 17: DANZA LLUVIA
Level 21: MOV. ESPEJO
Level 29: COME SUEÑOS
Level 37: AGILIDAD
Level 41: DULCE AROMA
Level 49: PAZ MENTAL
Egg Moves:
 - PERSECUCIÓN
 - AROMATERAPIA
 - PRESA
 - GRUÑIDO
 - LENGÜETAZO
 - RECICLAJE
 - PAT. S. ALTA
 - GAS VENENOSO

087 Dewgong ->  (no evolution)
HP  90 
ATK 70 
DEF 80 
SPA 70 
SPD 95 
SPE 70 
Level 1 : GOLPE
Level 1 : CAMELO
Level 1 : ESPORAGODÓN
Level 1 : DOBLE RAYO
Level 1 : COLA VENENO
Level 9 : DETECCIÓN
Level 17: CUCHILLADA
Level 21: FORTALEZA
Level 29: ATRACCIÓN
Level 34: AIRE AFILADO
Level 42: AZOTE
Level 51: IMAGEN
Level 64: GIRO FUEGO

088 Grimer -> Muk
HP  80 
ATK 80 
DEF 50 
SPA 40 
SPD 50 
SPE 25 
Level 1 : TRIPLEPATADA
Level 1 : DOBLEATAQUE
Level 4 : RELEVO
Level 8 : COSQUILLAS
Level 13: RAYO
Level 19: GIRO FUEGO
Level 26: GRANIZO
Level 34: BOLA SOMBRA
Level 43: CORNADA
Level 53: FINTA
Egg Moves:
 - BLOQUEO
 - PANTALLA LUZ
 - REFLEJO
 - ATRACCIÓN
 - LEGADO
 - TRUCO
 - GUILLOTINA

089 Muk ->  (no evolution)
HP  105
ATK 105
DEF 75 
SPA 65 
SPD 100
SPE 50 
Level 1 : COLA VENENO
Level 1 : PROFECÍA
Level 1 : DOBLE FILO
Level 4 : SOMNÍFERO
Level 8 : TORMENTO
Level 13: DOBLEBOFETÓN
Level 19: DANZA PÉTALO
Level 26: PROTECCIÓN
Level 34: FRÍO POLAR
Level 47: ESTÍMULO
Level 61: FUERZA BRUTA

090 Shellder -> Cloyster
HP  30 
ATK 65 
DEF 100
SPA 45 
SPD 25 
SPE 40 
Level 1 : RELEVO
Level 1 : FUERZA BRUTA
Level 8 : LANZALLAMAS
Level 15: RESTRICCIÓN
Level 22: RÁFAGA
Level 29: PORTAZO
Level 36: AULLIDO
Level 43: AMORTIGUADOR
Level 50: AGILIDAD
Egg Moves:
 - BOSTEZO
 - DESENROLLAR
 - GARRA BRUTAL
 - REMOLINO
 - ATADURA
 - RAYO

091 Cloyster ->  (no evolution)
HP  50 
ATK 95 
DEF 180
SPA 85 
SPD 45 
SPE 70 
Level 1 : MEDITACIÓN
Level 1 : ONDA ÍGNEA
Level 1 : MOV. ESPEJO
Level 1 : HOJA MÁGICA
Level 36: PUÑO COMETA
Level 43: CAPA MÁGICA

092 Gastly -> Haunter
HP  30 
ATK 35 
DEF 30 
SPA 100
SPD 35 
SPE 80 
Level 1 : LEGADO
Level 1 : GOLPE AÉREO
Level 8 : MAL DE OJO
Level 13: PLANTA FEROZ
Level 16: ATAQUE FURIA
Level 21: GOLPE KARATE
Level 28: PATADA SALTO
Level 33: DISP. DEMORA
Level 36: CABEZAZO
Level 41: PSICORRAYO
Level 48: DESARROLLO
Egg Moves:
 - MEGAPUÑO
 - CORTEFURIA
 - SOFOCO
 - ONDA ÍGNEA
 - PICOTAZO VEN
 - METRÓNOMO
 - PSICOATAQUE

093 Haunter -> Gengar
HP  45 
ATK 50 
DEF 45 
SPA 115
SPD 55 
SPE 95 
Level 1 : CHISPA
Level 1 : ESTALLIDO
Level 1 : PUÑO METEORO
Level 8 : METRÓNOMO
Level 13: GIRO FUEGO
Level 16: DESLUMBRAR
Level 21: HIDROCAÑÓN
Level 25: SUSTITUTO
Level 31: ESQUEMA
Level 39: BATIDO
Level 45: MEDITACIÓN
Level 53: MAL DE OJO
Level 64: CONFUSIÓN

094 Gengar ->  (no evolution)
HP  60 
ATK 65 
DEF 60 
SPA 130
SPD 75 
SPE 110
Level 1 : LEGADO
Level 1 : NIEVE POLVO
Level 1 : DESQUITE
Level 8 : AULLIDO
Level 13: KINÉTICO
Level 16: FALSOTORTAZO
Level 21: TAMBOR
Level 25: RETROCESO
Level 31: BOTE
Level 39: RAYO AURORA
Level 45: TAJO CRUZADO
Level 53: PAZ MENTAL
Level 64: SUSTITUTO

095 Onix -> Steelix
HP  35 
ATK 45 
DEF 160
SPA 30 
SPD 45 
SPE 70 
Level 1 : BLOQUEO
Level 1 : MORDISCO
Level 8 : MEGAAGOTAR
Level 12: VELO SAGRADO
Level 19: CORNADA
Level 23: SALPICAR
Level 30: AMNESIA
Level 34: ATAQUE FURIA
Level 41: VEL. EXTREMA
Level 45: NEBLINA
Level 52: GAS VENENOSO
Level 56: IMITACIÓN
Egg Moves:
 - PÚAS
 - ARRAIGO
 - VOZARRÓN
 - RUEDA FUEGO

096 Drowzee -> Hypno
HP  60 
ATK 48 
DEF 45 
SPA 43 
SPD 90 
SPE 42 
Level 1 : MISMODESTINO
Level 1 : RAYO SOLAR
Level 7 : NEBLINA
Level 11: PLANTA FEROZ
Level 17: MEGAPATADA
Level 21: ÁCIDO
Level 27: GOLPE
Level 31: CONVERSIÓN
Level 37: CUCHILLADA
Level 41: FIJAR BLANCO
Level 47: ATAQUE FURIA
Egg Moves:
 - COLA VENENO
 - CHUPAVIDAS
 - TELÉPATA
 - DEMOLICIÓN
 - KINÉTICO
 - FISURA

097 Hypno ->  (no evolution)
HP  85 
ATK 73 
DEF 70 
SPA 73 
SPD 115
SPE 67 
Level 1 : PRESENTE
Level 1 : BOMBA SÓNICA
Level 1 : RABIA
Level 1 : PAZ MENTAL
Level 1 : TUMBA ROCAS
Level 7 : FOCO ENERGÍA
Level 11: GIRO FUEGO
Level 17: FUEGO FATUO
Level 21: HIDROCHORRO
Level 29: DETECCIÓN
Level 35: DESLUMBRAR
Level 43: CONTADOR
Level 49: ATAQUE ALA
Level 57: ATAQUE ARENA

098 Krabby -> Kingler
HP  30 
ATK 105
DEF 90 
SPA 25 
SPD 25 
SPE 50 
Level 1 : ESTÍMULO
Level 5 : CONTADOR
Level 12: HOJA AGUDA
Level 16: PERFORADOR
Level 23: MALICIOSO
Level 27: CARA SUSTO
Level 34: SALPICAR
Level 38: TERREMOTO
Level 45: SEÑUELO
Level 49: VENGANZA
Egg Moves:
 - REMOLINO
 - DESCANSO
 - ROBO
 - PATADA ÍGNEA
 - CONTADOR
 - CANTO MORTAL
 - DIVIDE DOLOR

099 Kingler ->  (no evolution)
HP  55 
ATK 130
DEF 115
SPA 50 
SPD 50 
SPE 75 
Level 1 : CONVERSIÓN
Level 1 : REPETICIÓN
Level 1 : PEDRADA
Level 1 : PATADA BAJA
Level 1 : HIPERRAYO
Level 5 : PORTAZO
Level 12: BOLA HIELO
Level 16: VENGANZA
Level 23: BOLA NEBLINA
Level 27: PRESA
Level 38: MAL DE OJO
Level 42: BESO AMOROSO
Level 57: REMOLINO
Level 65: LANZARROCAS

100 Voltorb -> Electrode
HP  40 
ATK 30 
DEF 50 
SPA 55 
SPD 55 
SPE 100
Level 1 : HOJA AGUDA
Level 1 : RUEDA FUEGO
Level 8 : ALBOROTO
Level 15: ELECTROCAÑÓN
Level 21: PSICORRAYO
Level 27: BOLA SOMBRA
Level 32: ESTÍMULO
Level 37: GOLPE AÉREO
Level 42: PIN MISIL
Level 46: DANZA CAOS
Level 49: IMAGEN

101 Electrode ->  (no evolution)
HP  60 
ATK 50 
DEF 70 
SPA 80 
SPD 80 
SPE 150
Level 1 : DIVIDE DOLOR
Level 1 : PSICORRAYO
Level 1 : TRAGAR
Level 1 : HOJA AGUDA
Level 8 : ENCANTO
Level 15: DANZA PLUMA
Level 21: PESADILLA
Level 27: DANZA CAOS
Level 34: AMNESIA
Level 41: BURBUJA
Level 48: AGUA LODOSA
Level 54: BOTE
Level 59: TELETRANSP

102 Exeggcute -> Exeggutor
HP  60 
ATK 40 
DEF 80 
SPA 60 
SPD 45 
SPE 40 
Level 1 : DESEO OCULTO
Level 1 : METRÓNOMO
Level 1 : DOBLE FILO
Level 7 : POLUCIÓN
Level 13: PATADA SALTO
Level 19: GOLPE AÉREO
Level 25: MASA CÓSMICA
Level 31: CHUPAVIDAS
Level 37: VENTISCA
Level 43: HUESOMERANG
Egg Moves:
 - MALICIOSO
 - VIENTO PLATA
 - MORDISCO
 - IMPRESIONAR
 - HOJA MÁGICA
 - ALIVIO
 - GUILLOTINA

103 Exeggutor ->  (no evolution)
HP  95 
ATK 95 
DEF 85 
SPA 125
SPD 75 
SPE 55 
Level 1 : ALA DE ACERO
Level 1 : PERFORADOR
Level 1 : VIENTO HIELO
Level 19: HIDROCAÑÓN
Level 31: HIPNOSIS

104 Cubone -> Marowak
HP  50 
ATK 50 
DEF 95 
SPA 40 
SPD 50 
SPE 35 
Level 1 : RAYO
Level 5 : ANULACIÓN
Level 9 : LLAMARADA
Level 13: AROMATERAPIA
Level 17: MAL DE OJO
Level 21: LANZALLAMAS
Level 25: DÍA DE PAGO
Level 29: ATAQUE ARENA
Level 33: POLVO VENENO
Level 37: MANTO ESPEJO
Level 41: DESQUITE
Level 45: PSICOATAQUE
Egg Moves:
 - RECUPERACIÓN
 - ONDA VOLTIO
 - CARA SUSTO
 - RAYO HIELO
 - LLAMARADA
 - PEDRADA
 - TELARAÑA

105 Marowak ->  (no evolution)
HP  60 
ATK 80 
DEF 110
SPA 50 
SPD 80 
SPE 45 
Level 1 : ESTALLIDO
Level 1 : GAS VENENOSO
Level 1 : TELETRANSP
Level 1 : DOBLE PATADA
Level 5 : PULPOCAÑÓN
Level 9 : MIMÉTICO
Level 13: LENGÜETAZO
Level 17: MANTO ESPEJO
Level 21: GRUÑIDO
Level 25: DANZA LLUVIA
Level 32: PODER PASADO
Level 39: LEGADO
Level 46: AYUDA
Level 53: ATADURA
Level 61: PSÍQUICO

106 Hitmonlee ->  (no evolution)
HP  50 
ATK 120
DEF 53 
SPA 35 
SPD 110
SPE 87 
Level 1 : AGUA LODOSA
Level 1 : DOBLE RAYO
Level 6 : DEF. FÉRREA
Level 11: PLACAJE ELÉC
Level 16: POLVO VENENO
Level 20: BOMBA SÓNICA
Level 21: RABIA
Level 26: DANZA CAOS
Level 31: FUEGOSAGRADO
Level 36: TORM. ARENA
Level 41: PANTALLA LUZ
Level 46: TÓXICO
Level 51: PERSECUCIÓN

107 Hitmonchan ->  (no evolution)
HP  50 
ATK 105
DEF 79 
SPA 35 
SPD 110
SPE 76 
Level 1 : SONÁMBULO
Level 1 : CABEZAZO
Level 7 : DESTRUCTOR
Level 13: REFUERZO
Level 20: AMORTIGUADOR
Level 26: AT. RÁPIDO
Level 26: ARRAIGO
Level 26: TORM. ARENA
Level 32: DULCE AROMA
Level 38: GIRO FUEGO
Level 44: TRUENO
Level 50: GANCHO ALTO

108 Lickitung ->  (no evolution)
HP  90 
ATK 55 
DEF 75 
SPA 60 
SPD 75 
SPE 30 
Level 1 : RESPLANDOR
Level 7 : DOBLE PATADA
Level 12: DULCE AROMA
Level 18: ALIVIO
Level 23: BLOQUEO
Level 29: ULTRAPUÑO
Level 34: FURIA DRAGÓN
Level 40: MISMODESTINO
Level 45: ATAQUE ARENA
Level 51: PSICORRAYO
Egg Moves:
 - VENGANZA
 - CONVERSIÓN
 - MALICIOSO
 - DÍA DE PAGO
 - PUÑODINÁMICO
 - BOMBA LODO
 - ESTALLIDO
 - PODER OCULTO

109 Koffing -> Weezing
HP  40 
ATK 65 
DEF 95 
SPA 60 
SPD 45 
SPE 35 
Level 1 : COSQUILLAS
Level 1 : PUÑO FUEGO
Level 9 : ALIVIO
Level 17: PANTALLA LUZ
Level 21: FUERZA BRUTA
Level 25: GUILLOTINA
Level 33: VOZARRÓN
Level 41: MAGNITUD
Level 45: DISP. LODO
Level 49: ROBO
Egg Moves:
 - RAYO AURORA
 - NEBLINA
 - ATAQUE FURIA
 - GRUÑIDO
 - RAYO BURBUJA
 - CANTO MORTAL

110 Weezing ->  (no evolution)
HP  65 
ATK 90 
DEF 120
SPA 85 
SPD 70 
SPE 60 
Level 1 : VIENTO PLATA
Level 1 : BOTE
Level 1 : ANTOJO
Level 1 : GOLPE CABEZA
Level 9 : TAMBOR
Level 17: BURBUJA
Level 21: REDUCCIÓN
Level 25: ESTALLIDO
Level 33: DESEO OCULTO
Level 44: TENAZA
Level 51: BOMBA SÓNICA
Level 58: DETECCIÓN

111 Rhyhorn -> Rhydon
HP  80 
ATK 85 
DEF 95 
SPA 30 
SPD 30 
SPE 25 
Level 1 : CONFUSIÓN
Level 1 : VIENTO PLATA
Level 10: DÍA SOLEADO
Level 15: COLMILLO VEN
Level 24: HOJA MÁGICA
Level 29: PUÑO METEORO
Level 38: TELARAÑA
Level 43: AUTODESTRUC
Level 52: ASCUAS
Level 57: MOFA
Egg Moves:
 - RUEDA FUEGO
 - BOMBA SÓNICA
 - MEGAPATADA
 - ÁCIDO
 - MAGNITUD
 - BESO AMOROSO
 - BOLA HIELO
 - LÁTIGO

112 Rhydon ->  (no evolution)
HP  105
ATK 130
DEF 120
SPA 45 
SPD 45 
SPE 40 
Level 1 : PICOTAZO VEN
Level 1 : BOTE
Level 1 : BOFETÓN LODO
Level 1 : GOLPE CUERPO
Level 10: TELÉPATA
Level 15: HIDROBOMBA
Level 24: SUMISIÓN
Level 29: CAMPANA CURA
Level 38: FINTA
Level 46: PUÑO COMETA
Level 58: MAGNITUD
Level 66: ESPORAGODÓN

113 Chansey -> Blissey
HP  250
ATK 5  
DEF 5  
SPA 35 
SPD 105
SPE 50 
Level 1 : LLANTO FALSO
Level 1 : BOLA NEBLINA
Level 5 : HOJA MÁGICA
Level 9 : HIDROBOMBA
Level 13: CONFUSIÓN
Level 17: FURIA DRAGÓN
Level 23: TÓXICO
Level 29: AROMATERAPIA
Level 35: ONDA TRUENO
Level 41: SÍNTESIS
Level 49: PUÑO CERTERO
Level 57: VELO SAGRADO
Egg Moves:
 - PICOTAZO VEN
 - DOBLE EQUIPO
 - VELO SAGRADO
 - CUCHILLADA
 - ELECTROCAÑÓN

114 Tangela ->  (no evolution)
HP  65 
ATK 55 
DEF 115
SPA 100
SPD 40 
SPE 60 
Level 1 : LLAMARADA
Level 1 : PUÑO TRUENO
Level 4 : ADAPTACIÓN
Level 10: HIPERRAYO
Level 13: SOFOCO
Level 19: MISMODESTINO
Level 22: ESPORAGODÓN
Level 28: DESARME
Level 31: ATAQUE AÉREO
Level 37: SONÁMBULO
Level 40: CABEZAZO
Level 46: MEDITACIÓN
Egg Moves:
 - DANZA DRAGÓN
 - ATAQUE FURIA
 - CHIRRIDO
 - RÁFAGA
 - RASTREO
 - LANZALLAMAS
 - RONQUIDO

115 Kangaskhan ->  (no evolution)
HP  105
ATK 95 
DEF 80 
SPA 40 
SPD 80 
SPE 90 
Level 1 : CORTEFURIA
Level 1 : GOLPE KARATE
Level 7 : MEGAPUÑO
Level 13: DESEO
Level 19: FIJAR BLANCO
Level 25: POLVO VENENO
Level 31: COSQUILLAS
Level 37: ONDA VOLTIO
Level 43: CARGA
Level 49: V. CORTANTE
Egg Moves:
 - TRIPLEPATADA
 - OTRA VEZ
 - VENGANZA
 - CERCA
 - DESEO
 - SEÑUELO
 - AULLIDO
 - VIENTO HIELO

116 Horsea -> Seadra
HP  30 
ATK 40 
DEF 70 
SPA 70 
SPD 25 
SPE 60 
Level 1 : FUEGOSAGRADO
Level 8 : TRAGAR
Level 15: DOBLE RAYO
Level 22: PATADA SALTO
Level 29: GARRA DRAGÓN
Level 36: RELAJO
Level 43: DEF. FÉRREA
Level 50: PUÑO COMETA
Egg Moves:
 - RAYO
 - PIN MISIL
 - CONTADOR
 - ADAPTACIÓN
 - CONVERSIÓN
 - RELAJO
 - AZOTE

117 Seadra -> Kingdra
HP  55 
ATK 65 
DEF 95 
SPA 95 
SPD 45 
SPE 85 
Level 1 : MASA CÓSMICA
Level 1 : LLANTO FALSO
Level 1 : PÚAS
Level 1 : HIDROCAÑÓN
Level 8 : PUÑO MAREO
Level 15: EMPUJÓN
Level 22: AMORTIGUADOR
Level 29: RENCOR
Level 40: VIENTO PLATA
Level 51: REMOLINO
Level 62: ENFADO

118 Goldeen -> Seaking
HP  45 
ATK 67 
DEF 60 
SPA 35 
SPD 50 
SPE 63 
Level 1 : PROTECCIÓN
Level 1 : HIDROPULSO
Level 1 : PUÑO HIELO
Level 10: CONTADOR
Level 15: PANTALLA LUZ
Level 24: FORTALEZA
Level 29: ATAQUE FURIA
Level 38: BOMBA SÓNICA
Level 43: FINTA
Level 52: AROMATERAPIA
Level 57: PATADA ÍGNEA
Egg Moves:
 - REFLEJO
 - TERREMOTO
 - CORNADA
 - ESTÍMULO
 - PERSECUCIÓN

119 Seaking ->  (no evolution)
HP  80 
ATK 92 
DEF 65 
SPA 65 
SPD 80 
SPE 68 
Level 1 : AUTODESTRUC
Level 1 : GOLPE CABEZA
Level 1 : LÁTIGO CEPA
Level 1 : COLA FÉRREA
Level 10: SUMISIÓN
Level 15: PANTALLA LUZ
Level 24: OTRA VEZ
Level 29: BUCLE ARENA
Level 41: ÁCIDO
Level 49: BOMBA LODO
Level 61: RESPLANDOR
Level 69: IMPRESIONAR

120 Staryu -> Starmie
HP  30 
ATK 45 
DEF 55 
SPA 70 
SPD 55 
SPE 85 
Level 1 : AT. RÁPIDO
Level 1 : PARANORMAL
Level 6 : RESERVA
Level 10: AGARRE
Level 15: BRAZO PINCHO
Level 19: DESLUMBRAR
Level 24: TÓXICO
Level 28: TORNADO
Level 33: SILBATO
Level 37: HOJA MÁGICA
Level 42: MAGNITUD
Level 46: HIDROCHORRO

121 Starmie ->  (no evolution)
HP  60 
ATK 75 
DEF 85 
SPA 100
SPD 85 
SPE 115
Level 1 : DANZA CAOS
Level 1 : HIDROPULSO
Level 1 : ANTOJO
Level 1 : ALBOROTO
Level 33: PICOTAZO

122 Mr. Mime ->  (no evolution)
HP  40 
ATK 45 
DEF 65 
SPA 100
SPD 120
SPE 90 
Level 1 : ONDA ÍGNEA
Level 5 : TÓXICO
Level 8 : BUCLE ARENA
Level 12: TERREMOTO
Level 15: MASA CÓSMICA
Level 19: RAYO CONFUSO
Level 19: TRUCO
Level 22: HIDROCHORRO
Level 26: ASCUAS
Level 29: FUEGO FATUO
Level 33: ATAQUE ÓSEO
Level 36: DESENROLLAR
Level 40: ESPORA
Level 43: PICOTAZO
Level 47: ALBOROTO
Level 50: RUEDA FUEGO
Egg Moves:
 - SUSTITUTO
 - HUESO PALO
 - MEDITACIÓN
 - GOLPE CUERPO
 - SALPICAR
 - PIN MISIL

123 Scyther -> Scizor
HP  70 
ATK 110
DEF 80 
SPA 55 
SPD 80 
SPE 105
Level 1 : EXCAVAR
Level 1 : ALBOROTO
Level 6 : PUÑO SOMBRA
Level 11: BURBUJA
Level 16: POLUCIÓN
Level 21: DIVIDE DOLOR
Level 26: ESPORAGODÓN
Level 31: CAMUFLAJE
Level 36: PODER OCULTO
Level 41: FINTA
Level 46: DRENADORAS
Egg Moves:
 - CORNADA
 - PEDRADA
 - MAL DE OJO
 - MALICIOSO
 - FIJAR BLANCO
 - CARA SUSTO
 - ARAÑAZO
 - VEL. EXTREMA

124 Jynx ->  (no evolution)
HP  65 
ATK 50 
DEF 35 
SPA 115
SPD 95 
SPE 95 
Level 1 : GOLPE CABEZA
Level 1 : TÓXICO
Level 1 : PALIZA
Level 1 : RAYO
Level 9 : HIDROBOMBA
Level 13: PANTALLAHUMO
Level 21: SOFOCO
Level 25: ROBO
Level 35: RIZO DEFENSA
Level 41: PLANTA FEROZ
Level 51: PANTALLA LUZ
Level 57: GIGADRENADO
Level 67: ELECTROCAÑÓN

125 Electabuzz ->  (no evolution)
HP  65 
ATK 83 
DEF 57 
SPA 95 
SPD 85 
SPE 105
Level 1 : DESCANSO
Level 1 : AGUA LODOSA
Level 1 : CONFUSIÓN
Level 9 : KINÉTICO
Level 17: COLA VENENO
Level 25: BARRERA
Level 36: PISTOLA AGUA
Level 47: GIRO FUEGO
Level 58: PUÑO CERTERO

126 Magmar ->  (no evolution)
HP  65 
ATK 95 
DEF 57 
SPA 100
SPD 85 
SPE 93 
Level 1 : AUTODESTRUC
Level 1 : MEDITACIÓN
Level 1 : REFUGIO
Level 1 : HUESOMERANG
Level 7 : DOBLE EQUIPO
Level 13: AGUA LODOSA
Level 19: HIP.COLMILLO
Level 25: PROTECCIÓN
Level 33: ONDA ÍGNEA
Level 41: FURIA
Level 49: SUPERDIENTE
Level 57: ONDA VOLTIO

127 Pinsir ->  (no evolution)
HP  65 
ATK 125
DEF 100
SPA 55 
SPD 70 
SPE 85 
Level 1 : ASCUAS
Level 1 : PISOTÓN
Level 7 : GANCHO ALTO
Level 13: AIRE AFILADO
Level 19: PANTALLA LUZ
Level 25: GRANIZO
Level 31: RUGIDO
Level 37: ESPORAGODÓN
Level 43: LEGADO
Level 49: TÓXICO
Egg Moves:
 - COLA FÉRREA
 - MAGNITUD
 - MEGAAGOTAR
 - DANZA ESPADA

128 Tauros ->  (no evolution)
HP  75 
ATK 100
DEF 95 
SPA 40 
SPD 70 
SPE 110
Level 1 : ESCUPIR
Level 1 : HIPERRAYO
Level 4 : RAYO AURORA
Level 8 : MIMÉTICO
Level 13: BOMBA HUEVO
Level 19: BOSTEZO
Level 26: LÁTIGO CEPA
Level 34: NEBLINA
Level 43: PSICOONDA
Level 53: MOFA

129 Magikarp -> Gyarados
HP  20 
ATK 10 
DEF 55 
SPA 15 
SPD 20 
SPE 80 
Level 1 : VIENTO HIELO
Level 15: PRESENTE
Level 30: DESQUITE

130 Gyarados ->  (no evolution)
HP  95 
ATK 125
DEF 79 
SPA 60 
SPD 100
SPE 81 
Level 1 : DISP. LODO
Level 20: RENCOR
Level 25: DÍA DE PAGO
Level 30: SOL MATINAL
Level 35: AGILIDAD
Level 40: BOFETÓN LODO
Level 45: RIZO DEFENSA
Level 50: ÁCIDO
Level 55: TAMBOR

131 Lapras ->  (no evolution)
HP  130
ATK 85 
DEF 80 
SPA 85 
SPD 95 
SPE 60 
Level 1 : COLMILLO VEN
Level 1 : EXCAVAR
Level 1 : HIPERRAYO
Level 7 : VOZARRÓN
Level 13: PANTALLA LUZ
Level 19: PERFORADOR
Level 25: PAZ MENTAL
Level 31: ANULACIÓN
Level 37: SUMISIÓN
Level 43: TRIPLEPATADA
Level 49: RAYO CONFUSO
Level 55: RAYO BURBUJA
Egg Moves:
 - HIPNOSIS
 - ELECTROCAÑÓN
 - ATAQUE ÓSEO
 - MALDICIÓN
 - GOLPES FURIA
 - BARRERA
 - INTERCAMBIO
 - V. CORTANTE

132 Ditto ->  (no evolution)
HP  48 
ATK 48 
DEF 48 
SPA 48 
SPD 48 
SPE 48 
Level 1 : CUCHILLADA

133 Eevee -> Jolteon
HP  55 
ATK 55 
DEF 50 
SPA 45 
SPD 65 
SPE 55 
Level 1 : CORPULENCIA
Level 1 : ROBO
Level 1 : ESTÍMULO
Level 8 : REMOLINO
Level 16: FUEGO FATUO
Level 23: FINTA
Level 30: PROFECÍA
Level 36: RAYO HIELO
Level 42: LÁTIGO CEPA
Egg Moves:
 - MALDICIÓN
 - CANTO
 - BOFETÓN LODO
 - DESLUMBRAR
 - ESQUEMA
 - ESPORAGODÓN

134 Vaporeon ->  (no evolution)
HP  130
ATK 65 
DEF 60 
SPA 110
SPD 95 
SPE 65 
Level 1 : GARRA METAL
Level 1 : GARRA DRAGÓN
Level 1 : PARANORMAL
Level 8 : GRANIZO
Level 16: RETROCESO
Level 23: MOV. ESPEJO
Level 30: LANZALLAMAS
Level 36: ONDA TRUENO
Level 42: SALPICADURA
Level 47: HIP.COLMILLO
Level 52: DOBLEBOFETÓN

135 Jolteon ->  (no evolution)
HP  65 
ATK 65 
DEF 60 
SPA 110
SPD 95 
SPE 130
Level 1 : HIP.COLMILLO
Level 1 : CERCA
Level 1 : SOFOCO
Level 8 : COSQUILLAS
Level 16: DESQUITE
Level 23: DISP. DEMORA
Level 30: DANZA DRAGÓN
Level 36: PRESA
Level 42: PICOTAZO
Level 47: INVERSIÓN
Level 52: ATAQUE AÉREO

136 Flareon ->  (no evolution)
HP  65 
ATK 130
DEF 60 
SPA 95 
SPD 110
SPE 65 
Level 1 : ESPORAGODÓN
Level 1 : ATAQUE ÓSEO
Level 1 : PUÑO FUEGO
Level 8 : REMOLINO
Level 16: RELEVO
Level 23: ONDA ÍGNEA
Level 30: ALA DE ACERO
Level 36: GIGADRENADO
Level 42: CICLÓN
Level 47: GANCHO ALTO
Level 52: TÓXICO

137 Porygon -> Porygon2
HP  65 
ATK 60 
DEF 70 
SPA 85 
SPD 75 
SPE 40 
Level 1 : CHIRRIDO
Level 1 : RECURRENTE
Level 1 : GOLPE KARATE
Level 9 : DANZA PLUMA
Level 12: ASCUAS
Level 20: PANTALLAHUMO
Level 24: PLACAJE ELÉC
Level 32: ONDA ÍGNEA
Level 36: ONDA TRUENO
Level 44: EXPLOSIÓN
Level 48: ESTALLIDO

138 Omanyte -> Omastar
HP  35 
ATK 40 
DEF 100
SPA 90 
SPD 55 
SPE 35 
Level 1 : SUPERDIENTE
Level 1 : PUÑO FUEGO
Level 13: AEROCHORRO
Level 19: SALPICADURA
Level 25: BOLA HIELO
Level 31: ANTOJO
Level 37: MAGNITUD
Level 43: AROMATERAPIA
Level 49: MISMODESTINO
Level 55: INVERSIÓN
Egg Moves:
 - PATADA ÍGNEA
 - PICOTAZO VEN
 - PUÑO SOMBRA
 - BESO AMOROSO
 - DISP. DEMORA
 - MAGNITUD
 - ATAQUE ALA

139 Omastar ->  (no evolution)
HP  70 
ATK 60 
DEF 125
SPA 115
SPD 70 
SPE 55 
Level 1 : ADAPTACIÓN
Level 1 : CONVERSIÓN2
Level 1 : ENCANTO
Level 1 : HIDROPULSO
Level 13: ATAQUE AÉREO
Level 19: MEGAPUÑO
Level 25: PICOTAZO VEN
Level 31: PRESENTE
Level 37: TRIATAQUE
Level 40: PORTAZO
Level 46: TAMBOR
Level 55: TELARAÑA
Level 65: CORPULENCIA

140 Kabuto -> Kabutops
HP  30 
ATK 80 
DEF 90 
SPA 55 
SPD 45 
SPE 55 
Level 1 : ANILLO ÍGNEO
Level 1 : DOBLEATAQUE
Level 13: LADRÓN
Level 19: VENGANZA
Level 25: LUZ LUNAR
Level 31: TINIEBLAS
Level 37: FIJAR BLANCO
Level 43: TORMENTO
Level 49: PÚAS
Level 55: PROFECÍA
Egg Moves:
 - BOLA NEBLINA
 - GIGADRENADO
 - GARRA DRAGÓN
 - COME SUEÑOS
 - CORNADA
 - PUÑO MAREO
 - AEROCHORRO

141 Kabutops ->  (no evolution)
HP  60 
ATK 115
DEF 105
SPA 65 
SPD 70 
SPE 80 
Level 1 : CLAVO CAÑÓN
Level 1 : ARRAIGO
Level 1 : BATIDO
Level 1 : BRAZO PINCHO
Level 1 : CABEZAZO
Level 13: TRITURAR
Level 19: ANILLO ÍGNEO
Level 25: BOMBA SÓNICA
Level 31: ESTÍMULO
Level 37: HUESOMERANG
Level 40: SEÑUELO
Level 46: SÍNTESIS
Level 55: TINIEBLAS
Level 65: PIN MISIL

142 Aerodactyl ->  (no evolution)
HP  80 
ATK 105
DEF 65 
SPA 60 
SPD 75 
SPE 130
Level 1 : CUCHILLADA
Level 8 : HIP.COLMILLO
Level 15: TINIEBLAS
Level 22: ASCUAS
Level 29: CARGA
Level 36: RAYO
Level 43: DISP. LODO
Level 50: KINÉTICO
Egg Moves:
 - DRENADORAS
 - RUEDA FUEGO
 - RAYO AURORA
 - FORTALEZA
 - CARGA
 - PICOTAZO

143 Snorlax ->  (no evolution)
HP  160
ATK 110
DEF 65 
SPA 65 
SPD 110
SPE 30 
Level 1 : BOLA SOMBRA
Level 5 : HIPNOSIS
Level 9 : ASCUAS
Level 13: AUTODESTRUC
Level 17: PUÑODINÁMICO
Level 21: PUÑO HIELO
Level 25: DESTRUCTOR
Level 29: VENTISCA
Level 33: COSQUILLAS
Level 37: DRAGOALIENTO
Level 41: ATADURA
Level 45: DESQUITE
Level 49: COLMILLO VEN
Level 53: TELETRANSP
Egg Moves:
 - PODER PASADO
 - TÓXICO
 - PANTALLAHUMO
 - AMORTIGUADOR
 - PRESENTE
 - PUÑO SOMBRA

144 Articuno ->  (no evolution)
HP  90 
ATK 85 
DEF 100
SPA 95 
SPD 125
SPE 85 
Level 1 : CUCHILLADA
Level 1 : PARANORMAL
Level 13: GIRO FUEGO
Level 25: PISOTÓN
Level 37: TAMBOR
Level 49: IMITACIÓN
Level 61: PICO TALADRO
Level 73: COLA VENENO
Level 85: PICOTAZO

145 Zapdos ->  (no evolution)
HP  90 
ATK 90 
DEF 85 
SPA 125
SPD 90 
SPE 100
Level 1 : RONQUIDO
Level 1 : HIDROBOMBA
Level 13: METRÓNOMO
Level 25: FRUSTRACIÓN
Level 37: LÁTIGO CEPA
Level 49: TÓXICO
Level 61: AUTODESTRUC
Level 73: ATRACCIÓN
Level 85: RAYO AURORA

146 Moltres ->  (no evolution)
HP  90 
ATK 100
DEF 90 
SPA 125
SPD 85 
SPE 90 
Level 1 : MEDITACIÓN
Level 1 : RAYO BURBUJA
Level 13: PUÑO MAREO
Level 25: CERCA
Level 37: COSQUILLAS
Level 49: GRUÑIDO
Level 61: MEGAAGOTAR
Level 73: PLACAJE
Level 85: PUÑO METEORO

147 Dratini -> Dragonair
HP  41 
ATK 64 
DEF 45 
SPA 50 
SPD 50 
SPE 50 
Level 1 : PANTALLAHUMO
Level 1 : MEGACUERNO
Level 8 : REMOLINO
Level 15: DISP. LODO
Level 22: ONDA ÍGNEA
Level 29: RECURRENTE
Level 36: ECO METÁLICO
Level 43: PRESA
Level 50: BOTE
Level 57: PODER OCULTO
Egg Moves:
 - RETROCESO
 - TENAZA
 - AROMATERAPIA
 - GRUÑIDO
 - NEBLINA
 - BESO DULCE

148 Dragonair -> Dragonite
HP  61 
ATK 84 
DEF 65 
SPA 70 
SPD 70 
SPE 70 
Level 1 : AROMATERAPIA
Level 1 : ANILLO ÍGNEO
Level 1 : DANZA PÉTALO
Level 1 : RESIDUOS
Level 8 : LLAMARADA
Level 15: PÚAS
Level 22: REDUCCIÓN
Level 29: PORTAZO
Level 38: PUÑO HIELO
Level 47: GOLPES FURIA
Level 56: OTRA VEZ
Level 65: DOBLEBOFETÓN

149 Dragonite ->  (no evolution)
HP  91 
ATK 134
DEF 95 
SPA 100
SPD 100
SPE 80 
Level 1 : ULTRAPUÑO
Level 1 : FORTALEZA
Level 1 : HIPNOSIS
Level 1 : ATAQUE ALA
Level 8 : ABSORBER
Level 15: FUEGO FATUO
Level 22: CERCA
Level 29: PATADA SALTO
Level 38: GRUÑIDO
Level 47: PICO TALADRO
Level 55: CHIRRIDO
Level 61: CANTO
Level 75: NEBLINA

150 Mewtwo ->  (no evolution)
HP  106
ATK 110
DEF 90 
SPA 154
SPD 90 
SPE 130
Level 1 : CHUPAVIDAS
Level 1 : RAYO BURBUJA
Level 11: AROMATERAPIA
Level 22: GAS VENENOSO
Level 33: MEGAAGOTAR
Level 44: ESTALLIDO
Level 55: ASCUAS
Level 66: FURIA
Level 77: RESPLANDOR
Level 88: HOJA AFILADA
Level 99: DEF. FÉRREA

151 Mew ->  (no evolution)
HP  100
ATK 100
DEF 100
SPA 100
SPD 100
SPE 100
Level 1 : MEGACUERNO
Level 10: BOMBA LODO
Level 20: RIZO DEFENSA
Level 30: REMOLINO
Level 40: CHISPA
Level 50: FALSOTORTAZO

152 Chikorita -> Bayleef
HP  45 
ATK 49 
DEF 65 
SPA 49 
SPD 65 
SPE 45 
Level 1 : PUÑO CERTERO
Level 1 : ALA DE ACERO
Level 8 : INVERSIÓN
Level 12: RUEDA FUEGO
Level 15: VIENTO PLATA
Level 22: CAPA MÁGICA
Level 29: PSICORRAYO
Level 36: GRUÑIDO
Level 43: DANZA LLUVIA
Level 50: METEOROBOLA
Egg Moves:
 - COLA FÉRREA
 - INTERCAMBIO
 - GRANIZO
 - PICOTAZO
 - BESO AMOROSO
 - ECO METÁLICO
 - ONDA TRUENO
 - NIEVE POLVO

153 Bayleef -> Meganium
HP  60 
ATK 62 
DEF 80 
SPA 63 
SPD 80 
SPE 60 
Level 1 : LÁTIGO CEPA
Level 1 : ALIVIO
Level 1 : SUPERDIENTE
Level 1 : RESIDUOS
Level 8 : CAMPANA CURA
Level 12: MEGAAGOTAR
Level 15: CARGA
Level 23: IMAGEN
Level 31: DESCANSO
Level 39: MARTILLAZO
Level 47: ATAQUE FURIA
Level 55: RETROCESO

154 Meganium ->  (no evolution)
HP  80 
ATK 82 
DEF 100
SPA 83 
SPD 100
SPE 80 
Level 1 : PSICOATAQUE
Level 1 : CONTADOR
Level 1 : ARRAIGO
Level 1 : RAYO HIELO
Level 8 : TRITURAR
Level 12: ESTÍMULO
Level 15: INTERCAMBIO
Level 23: AUTODESTRUC
Level 31: RAYO AURORA
Level 41: CONTONEO
Level 51: ROBO
Level 61: LLAMARADA

155 Cyndaquil -> Quilava
HP  39 
ATK 52 
DEF 43 
SPA 60 
SPD 50 
SPE 65 
Level 1 : SONÁMBULO
Level 1 : GIRO RÁPIDO
Level 6 : MEGACUERNO
Level 12: PRESA
Level 19: RECUPERACIÓN
Level 27: RAYO SOLAR
Level 36: ROBO
Level 46: NIEVE POLVO
Egg Moves:
 - DANZA ESPADA
 - CONVERSIÓN
 - LÁTIGO
 - PEDRADA
 - CLAVO CAÑÓN
 - MOFA
 - AGARRE
 - PUÑO HIELO

156 Quilava -> Typhlosion
HP  58 
ATK 64 
DEF 58 
SPA 80 
SPD 65 
SPE 80 
Level 1 : BLOQUEO
Level 1 : CAMELO
Level 1 : PSICORRAYO
Level 6 : GRANIZO
Level 12: CHUPAVIDAS
Level 21: DESQUITE
Level 31: CHISPA
Level 42: REFLEJO
Level 54: PLANTA FEROZ

157 Typhlosion ->  (no evolution)
HP  78 
ATK 84 
DEF 78 
SPA 109
SPD 85 
SPE 100
Level 1 : MAGNITUD
Level 1 : GARRA DRAGÓN
Level 1 : PODER PASADO
Level 1 : LLAMARADA
Level 6 : CAMUFLAJE
Level 12: INVERSIÓN
Level 21: REMOLINO
Level 31: SONÁMBULO
Level 45: METRÓNOMO
Level 60: SUPERDIENTE

158 Totodile -> Croconaw
HP  50 
ATK 65 
DEF 64 
SPA 44 
SPD 48 
SPE 43 
Level 1 : TUMBA ROCAS
Level 1 : HOJA MÁGICA
Level 7 : VENGANZA
Level 13: REFUGIO
Level 20: SEÑUELO
Level 27: ATAQUE AÉREO
Level 35: COSQUILLAS
Level 43: CABEZAZO
Level 52: CHUPAVIDAS
Egg Moves:
 - V. CORTANTE
 - ESTÍMULO
 - CAMELO
 - PUÑO HIELO
 - MASA CÓSMICA
 - ESPORA
 - RESERVA
 - ELECTROCAÑÓN

159 Croconaw -> Feraligatr
HP  65 
ATK 80 
DEF 80 
SPA 59 
SPD 63 
SPE 58 
Level 1 : RECICLAJE
Level 1 : ESTALLIDO
Level 1 : ANILLO ÍGNEO
Level 7 : DOBLEBOFETÓN
Level 13: BARRERA
Level 21: HOJA MÁGICA
Level 28: COSQUILLAS
Level 37: DRENADORAS
Level 45: PATADA GIRO
Level 55: HOJA AFILADA

160 Feraligatr ->  (no evolution)
HP  85 
ATK 105
DEF 100
SPA 79 
SPD 83 
SPE 78 
Level 1 : MALDICIÓN
Level 1 : BUCLE ARENA
Level 1 : BOFETÓN LODO
Level 1 : HOJA MÁGICA
Level 7 : DAÑO SECRETO
Level 13: DEMOLICIÓN
Level 21: COLA VENENO
Level 28: VIENTO HIELO
Level 38: MARTILLAZO
Level 47: PANTALLA LUZ
Level 58: BOLA SOMBRA

161 Sentret -> Furret
HP  35 
ATK 46 
DEF 34 
SPA 35 
SPD 45 
SPE 20 
Level 1 : PIN MISIL
Level 4 : GOLPE
Level 7 : HOJA AGUDA
Level 12: ARAÑAZO
Level 17: GRANIZO
Level 24: CONTADOR
Level 31: PARANORMAL
Level 40: ESTALLIDO
Level 49: AT. RÁPIDO
Egg Moves:
 - AGUA LODOSA
 - FOCO ENERGÍA
 - ULTRAPUÑO
 - RAPIDEZ
 - COLMILLO VEN
 - TRUCO
 - DISP. LODO
 - DIVIDE DOLOR

162 Furret ->  (no evolution)
HP  85 
ATK 76 
DEF 64 
SPA 45 
SPD 55 
SPE 90 
Level 1 : SUPERDIENTE
Level 1 : RESPLANDOR
Level 1 : COLA VENENO
Level 4 : LENGÜETAZO
Level 7 : DESEO OCULTO
Level 12: DISP. LODO
Level 19: BATIDO
Level 28: ESTÍMULO
Level 37: ARRAIGO
Level 48: CHUPAVIDAS
Level 59: PUÑO FUEGO

163 Hoothoot -> Noctowl
HP  60 
ATK 30 
DEF 30 
SPA 36 
SPD 56 
SPE 50 
Level 1 : GIGADRENADO
Level 1 : RECURRENTE
Level 6 : DANZA DRAGÓN
Level 11: DOBLE FILO
Level 16: GIRO RÁPIDO
Level 22: MOV. ESPEJO
Level 28: AMNESIA
Level 34: RESTRICCIÓN
Level 48: ALIVIO
Egg Moves:
 - RAYO SOLAR
 - RUGIDO
 - INVERSIÓN
 - FORTALEZA
 - LUZ LUNAR
 - NIEVE POLVO
 - DOBLE RAYO

164 Noctowl ->  (no evolution)
HP  100
ATK 50 
DEF 50 
SPA 86 
SPD 96 
SPE 70 
Level 1 : ESTÍMULO
Level 1 : MEGAAGOTAR
Level 1 : BOTE
Level 1 : RAYO HIELO
Level 6 : FURIA
Level 11: RECICLAJE
Level 16: AULLIDO
Level 25: ESFUERZO
Level 33: BOLA SOMBRA
Level 41: RAYO SOLAR
Level 57: BLOQUEO

165 Ledyba -> Ledian
HP  40 
ATK 20 
DEF 30 
SPA 40 
SPD 80 
SPE 55 
Level 1 : RAYO AURORA
Level 8 : DESCANSO
Level 15: DAÑO SECRETO
Level 22: LANZARROCAS
Level 22: SILBATO
Level 22: DANZA DRAGÓN
Level 29: AROMATERAPIA
Level 36: MAGNITUD
Level 43: ESPORAGODÓN
Level 50: AUTODESTRUC
Egg Moves:
 - RETROCESO
 - TRITURAR
 - AGUANTE

166 Ledian ->  (no evolution)
HP  55 
ATK 35 
DEF 50 
SPA 55 
SPD 110
SPE 85 
Level 1 : PATADA SALTO
Level 1 : SALPICAR
Level 8 : TIRO VITAL
Level 15: BOFETÓN LODO
Level 24: GOLPE AÉREO
Level 24: ESPORAGODÓN
Level 24: DOBLE EQUIPO
Level 33: ESPORA
Level 42: SUMISIÓN
Level 51: ASCUAS
Level 60: COLA FÉRREA

167 Spinarak -> Ariados
HP  40 
ATK 60 
DEF 40 
SPA 40 
SPD 40 
SPE 30 
Level 1 : HIDROBOMBA
Level 1 : ATAQUE ALA
Level 6 : PRESENTE
Level 11: RAYO HIELO
Level 17: LANZARROCAS
Level 23: CABEZAZO
Level 30: ONDA TRUENO
Level 37: SONÁMBULO
Level 45: INTERCAMBIO
Level 53: RECICLAJE
Egg Moves:
 - DULCE AROMA
 - MOV. SÍSMICO
 - DIVIDE DOLOR
 - ESPORAGODÓN
 - MASA CÓSMICA
 - EXCAVAR

168 Ariados ->  (no evolution)
HP  70 
ATK 90 
DEF 70 
SPA 60 
SPD 70 
SPE 40 
Level 1 : DANZA ESPADA
Level 1 : MOV. SÍSMICO
Level 1 : AULLIDO
Level 1 : PSÍQUICO
Level 6 : HUESO PALO
Level 11: MÁS PSIQUE
Level 17: BESO AMOROSO
Level 25: PANTALLAHUMO
Level 34: AYUDA
Level 43: BOMBA SÓNICA
Level 53: GRANIZO
Level 63: ATAQUE ALA

169 Crobat ->  (no evolution)
HP  85 
ATK 90 
DEF 80 
SPA 70 
SPD 80 
SPE 130
Level 1 : DANZA DRAGÓN
Level 1 : RAYO SOLAR
Level 1 : BOMBA LODO
Level 1 : RUEDA FUEGO
Level 6 : PAZ MENTAL
Level 11: LENGÜETAZO
Level 16: PSICORRAYO
Level 21: PLACAJE
Level 28: ONDA TRUENO
Level 35: PREMONICIÓN
Level 42: SOFOCO
Level 49: ESPORAGODÓN
Level 56: RAYO

170 Chinchou -> Lanturn
HP  75 
ATK 38 
DEF 38 
SPA 56 
SPD 56 
SPE 67 
Level 1 : TRUENO
Level 1 : VENTISCA
Level 5 : DOBLEBOFETÓN
Level 13: BARRERA
Level 17: REFUGIO
Level 25: TRAGAR
Level 29: DESTRUCTOR
Level 37: COLMILLO VEN
Level 41: MORDISCO
Level 49: PAT. S. ALTA
Egg Moves:
 - CICLÓN
 - TRIATAQUE
 - GIGADRENADO

171 Lanturn ->  (no evolution)
HP  125
ATK 58 
DEF 58 
SPA 76 
SPD 76 
SPE 67 
Level 1 : BOTE
Level 1 : AGARRE
Level 1 : GIRO RÁPIDO
Level 5 : TAMBOR
Level 13: KINÉTICO
Level 17: AMORTIGUADOR
Level 25: MAL DE OJO
Level 32: GOLPE AÉREO
Level 43: PODER PASADO
Level 50: BESO DULCE
Level 61: DANZA CAOS

172 Pichu -> Pikachu
HP  20 
ATK 40 
DEF 15 
SPA 35 
SPD 35 
SPE 60 
Level 1 : PULPOCAÑÓN
Level 1 : CABEZAZO
Level 6 : CUCHILLADA
Level 8 : ULTRAPUÑO
Level 11: MASA CÓSMICA
Egg Moves:
 - CONTONEO
 - BARRERA
 - TORMENTO
 - DRENADORAS
 - TRANSFORM
 - TELÉPATA
 - PATADA GIRO

173 Cleffa -> Clefairy
HP  50 
ATK 25 
DEF 28 
SPA 45 
SPD 55 
SPE 15 
Level 1 : ATADURA
Level 1 : TRIATAQUE
Level 4 : DISP. DEMORA
Level 8 : DOBLEBOFETÓN
Level 13: ALIVIO
Level 17: AGARRE
Egg Moves:
 - ANTOJO
 - FIJAR BLANCO
 - PUÑO COMETA
 - NEBLINA
 - ELECTROCAÑÓN
 - MANTO ESPEJO
 - HOJA MÁGICA
 - IMAGEN

174 Igglybuff -> Jigglypuff
HP  90 
ATK 30 
DEF 15 
SPA 40 
SPD 20 
SPE 15 
Level 1 : TRIPLEPATADA
Level 1 : EXCAVAR
Level 4 : DANZA CAOS
Level 9 : DESEO
Level 14: SOFOCO
Egg Moves:
 - BARRERA
 - TRIPLEPATADA
 - ADAPTACIÓN
 - POLUCIÓN
 - ONDA ÍGNEA

175 Togepi -> Togetic
HP  35 
ATK 20 
DEF 65 
SPA 40 
SPD 65 
SPE 20 
Level 1 : BARRERA
Level 1 : PUÑO HIELO
Level 4 : AGARRE
Level 9 : BOFETÓN LODO
Level 13: PANTALLAHUMO
Level 17: MÁS PSIQUE
Level 21: FRÍO POLAR
Level 25: HUESOMERANG
Level 29: POLUCIÓN
Level 33: LÁTIGO CEPA
Level 37: MIMÉTICO
Level 41: DESARME
Egg Moves:
 - CHAPOTEOLODO
 - TAJO CRUZADO
 - RUGIDO
 - AULLIDO
 - GRANIZO
 - SILBATO
 - PISOTÓN

176 Togetic ->  (no evolution)
HP  55 
ATK 40 
DEF 85 
SPA 80 
SPD 105
SPE 40 
Level 1 : ALBOROTO
Level 1 : PSICORRAYO
Level 1 : PUÑO FUEGO
Level 1 : DOBLEATAQUE
Level 1 : RECURRENTE
Level 4 : DETECCIÓN
Level 9 : REFUGIO
Level 13: AGARRE
Level 17: EMPUJÓN
Level 21: REFLEJO
Level 25: AVALANCHA
Level 29: ANTOJO
Level 33: RESERVA
Level 37: RÁFAGA
Level 41: VIENTO HIELO

177 Natu -> Xatu
HP  40 
ATK 50 
DEF 45 
SPA 70 
SPD 45 
SPE 70 
Level 1 : HIPERRAYO
Level 1 : HIDROCAÑÓN
Level 10: FURIA DRAGÓN
Level 20: BURBUJA
Level 30: ENFADO
Level 30: MISMODESTINO
Level 40: TERREMOTO
Level 50: CLAVO CAÑÓN
Egg Moves:
 - CHUPAVIDAS
 - CONVERSIÓN2
 - LEGADO
 - AFILAR
 - OTRA VEZ
 - ANULACIÓN
 - ECO METÁLICO
 - PUÑO COMETA

178 Xatu ->  (no evolution)
HP  65 
ATK 75 
DEF 70 
SPA 95 
SPD 70 
SPE 95 
Level 1 : REFUGIO
Level 1 : CONFUSIÓN
Level 10: DESEO
Level 20: INTERCAMBIO
Level 35: CHIRRIDO
Level 35: PLANTA FEROZ
Level 50: TELARAÑA
Level 65: RAPIDEZ

179 Mareep -> Flaaffy
HP  55 
ATK 40 
DEF 40 
SPA 65 
SPD 45 
SPE 35 
Level 1 : TRIPLEPATADA
Level 1 : AGARRE
Level 9 : MOFA
Level 16: PUÑO CERTERO
Level 23: PAZ MENTAL
Level 30: PISOTÓN
Level 37: MEGAPUÑO
Egg Moves:
 - ATAQUE FURIA
 - ARMAD. ÁCIDA
 - TÓXICO
 - SOMNÍFERO
 - ATAQUE ALA
 - DOBLE FILO
 - RUGIDO

180 Flaaffy -> Ampharos
HP  70 
ATK 55 
DEF 55 
SPA 80 
SPD 60 
SPE 45 
Level 1 : CORPULENCIA
Level 1 : POLUCIÓN
Level 1 : EXCAVAR
Level 9 : RAYO CONFUSO
Level 18: ARMAD. ÁCIDA
Level 27: CHUPAVIDAS
Level 36: SOMNÍFERO
Level 45: CLAVO CAÑÓN

181 Ampharos ->  (no evolution)
HP  90 
ATK 75 
DEF 85 
SPA 115
SPD 90 
SPE 55 
Level 1 : GOLPE
Level 1 : PLACAJE ELÉC
Level 1 : ONDA VOLTIO
Level 1 : DRAGOALIENTO
Level 9 : VOZARRÓN
Level 18: TRUCO
Level 27: BESO DULCE
Level 30: PUÑO METEORO
Level 42: PODER PASADO
Level 57: PLACAJE

182 Bellossom ->  (no evolution)
HP  75 
ATK 80 
DEF 95 
SPA 90 
SPD 100
SPE 50 
Level 1 : DETECCIÓN
Level 1 : PICOTAZO VEN
Level 1 : TORNADO
Level 1 : ONDA VOLTIO
Level 44: ÁCIDO
Level 55: GARRA METAL

183 Marill -> Azumarill
HP  70 
ATK 20 
DEF 50 
SPA 20 
SPD 50 
SPE 40 
Level 1 : COLA VENENO
Level 3 : IMPRESIONAR
Level 6 : ATAQUE FURIA
Level 10: ÁCIDO
Level 15: PSICOATAQUE
Level 21: ABSORBER
Level 28: DETECCIÓN
Level 36: AGUANTE
Level 45: BOMBA LODO
Egg Moves:
 - PUÑO CERTERO
 - MARTILLAZO
 - AMORTIGUADOR
 - REDUCCIÓN
 - TELÉPATA
 - MIMÉTICO
 - PATADA SALTO
 - DESQUITE

184 Azumarill ->  (no evolution)
HP  100
ATK 50 
DEF 80 
SPA 60 
SPD 80 
SPE 50 
Level 1 : PRESA
Level 1 : GANCHO ALTO
Level 1 : SUPERSÓNICO
Level 1 : CORNADA
Level 3 : RONQUIDO
Level 6 : ABSORBER
Level 10: LLANTO FALSO
Level 15: MAGNITUD
Level 24: AYUDA
Level 34: CERCA
Level 45: CONTADOR
Level 57: ATAQUE FURIA

185 Sudowoodo ->  (no evolution)
HP  70 
ATK 100
DEF 115
SPA 30 
SPD 65 
SPE 30 
Level 1 : TRAGAR
Level 1 : PARANORMAL
Level 9 : ANULACIÓN
Level 17: DERRIBO
Level 25: PSÍQUICO
Level 33: SOL MATINAL
Level 41: CANTO
Level 49: FUEGOSAGRADO
Level 57: AGUA LODOSA
Egg Moves:
 - TRUCO

186 Politoed ->  (no evolution)
HP  90 
ATK 75 
DEF 75 
SPA 90 
SPD 100
SPE 70 
Level 1 : GOLPE AÉREO
Level 1 : MAL DE OJO
Level 1 : LLANTO FALSO
Level 1 : PAT. S. ALTA
Level 35: AYUDA
Level 51: RECUPERACIÓN

187 Hoppip -> Skiploom
HP  35 
ATK 35 
DEF 40 
SPA 35 
SPD 55 
SPE 50 
Level 1 : HOJA AGUDA
Level 5 : RESIDUOS
Level 5 : CANTO MORTAL
Level 10: ESCUPIR
Level 13: CANTO
Level 15: MOV. ESPEJO
Level 17: INVERSIÓN
Level 20: EMPUJÓN
Level 25: RÁFAGA
Level 30: ALA DE ACERO
Egg Moves:
 - RETROCESO
 - GOLPE KARATE
 - DRENADORAS
 - AGUANTE
 - RAPIDEZ
 - FRÍO POLAR
 - PICOTAZO

188 Skiploom -> Jumpluff
HP  55 
ATK 45 
DEF 50 
SPA 45 
SPD 65 
SPE 80 
Level 1 : GRANIZO
Level 1 : LLANTO FALSO
Level 1 : RECURRENTE
Level 1 : PISOTÓN
Level 5 : ALA DE ACERO
Level 5 : MAGNITUD
Level 10: PROFECÍA
Level 13: PÚAS
Level 15: ATAQUE ALA
Level 17: ONDA TRUENO
Level 22: CHISPA
Level 29: CANTO
Level 36: INVERSIÓN

189 Jumpluff ->  (no evolution)
HP  75 
ATK 55 
DEF 70 
SPA 55 
SPD 95 
SPE 110
Level 1 : PANTALLA LUZ
Level 1 : CANTO MORTAL
Level 1 : PESADILLA
Level 1 : CHISPA
Level 5 : MOFA
Level 5 : PIN MISIL
Level 10: INTERCAMBIO
Level 13: DESARME
Level 15: HIP.COLMILLO
Level 17: PARALIZADOR
Level 22: CARA SUSTO
Level 33: CARÁMBANO
Level 44: IMAGEN

190 Aipom ->  (no evolution)
HP  55 
ATK 70 
DEF 55 
SPA 40 
SPD 55 
SPE 85 
Level 1 : PSICOONDA
Level 1 : PIN MISIL
Level 6 : PUÑODINÁMICO
Level 13: AMORTIGUADOR
Level 18: VENGANZA
Level 25: ARMAD. ÁCIDA
Level 31: BOSTEZO
Level 38: TELARAÑA
Level 43: PISOTÓN
Level 50: TINIEBLAS
Egg Moves:
 - AUTODESTRUC
 - LÁTIGO CEPA
 - RELEVO
 - REFLEJO
 - FOCO ENERGÍA
 - DULCE AROMA
 - MASA CÓSMICA
 - SOFOCO

191 Sunkern -> Sunflora
HP  30 
ATK 30 
DEF 30 
SPA 30 
SPD 30 
SPE 30 
Level 1 : GIGADRENADO
Level 6 : FUEGOSAGRADO
Level 13: GARRA METAL
Level 18: FOCO ENERGÍA
Level 25: EMPUJÓN
Level 30: AULLIDO
Level 37: TELARAÑA
Level 42: DOBLE RAYO
Egg Moves:
 - DAÑO SECRETO
 - SUSTITUTO
 - PODER OCULTO
 - TORNADO
 - DÍA DE PAGO
 - PATADA SALTO

192 Sunflora ->  (no evolution)
HP  75 
ATK 75 
DEF 55 
SPA 105
SPD 85 
SPE 30 
Level 1 : PERSECUCIÓN
Level 1 : HOJA AFILADA
Level 6 : TUMBA ROCAS
Level 13: POLVO VENENO
Level 18: PICOTAZO VEN
Level 25: GIRO RÁPIDO
Level 30: HIDROCHORRO
Level 37: GANCHO ALTO
Level 42: CERCA

193 Yanma ->  (no evolution)
HP  65 
ATK 65 
DEF 45 
SPA 75 
SPD 45 
SPE 95 
Level 1 : FURIA
Level 1 : RAYO BURBUJA
Level 6 : TENAZA
Level 12: HOJA AFILADA
Level 17: ATAQUE ÓSEO
Level 23: ENCANTO
Level 28: PLANTA FEROZ
Level 34: RELAJO
Level 39: VEL. EXTREMA
Level 45: SALPICAR
Level 50: TRANSFORM
Egg Moves:
 - LANZALLAMAS
 - TORBELLINO
 - TRUCO
 - ARAÑAZO
 - TAMBOR

194 Wooper -> Quagsire
HP  55 
ATK 45 
DEF 45 
SPA 25 
SPD 25 
SPE 15 
Level 1 : MEGAPUÑO
Level 1 : GOLPE KARATE
Level 11: MAGNITUD
Level 16: RAYO
Level 21: TRANSFORM
Level 31: PREMONICIÓN
Level 36: BUCLE ARENA
Level 41: COLA VENENO
Level 51: V. CORTANTE
Level 51: HOJA AGUDA
Egg Moves:
 - MOV. ESPEJO
 - ALBOROTO
 - TENAZA
 - LEGADO
 - GANCHO ALTO
 - TRUENO
 - ADAPTACIÓN
 - PSICORRAYO

195 Quagsire ->  (no evolution)
HP  95 
ATK 85 
DEF 85 
SPA 65 
SPD 65 
SPE 35 
Level 1 : GIGADRENADO
Level 1 : ENFADO
Level 11: DOBLE EQUIPO
Level 16: MÁS PSIQUE
Level 23: PALIZA
Level 35: CHISPA
Level 42: GRUÑIDO
Level 49: BOLA NEBLINA
Level 61: TERREMOTO
Level 61: SOMNÍFERO

196 Espeon ->  (no evolution)
HP  65 
ATK 65 
DEF 60 
SPA 130
SPD 95 
SPE 110
Level 1 : HUESOMERANG
Level 1 : GIRO RÁPIDO
Level 1 : PODER PASADO
Level 8 : VIENTO HIELO
Level 16: DOBLE RAYO
Level 23: LANZARROCAS
Level 30: PEDRADA
Level 36: RETROCESO
Level 42: BOFETÓN LODO
Level 47: REFUGIO
Level 52: BOLA HIELO

197 Umbreon ->  (no evolution)
HP  95 
ATK 65 
DEF 110
SPA 60 
SPD 130
SPE 65 
Level 1 : PUÑO CERTERO
Level 1 : MEGACUERNO
Level 1 : ESTALLIDO
Level 8 : TRITURAR
Level 16: OTRA VEZ
Level 23: IMPRESIONAR
Level 30: CARÁMBANO
Level 36: ABSORBER
Level 42: PREMONICIÓN
Level 47: TELETRANSP
Level 52: CANTO MORTAL

198 Murkrow ->  (no evolution)
HP  60 
ATK 85 
DEF 42 
SPA 85 
SPD 42 
SPE 91 
Level 1 : LANZALLAMAS
Level 9 : VENTISCA
Level 14: TORNADO
Level 22: BUCLE ARENA
Level 27: PARALIZADOR
Level 35: BOMBA LODO
Level 40: POLVO VENENO
Level 48: TÓXICO
Egg Moves:
 - DESLUMBRAR
 - RABIA
 - PULPOCAÑÓN
 - PICOTAZO VEN
 - PUÑO METEORO
 - REFUGIO
 - DRAGOALIENTO
 - TENAZA

199 Slowking ->  (no evolution)
HP  95 
ATK 75 
DEF 80 
SPA 100
SPD 110
SPE 30 
Level 1 : PICOTAZO VEN
Level 1 : TENAZA
Level 1 : DOBLE PATADA
Level 6 : VIENTO PLATA
Level 13: SUMISIÓN
Level 17: COME SUEÑOS
Level 24: MÁS PSIQUE
Level 29: CHISPA
Level 36: MEGAPATADA
Level 40: HIP.COLMILLO
Level 47: DESEO OCULTO

200 Misdreavus ->  (no evolution)
HP  60 
ATK 60 
DEF 60 
SPA 85 
SPD 85 
SPE 85 
Level 1 : EXPLOSIÓN
Level 1 : RECURRENTE
Level 6 : PUÑO FUEGO
Level 11: RAYO BURBUJA
Level 17: CABEZAZO
Level 23: SORPRESA
Level 30: TERREMOTO
Level 37: POLVO VENENO
Level 45: AMORTIGUADOR
Level 53: COME SUEÑOS
Egg Moves:
 - HOJA MÁGICA
 - PUÑO FUEGO
 - CANTO
 - DEMOLICIÓN

201 Unown ->  (no evolution)
HP  48 
ATK 72 
DEF 48 
SPA 72 
SPD 48 
SPE 48 
Level 1 : PLACAJE ELÉC

202 Wobbuffet ->  (no evolution)
HP  190
ATK 33 
DEF 58 
SPA 33 
SPD 58 
SPE 33 
Level 1 : POLUCIÓN
Level 1 : MIMÉTICO
Level 1 : TINIEBLAS
Level 1 : LANZALLAMAS

203 Girafarig ->  (no evolution)
HP  70 
ATK 80 
DEF 65 
SPA 90 
SPD 65 
SPE 85 
Level 1 : VELO SAGRADO
Level 1 : CABEZAZO
Level 7 : RELAJO
Level 13: COME SUEÑOS
Level 19: ARMAD. ÁCIDA
Level 25: PULPOCAÑÓN
Level 31: FINTA
Level 37: DOBLE FILO
Level 43: SONÁMBULO
Level 49: RECUPERACIÓN
Egg Moves:
 - DOBLE EQUIPO
 - PAZ MENTAL
 - RELAJO
 - PUÑO FUEGO
 - ESCUPIR
 - RONQUIDO
 - VEL. EXTREMA
 - PATADA SALTO

204 Pineco -> Forretress
HP  50 
ATK 65 
DEF 90 
SPA 35 
SPD 35 
SPE 15 
Level 1 : GARRA DRAGÓN
Level 1 : EXCAVAR
Level 8 : PULPOCAÑÓN
Level 15: LLANTO FALSO
Level 22: MIMÉTICO
Level 29: DESLUMBRAR
Level 36: REDUCCIÓN
Level 43: ONDA ÍGNEA
Level 50: PLACAJE
Egg Moves:
 - ECO METÁLICO
 - DISP. LODO
 - PUÑO FUEGO
 - PÚAS
 - ALBOROTO
 - DOBLE EQUIPO

205 Forretress ->  (no evolution)
HP  75 
ATK 90 
DEF 140
SPA 60 
SPD 60 
SPE 40 
Level 1 : GRUÑIDO
Level 1 : DOBLE PATADA
Level 1 : RESIDUOS
Level 8 : RESPLANDOR
Level 15: FUERZA BRUTA
Level 22: PUÑO MAREO
Level 29: RASTREO
Level 31: ADAPTACIÓN
Level 39: PODER PASADO
Level 49: FINTA
Level 59: RECUPERACIÓN

206 Dunsparce ->  (no evolution)
HP  100
ATK 70 
DEF 70 
SPA 65 
SPD 65 
SPE 45 
Level 1 : RECURRENTE
Level 4 : TRUCO
Level 11: CONTONEO
Level 14: TRIATAQUE
Level 21: AGUANTE
Level 24: MISMODESTINO
Level 31: METEOROBOLA
Level 34: GOLPE CABEZA
Level 41: MALICIOSO
Level 44: TINIEBLAS
Level 51: FURIA
Egg Moves:
 - FORTALEZA
 - PSICOATAQUE
 - CARA SUSTO
 - RELAJO
 - CONVERSIÓN
 - PSICORRAYO
 - PULPOCAÑÓN

207 Gligar ->  (no evolution)
HP  65 
ATK 75 
DEF 105
SPA 35 
SPD 65 
SPE 85 
Level 1 : BOMBA HUEVO
Level 6 : HUESO PALO
Level 13: MALICIOSO
Level 20: ANILLO ÍGNEO
Level 28: PLACAJE ELÉC
Level 36: EXCAVAR
Level 44: LÁTIGO
Level 52: FUERZA BRUTA
Egg Moves:
 - FOCO ENERGÍA
 - VENGANZA
 - ESFUERZO
 - HIDROBOMBA
 - GIRO FUEGO

208 Steelix ->  (no evolution)
HP  75 
ATK 85 
DEF 200
SPA 55 
SPD 65 
SPE 30 
Level 1 : INVERSIÓN
Level 1 : PUÑO TRUENO
Level 8 : CHUPAVIDAS
Level 12: METEOROBOLA
Level 19: CAPA MÁGICA
Level 23: AEROCHORRO
Level 30: PATADA SALTO
Level 34: LADRÓN
Level 41: VEL. EXTREMA
Level 45: REDUCCIÓN
Level 52: TORM. ARENA
Level 56: RESTRICCIÓN

209 Snubbull -> Granbull
HP  60 
ATK 80 
DEF 50 
SPA 40 
SPD 40 
SPE 30 
Level 1 : CANTO MORTAL
Level 1 : CORNADA
Level 4 : ESTALLIDO
Level 8 : CAMPANA CURA
Level 13: GOLPE CUERPO
Level 19: RECUPERACIÓN
Level 26: PÚAS
Level 34: PORTAZO
Level 43: HIDROBOMBA
Level 53: TRANSFORM
Egg Moves:
 - CONTADOR
 - RASTREO
 - CLAVO CAÑÓN
 - TAJO CRUZADO
 - MEGAAGOTAR
 - RESERVA
 - DOBLE EQUIPO
 - MOV. ESPEJO

210 Granbull ->  (no evolution)
HP  90 
ATK 120
DEF 75 
SPA 60 
SPD 60 
SPE 45 
Level 1 : VENGANZA
Level 1 : MEGACUERNO
Level 4 : LANZARROCAS
Level 8 : PREMONICIÓN
Level 13: ADAPTACIÓN
Level 19: GIRO FUEGO
Level 28: PSÍQUICO
Level 38: CONTONEO
Level 49: ATAQUE ALA
Level 61: AGARRE

211 Qwilfish ->  (no evolution)
HP  65 
ATK 95 
DEF 85 
SPA 55 
SPD 55 
SPE 85 
Level 1 : ARMAD. ÁCIDA
Level 1 : RÁFAGA
Level 1 : DOBLE FILO
Level 9 : LLAMARADA
Level 9 : BOMBA HUEVO
Level 13: HUESO PALO
Level 21: LUZ LUNAR
Level 25: PUÑO COMETA
Level 33: ATAQUE FURIA
Level 37: EMPUJÓN
Level 45: BURBUJA
Egg Moves:
 - ESCUPIR
 - PERSECUCIÓN
 - TORM. ARENA
 - HIDROBOMBA
 - DESCANSO

212 Scizor ->  (no evolution)
HP  70 
ATK 130
DEF 100
SPA 55 
SPD 80 
SPE 65 
Level 1 : HIP.COLMILLO
Level 1 : TERREMOTO
Level 6 : PULPOCAÑÓN
Level 11: ROBO
Level 16: HIDROCAÑÓN
Level 21: MIMÉTICO
Level 26: EMPUJÓN
Level 31: PLANTA FEROZ
Level 36: ENFADO
Level 41: IMPRESIONAR
Level 46: ESCUPIR

213 Shuckle ->  (no evolution)
HP  20 
ATK 10 
DEF 230
SPA 10 
SPD 230
SPE 5  
Level 1 : CANTO
Level 1 : PODER PASADO
Level 9 : PUÑO FUEGO
Level 14: PSICOONDA
Level 23: MOV. ESPEJO
Level 28: TRUENO
Level 37: ARRAIGO
Egg Moves:
 - ESQUEMA

214 Heracross ->  (no evolution)
HP  80 
ATK 125
DEF 75 
SPA 40 
SPD 95 
SPE 85 
Level 1 : DOBLEATAQUE
Level 1 : DRAGOALIENTO
Level 6 : ENFADO
Level 11: CLAVO CAÑÓN
Level 17: CONTADOR
Level 23: VENTISCA
Level 30: GRUÑIDO
Level 37: RAPIDEZ
Level 45: VIENTO HIELO
Level 53: PUÑO CERTERO
Egg Moves:
 - MANTO ESPEJO
 - PANTALLAHUMO
 - RAYO SOLAR
 - ESCUPIR

215 Sneasel ->  (no evolution)
HP  55 
ATK 95 
DEF 55 
SPA 35 
SPD 75 
SPE 115
Level 1 : VIENTO HIELO
Level 1 : SUMISIÓN
Level 1 : CONFUSIÓN
Level 8 : MÁS PSIQUE
Level 15: FRÍO POLAR
Level 22: HUESOMERANG
Level 29: AMNESIA
Level 36: ESQUEMA
Level 43: AGUANTE
Level 50: BOTE
Level 57: PAT. S. ALTA
Level 64: PUÑO METEORO
Egg Moves:
 - PUÑO COMETA
 - DANZA PLUMA
 - MAL DE OJO
 - KINÉTICO
 - DESQUITE
 - ECO METÁLICO
 - PODER OCULTO

216 Teddiursa -> Ursaring
HP  60 
ATK 80 
DEF 50 
SPA 50 
SPD 50 
SPE 40 
Level 1 : PUÑO HIELO
Level 1 : DOBLE RAYO
Level 7 : MISMODESTINO
Level 13: RELAJO
Level 19: PATADA SALTO
Level 25: ATAQUE ALA
Level 31: RAYO HIELO
Level 37: SALPICAR
Level 43: REPETICIÓN
Level 49: LLANTO FALSO
Egg Moves:
 - CICLÓN
 - RESPLANDOR
 - RAYO SOLAR
 - ENCANTO
 - MOV. ESPEJO
 - CORTEFURIA
 - REFLEJO
 - FORTALEZA

217 Ursaring ->  (no evolution)
HP  90 
ATK 130
DEF 75 
SPA 75 
SPD 75 
SPE 55 
Level 1 : RESPLANDOR
Level 1 : DIVIDE DOLOR
Level 1 : DANZA ESPADA
Level 1 : CONFUSIÓN
Level 7 : TRITURAR
Level 13: GARRA METAL
Level 19: DRAGOALIENTO
Level 25: BOLA HIELO
Level 31: PSICOONDA
Level 37: BUCLE ARENA
Level 43: DANZA PÉTALO
Level 49: ATAQUE ÓSEO

218 Slugma -> Magcargo
HP  40 
ATK 40 
DEF 40 
SPA 70 
SPD 40 
SPE 20 
Level 1 : ARRAIGO
Level 1 : GOLPE CUERPO
Level 8 : BATIDO
Level 15: SOFOCO
Level 22: RONQUIDO
Level 29: GRANIZO
Level 36: MEGAAGOTAR
Level 43: SILBATO
Level 50: CICLÓN
Egg Moves:
 - BOMBA HUEVO
 - ALIVIO

219 Magcargo ->  (no evolution)
HP  60 
ATK 50 
DEF 120
SPA 90 
SPD 80 
SPE 30 
Level 1 : DANZA CAOS
Level 1 : DOBLE PATADA
Level 1 : ESCUPIR
Level 1 : IMAGEN
Level 8 : ARMAD. ÁCIDA
Level 15: LLANTO FALSO
Level 22: CONFUSIÓN
Level 29: ONDA TRUENO
Level 36: TAMBOR
Level 48: IMITACIÓN
Level 60: ESQUEMA

220 Swinub -> Piloswine
HP  50 
ATK 50 
DEF 40 
SPA 30 
SPD 30 
SPE 50 
Level 1 : FRÍO POLAR
Level 1 : TIRO VITAL
Level 10: PAT. S. ALTA
Level 19: BOFETÓN LODO
Level 28: OTRA VEZ
Level 37: REFLEJO
Level 46: GOLPES FURIA
Level 55: SONÁMBULO
Egg Moves:
 - RELAJO
 - IMAGEN
 - AZOTE
 - FURIA DRAGÓN
 - ANILLO ÍGNEO
 - POLVO VENENO
 - SALPICADURA
 - REMOLINO

221 Piloswine ->  (no evolution)
HP  100
ATK 100
DEF 80 
SPA 60 
SPD 60 
SPE 50 
Level 1 : CONTONEO
Level 1 : MASA CÓSMICA
Level 1 : CANTO
Level 1 : ALBOROTO
Level 10: PROFECÍA
Level 19: SUPERSÓNICO
Level 28: CHISPA
Level 33: ESTALLIDO
Level 42: LLAMARADA
Level 56: MAL DE OJO
Level 70: PRESENTE

222 Corsola ->  (no evolution)
HP  65 
ATK 55 
DEF 95 
SPA 65 
SPD 95 
SPE 35 
Level 1 : BRAZO PINCHO
Level 6 : ESTALLIDO
Level 12: RELEVO
Level 17: AVALANCHA
Level 17: CICLÓN
Level 23: CARÁMBANO
Level 28: PROTECCIÓN
Level 34: TAMBOR
Level 39: PERFORADOR
Level 45: VENTISCA
Egg Moves:
 - SEÑUELO
 - PANTALLA LUZ
 - SUPERDIENTE
 - MEGAAGOTAR
 - COLA FÉRREA
 - AMORTIGUADOR
 - BOLA NEBLINA
 - FOCO ENERGÍA

223 Remoraid -> Octillery
HP  35 
ATK 65 
DEF 35 
SPA 65 
SPD 35 
SPE 65 
Level 1 : AEROCHORRO
Level 11: ADAPTACIÓN
Level 22: TRIPLEPATADA
Level 22: GRANIZO
Level 22: RESTRICCIÓN
Level 33: PANTALLA LUZ
Level 44: MOV. SÍSMICO
Level 55: ANILLO ÍGNEO
Egg Moves:
 - ANTOJO
 - MÁS PSIQUE
 - GIGADRENADO
 - DERRIBO
 - RAYO CONFUSO
 - MEGAAGOTAR
 - PARANORMAL

224 Octillery ->  (no evolution)
HP  75 
ATK 105
DEF 75 
SPA 105
SPD 75 
SPE 45 
Level 1 : GARRA METAL
Level 11: ATAQUE ÓSEO
Level 22: LÁTIGO
Level 22: TINIEBLAS
Level 22: MEGACUERNO
Level 25: VOZARRÓN
Level 38: GAS VENENOSO
Level 54: ÁCIDO
Level 70: ATRACCIÓN

225 Delibird ->  (no evolution)
HP  45 
ATK 55 
DEF 45 
SPA 65 
SPD 45 
SPE 75 
Level 1 : VIENTO HIELO
Egg Moves:
 - GOLPE
 - MOV. ESPEJO
 - DOBLE RAYO
 - BOMBA HUEVO
 - MAL DE OJO
 - NEBLINA

226 Mantine ->  (no evolution)
HP  85 
ATK 40 
DEF 70 
SPA 80 
SPD 140
SPE 70 
Level 1 : DANZA CAOS
Level 1 : GARRA METAL
Level 8 : COME SUEÑOS
Level 15: TINIEBLAS
Level 22: BOSTEZO
Level 29: BOMBA LODO
Level 36: PSICOATAQUE
Level 43: DOBLE PATADA
Level 50: PODER OCULTO
Egg Moves:
 - PUÑO MAREO
 - AGILIDAD
 - GARRA DRAGÓN
 - BOLA SOMBRA
 - ONDA VOLTIO
 - DESEO OCULTO

227 Skarmory ->  (no evolution)
HP  65 
ATK 80 
DEF 140
SPA 40 
SPD 70 
SPE 70 
Level 1 : ARAÑAZO
Level 1 : DOBLEATAQUE
Level 10: ÁCIDO
Level 13: TÓXICO
Level 16: PUÑO COMETA
Level 26: GOLPE CABEZA
Level 29: TERREMOTO
Level 32: DÍA SOLEADO
Level 42: OTRA VEZ
Level 45: CORTEFURIA
Egg Moves:
 - PUÑO CERTERO
 - GARRA DRAGÓN
 - PULPOCAÑÓN
 - CABEZAZO
 - DISP. DEMORA

228 Houndour -> Houndoom
HP  45 
ATK 60 
DEF 30 
SPA 80 
SPD 50 
SPE 65 
Level 1 : CORPULENCIA
Level 1 : RAYO AURORA
Level 7 : PÚAS
Level 13: IMAGEN
Level 19: ESTALLIDO
Level 25: TIRO VITAL
Level 31: REFUGIO
Level 37: BOMBA SÓNICA
Level 43: CHAPOTEOLODO
Level 49: ARMAD. ÁCIDA
Egg Moves:
 - DESLUMBRAR
 - RETROCESO
 - LADRÓN
 - ESPORAGODÓN
 - SUSTITUTO
 - VIENTO HIELO
 - MISMODESTINO
 - LLANTO FALSO

229 Houndoom ->  (no evolution)
HP  75 
ATK 90 
DEF 50 
SPA 110
SPD 80 
SPE 95 
Level 1 : AGUANTE
Level 1 : FURIA
Level 1 : SALPICAR
Level 7 : LENGÜETAZO
Level 13: DOBLE EQUIPO
Level 19: PICOTAZO
Level 27: ANILLO ÍGNEO
Level 35: HIDROCAÑÓN
Level 43: RAYO SOLAR
Level 51: ATRACCIÓN
Level 59: INVERSIÓN

230 Kingdra ->  (no evolution)
HP  75 
ATK 95 
DEF 95 
SPA 95 
SPD 95 
SPE 85 
Level 1 : RECUPERACIÓN
Level 1 : SONÁMBULO
Level 1 : AGUA LODOSA
Level 1 : RAYO
Level 8 : IMPACTRUENO
Level 15: NIEVE POLVO
Level 22: PERFORADOR
Level 29: RESIDUOS
Level 40: BESO AMOROSO
Level 51: LENGÜETAZO
Level 62: HIPNOSIS

231 Phanpy -> Donphan
HP  90 
ATK 60 
DEF 60 
SPA 40 
SPD 40 
SPE 40 
Level 1 : GOLPES FURIA
Level 1 : MAGNITUD
Level 1 : ANILLO ÍGNEO
Level 9 : CONTONEO
Level 17: HOJA MÁGICA
Level 25: AMORTIGUADOR
Level 33: TELÉPATA
Level 41: MORDISCO
Level 49: AGUANTE
Egg Moves:
 - DANZA PLUMA
 - LLAMARADA
 - HIDROPULSO
 - PLACAJE ELÉC
 - HIPNOSIS
 - AIRE AFILADO

232 Donphan ->  (no evolution)
HP  90 
ATK 120
DEF 120
SPA 60 
SPD 60 
SPE 50 
Level 1 : DÍA DE PAGO
Level 1 : PROFECÍA
Level 1 : VEL. EXTREMA
Level 9 : CORTEFURIA
Level 17: PLACAJE
Level 25: GIRO FUEGO
Level 33: CAMELO
Level 41: TRAGAR
Level 49: DETECCIÓN

233 Porygon2 ->  (no evolution)
HP  85 
ATK 80 
DEF 90 
SPA 105
SPD 95 
SPE 60 
Level 1 : COLA FÉRREA
Level 1 : PICOTAZO
Level 1 : HIDROBOMBA
Level 9 : CANTO
Level 12: PODER PASADO
Level 20: VELO SAGRADO
Level 24: IMPACTRUENO
Level 32: MAGNITUD
Level 36: RIZO DEFENSA
Level 44: PIN MISIL
Level 48: TENAZA

234 Stantler ->  (no evolution)
HP  73 
ATK 95 
DEF 62 
SPA 85 
SPD 65 
SPE 85 
Level 1 : GARRA BRUTAL
Level 7 : TRANSFORM
Level 11: ALA DE ACERO
Level 17: PANTALLA LUZ
Level 21: FINTA
Level 27: PROFECÍA
Level 31: GOLPE AÉREO
Level 37: FOCO ENERGÍA
Level 41: PSÍQUICO
Level 47: DOBLEATAQUE
Egg Moves:
 - SALPICADURA
 - AGUANTE
 - DESENROLLAR
 - ROBO
 - MEGAPATADA
 - TAJO CRUZADO

235 Smeargle ->  (no evolution)
HP  55 
ATK 20 
DEF 35 
SPA 20 
SPD 45 
SPE 75 
Level 1 : ELECTROCAÑÓN
Level 11: BURBUJA
Level 21: ATAQUE AÉREO
Level 31: RESIDUOS
Level 41: METEOROBOLA
Level 51: BOMBA LODO
Level 61: CONFUSIÓN
Level 71: TRIATAQUE
Level 81: TAJO CRUZADO
Level 91: ATADURA

236 Tyrogue -> Hitmonchan
HP  35 
ATK 35 
DEF 35 
SPA 35 
SPD 35 
SPE 35 
Level 1 : CLAVO CAÑÓN
Egg Moves:
 - RONQUIDO
 - ATAQUE FURIA
 - AULLIDO
 - GRANIZO
 - VELO SAGRADO

237 Hitmontop ->  (no evolution)
HP  50 
ATK 95 
DEF 95 
SPA 35 
SPD 110
SPE 70 
Level 1 : TORM. ARENA
Level 1 : GIRO RÁPIDO
Level 7 : POLVO VENENO
Level 13: IMITACIÓN
Level 19: MEGAAGOTAR
Level 20: PSÍQUICO
Level 25: RELEVO
Level 31: ASCUAS
Level 37: CANTO MORTAL
Level 43: DÍA DE PAGO
Level 49: FORTALEZA

238 Smoochum -> Jynx
HP  45 
ATK 30 
DEF 15 
SPA 85 
SPD 65 
SPE 65 
Level 1 : CARGA
Level 1 : ONDA ÍGNEA
Level 9 : COLA FÉRREA
Level 13: FRUSTRACIÓN
Level 21: AFILAR
Level 25: GOLPE
Level 33: DISP. LODO
Level 37: CONVERSIÓN
Level 45: HUESO PALO
Level 49: DANZA LLUVIA
Level 57: CANTO
Egg Moves:
 - HIPERRAYO
 - TORNADO
 - INTERCAMBIO
 - DEF. FÉRREA
 - PUÑO SOMBRA

239 Elekid -> Electabuzz
HP  45 
ATK 63 
DEF 37 
SPA 65 
SPD 55 
SPE 95 
Level 1 : GOLPE CUERPO
Level 1 : TIRO VITAL
Level 9 : NEBLINA
Level 17: TORNADO
Level 25: TELÉPATA
Level 33: ONDA TRUENO
Level 41: GOLPE KARATE
Level 49: EMPUJÓN
Egg Moves:
 - PSICORRAYO
 - PISTOLA AGUA
 - AYUDA
 - OTRA VEZ
 - RETROCESO
 - LÁTIGO
 - LLANTO FALSO

240 Magby -> Magmar
HP  45 
ATK 75 
DEF 37 
SPA 70 
SPD 55 
SPE 83 
Level 1 : HIP.COLMILLO
Level 7 : TENAZA
Level 13: ROBO
Level 19: CORPULENCIA
Level 25: BURBUJA
Level 31: ATRACCIÓN
Level 37: MANTO ESPEJO
Level 43: DESEO
Level 49: VIENTO PLATA
Egg Moves:
 - ATAQUE ARENA
 - DANZA PLUMA
 - DESENROLLAR
 - SUPERDIENTE
 - LEGADO
 - CORTEFURIA

241 Miltank ->  (no evolution)
HP  95 
ATK 80 
DEF 105
SPA 40 
SPD 70 
SPE 100
Level 1 : CORNADA
Level 4 : HOJA MÁGICA
Level 8 : ANULACIÓN
Level 13: LLAMARADA
Level 19: GIRO FUEGO
Level 26: ALIVIO
Level 34: LLANTO FALSO
Level 43: RENCOR
Level 53: CORTEFURIA
Egg Moves:
 - TORBELLINO
 - DOBLE RAYO
 - CHIRRIDO
 - ATADURA
 - ALA DE ACERO
 - AEROCHORRO
 - LANZARROCAS
 - PERFORADOR

242 Blissey ->  (no evolution)
HP  255
ATK 10 
DEF 10 
SPA 75 
SPD 135
SPE 55 
Level 1 : EXCAVAR
Level 1 : HIDROBOMBA
Level 4 : TINIEBLAS
Level 7 : KINÉTICO
Level 10: MEGAPATADA
Level 13: AROMATERAPIA
Level 18: ESFUERZO
Level 23: MOFA
Level 28: CARA SUSTO
Level 33: BOLA HIELO
Level 40: DANZA CAOS
Level 47: CONFUSIÓN

243 Raikou ->  (no evolution)
HP  90 
ATK 85 
DEF 75 
SPA 115
SPD 100
SPE 115
Level 1 : NEBLINA
Level 1 : CONFUSIÓN
Level 11: MOV. ESPEJO
Level 21: ESTÍMULO
Level 31: TUMBA ROCAS
Level 41: PIN MISIL
Level 51: RÁFAGA
Level 61: AVALANCHA
Level 71: SALPICADURA
Level 81: ATAQUE FURIA

244 Entei ->  (no evolution)
HP  115
ATK 115
DEF 85 
SPA 90 
SPD 75 
SPE 100
Level 1 : FOCO ENERGÍA
Level 1 : HOJA AGUDA
Level 11: PERFORADOR
Level 21: TRIATAQUE
Level 31: GRANIZO
Level 41: REFLEJO
Level 51: AGUANTE
Level 61: SUPERSÓNICO
Level 71: REFUERZO
Level 81: GARRA DRAGÓN

245 Suicune ->  (no evolution)
HP  100
ATK 75 
DEF 115
SPA 90 
SPD 115
SPE 85 
Level 1 : ATADURA
Level 1 : ESTALLIDO
Level 11: RÁFAGA
Level 21: CAMPANA CURA
Level 31: RESIDUOS
Level 41: ARMAD. ÁCIDA
Level 51: ARAÑAZO
Level 61: DESCANSO
Level 71: PANTALLA LUZ
Level 81: PERFORADOR

246 Larvitar -> Pupitar
HP  50 
ATK 64 
DEF 50 
SPA 45 
SPD 50 
SPE 41 
Level 1 : NIEBLA
Level 1 : VOZARRÓN
Level 8 : VEL. EXTREMA
Level 15: MOV. ESPEJO
Level 22: BOSTEZO
Level 29: BUCLE ARENA
Level 36: PAZ MENTAL
Level 43: SOFOCO
Level 50: FURIA
Level 57: DIVIDE DOLOR
Egg Moves:
 - ULTRAPUÑO
 - MALICIOSO
 - DESQUITE
 - FALSOTORTAZO
 - PUÑO METEORO
 - ARMAD. ÁCIDA
 - TERREMOTO

247 Pupitar -> Tyranitar
HP  70 
ATK 84 
DEF 70 
SPA 65 
SPD 70 
SPE 51 
Level 1 : KINÉTICO
Level 1 : PÚAS
Level 1 : TUMBA ROCAS
Level 1 : LADRÓN
Level 8 : AFILAR
Level 15: POLUCIÓN
Level 22: AGUANTE
Level 29: CORNADA
Level 38: DESCANSO
Level 47: SUMISIÓN
Level 56: RECUPERACIÓN
Level 65: HUESOMERANG

248 Tyranitar ->  (no evolution)
HP  100
ATK 134
DEF 110
SPA 95 
SPD 100
SPE 61 
Level 1 : DÍA SOLEADO
Level 1 : MISMODESTINO
Level 1 : DESTRUCTOR
Level 1 : CHUPAVIDAS
Level 8 : EXCAVAR
Level 15: FUERZA BRUTA
Level 22: AGUA LODOSA
Level 29: FURIA
Level 38: TUMBA ROCAS
Level 47: ESCUPIR
Level 61: PUÑO FUEGO
Level 75: FORTALEZA

249 Lugia ->  (no evolution)
HP  106
ATK 90 
DEF 130
SPA 90 
SPD 154
SPE 110
Level 1 : DESARME
Level 11: GIRO RÁPIDO
Level 22: DESARROLLO
Level 33: ESQUEMA
Level 44: EXCAVAR
Level 55: GOLPE KARATE
Level 66: CORTEFURIA
Level 77: TORM. ARENA
Level 88: AZOTE
Level 99: VEL. EXTREMA

250 Ho-Oh ->  (no evolution)
HP  106
ATK 130
DEF 90 
SPA 110
SPD 154
SPE 90 
Level 1 : PLACAJE ELÉC
Level 11: IMAGEN
Level 22: BESO DULCE
Level 33: RECUPERACIÓN
Level 44: PICOTAZO VEN
Level 55: TAMBOR
Level 66: OTRA VEZ
Level 77: CAMUFLAJE
Level 88: CHISPA
Level 99: ESCUPIR

251 Celebi ->  (no evolution)
HP  100
ATK 100
DEF 100
SPA 100
SPD 100
SPE 100
Level 1 : DANZA ESPADA
Level 1 : FINTA
Level 1 : DANZA CAOS
Level 1 : GANCHO ALTO
Level 10: PSÍQUICO
Level 20: PREMONICIÓN
Level 30: METRÓNOMO
Level 40: MARTILLAZO
Level 50: VENTISCA

252 Treecko -> Grovyle
HP  40 
ATK 45 
DEF 35 
SPA 65 
SPD 55 
SPE 70 
Level 1 : DANZA DRAGÓN
Level 1 : SALPICAR
Level 6 : RELEVO
Level 11: COME SUEÑOS
Level 16: CAMPANA CURA
Level 21: TRAGAR
Level 26: FINTA
Level 31: ARRAIGO
Level 36: BOLA HIELO
Level 41: PSÍQUICO
Level 46: MOV. SÍSMICO
Egg Moves:
 - ATAQUE ÓSEO
 - GOLPE KARATE
 - GOLPE
 - SALPICAR
 - TENAZA
 - HUESOMERANG

253 Grovyle -> Sceptile
HP  50 
ATK 65 
DEF 45 
SPA 85 
SPD 65 
SPE 95 
Level 1 : AMORTIGUADOR
Level 1 : EXPLOSIÓN
Level 1 : SÍNTESIS
Level 1 : DANZA PÉTALO
Level 6 : HOJA AGUDA
Level 11: PATADA ÍGNEA
Level 16: PISOTÓN
Level 17: GARRA METAL
Level 23: MOV. ESPEJO
Level 29: PULPOCAÑÓN
Level 35: DOBLE FILO
Level 41: TAMBOR
Level 47: DERRIBO
Level 53: SONÁMBULO

254 Sceptile ->  (no evolution)
HP  70 
ATK 85 
DEF 65 
SPA 105
SPD 85 
SPE 120
Level 1 : GOLPE AÉREO
Level 1 : DRENADORAS
Level 1 : SEÑUELO
Level 1 : MEGACUERNO
Level 6 : MANTO ESPEJO
Level 11: BOSTEZO
Level 16: PSICORRAYO
Level 17: EXPLOSIÓN
Level 23: TORNADO
Level 29: ROBO
Level 35: PANTALLAHUMO
Level 43: RABIA
Level 51: TINIEBLAS
Level 59: HIPERRAYO

255 Torchic -> Combusken
HP  45 
ATK 60 
DEF 40 
SPA 70 
SPD 50 
SPE 45 
Level 1 : AZOTE
Level 1 : PUÑO FUEGO
Level 7 : DESEO
Level 10: MISMODESTINO
Level 16: GOLPE
Level 19: PRESENTE
Level 25: FALSOTORTAZO
Level 28: ATADURA
Level 34: MALDICIÓN
Level 37: PARALIZADOR
Level 43: TELÉPATA
Egg Moves:
 - COLMILLO VEN
 - RUEDA FUEGO
 - TORBELLINO
 - PODER PASADO
 - BOTE
 - AGARRE

256 Combusken -> Blaziken
HP  60 
ATK 85 
DEF 60 
SPA 85 
SPD 60 
SPE 55 
Level 1 : AMORTIGUADOR
Level 1 : CUCHILLADA
Level 1 : COLA FÉRREA
Level 1 : TUMBA ROCAS
Level 7 : MEGAPUÑO
Level 13: PUÑO METEORO
Level 16: CLAVO CAÑÓN
Level 17: PEDRADA
Level 21: DOBLEBOFETÓN
Level 28: DESARME
Level 32: AROMATERAPIA
Level 39: FUEGOSAGRADO
Level 43: DESENROLLAR
Level 50: TIRO VITAL

257 Blaziken ->  (no evolution)
HP  80 
ATK 120
DEF 70 
SPA 110
SPD 70 
SPE 80 
Level 1 : SALPICADURA
Level 1 : PIN MISIL
Level 1 : RESERVA
Level 1 : RUEDA FUEGO
Level 1 : PARANORMAL
Level 7 : MEGAPUÑO
Level 13: GIRO FUEGO
Level 16: GOLPES FURIA
Level 17: DOBLE EQUIPO
Level 21: FISURA
Level 28: HIP.COLMILLO
Level 32: TRUCO
Level 36: TRANSFORM
Level 42: LLANTO FALSO
Level 49: REDUCCIÓN
Level 59: PLACAJE ELÉC

258 Mudkip -> Marshtomp
HP  50 
ATK 70 
DEF 50 
SPA 50 
SPD 50 
SPE 40 
Level 1 : ESCUPIR
Level 1 : TAJO CRUZADO
Level 6 : PUÑODINÁMICO
Level 10: SUMISIÓN
Level 15: PUÑO METEORO
Level 19: GOLPE CABEZA
Level 24: BATIDO
Level 28: AEROCHORRO
Level 33: ATAQUE FURIA
Level 37: METEOROBOLA
Level 42: METRÓNOMO
Level 46: CONFUSIÓN
Egg Moves:
 - MISMODESTINO
 - VOZARRÓN
 - MAGNITUD
 - FOCO ENERGÍA
 - MEGAPUÑO
 - RASTREO

259 Marshtomp -> Swampert
HP  70 
ATK 85 
DEF 70 
SPA 60 
SPD 70 
SPE 50 
Level 1 : DANZA PLUMA
Level 1 : RAYO CONFUSO
Level 1 : RETROCESO
Level 1 : TAJO CRUZADO
Level 6 : HIDROCAÑÓN
Level 10: CHAPOTEOLODO
Level 15: TORBELLINO
Level 16: MANTO ESPEJO
Level 20: AROMATERAPIA
Level 25: PODER PASADO
Level 31: DOBLE FILO
Level 37: DESLUMBRAR
Level 42: PROTECCIÓN
Level 46: FRUSTRACIÓN
Level 53: AZOTE

260 Swampert ->  (no evolution)
HP  100
ATK 110
DEF 90 
SPA 85 
SPD 90 
SPE 60 
Level 1 : TELARAÑA
Level 1 : DOBLEBOFETÓN
Level 1 : LLANTO FALSO
Level 1 : GANCHO ALTO
Level 6 : ONDA TRUENO
Level 10: BESO AMOROSO
Level 15: MARTILLAZO
Level 16: COLA FÉRREA
Level 20: HOJA AGUDA
Level 25: LLAMARADA
Level 31: BUCLE ARENA
Level 39: DESEO
Level 46: DESARME
Level 52: GRANIZO
Level 61: ANULACIÓN

261 Poochyena -> Mightyena
HP  35 
ATK 55 
DEF 35 
SPA 30 
SPD 30 
SPE 35 
Level 1 : PODER PASADO
Level 5 : CAMUFLAJE
Level 9 : ONDA ÍGNEA
Level 13: RETROCESO
Level 17: MIMÉTICO
Level 21: MOFA
Level 25: MISMODESTINO
Level 29: EMPUJÓN
Level 33: PERSECUCIÓN
Level 37: PLANTA FEROZ
Level 41: ESPORAGODÓN
Level 45: PERFORADOR
Egg Moves:
 - DOBLE FILO
 - IMPRESIONAR
 - DANZA PLUMA
 - VIENTO HIELO
 - MEGAPATADA

262 Mightyena ->  (no evolution)
HP  70 
ATK 90 
DEF 70 
SPA 60 
SPD 60 
SPE 70 
Level 1 : FALSOTORTAZO
Level 1 : COME SUEÑOS
Level 1 : BOMBA HUEVO
Level 1 : DOBLE RAYO
Level 5 : DANZA PLUMA
Level 9 : PSICOONDA
Level 13: MÁS PSIQUE
Level 17: ESCUPIR
Level 22: DISP. DEMORA
Level 27: RELAJO
Level 32: BATIDO
Level 37: PARANORMAL
Level 42: SOFOCO
Level 47: NIEBLA
Level 52: FUEGO FATUO

263 Zigzagoon -> Linoone
HP  38 
ATK 30 
DEF 41 
SPA 30 
SPD 41 
SPE 60 
Level 1 : MANTO ESPEJO
Level 1 : HIDROCAÑÓN
Level 5 : RELAJO
Level 9 : BOLA NEBLINA
Level 13: CARA SUSTO
Level 17: PUÑO SOMBRA
Level 21: LEGADO
Level 25: CORTEFURIA
Level 29: ESPORAGODÓN
Level 33: IMPRESIONAR
Level 37: LÁTIGO
Level 41: DÍA DE PAGO
Egg Moves:
 - PARANORMAL
 - GUILLOTINA
 - HIDROCHORRO
 - PUÑO FUEGO
 - SOL MATINAL

264 Linoone ->  (no evolution)
HP  78 
ATK 70 
DEF 61 
SPA 50 
SPD 61 
SPE 100
Level 1 : PICO TALADRO
Level 1 : REMOLINO
Level 1 : EXCAVAR
Level 1 : CONFUSIÓN
Level 5 : ALA DE ACERO
Level 9 : IMAGEN
Level 13: ONDA TRUENO
Level 17: IMITACIÓN
Level 23: DOBLE PATADA
Level 29: AMNESIA
Level 35: DOBLE RAYO
Level 41: GARRA BRUTAL
Level 47: AULLIDO
Level 53: CORTEFURIA

265 Wurmple -> Silcoon
HP  45 
ATK 45 
DEF 35 
SPA 20 
SPD 30 
SPE 20 
Level 1 : DAÑO SECRETO
Level 1 : V. CORTANTE
Level 5 : FUEGO FATUO

266 Silcoon -> Beautifly
HP  50 
ATK 35 
DEF 55 
SPA 25 
SPD 25 
SPE 15 
Level 1 : ELECTROCAÑÓN
Level 7 : CONFUSIÓN

267 Beautifly ->  (no evolution)
HP  60 
ATK 70 
DEF 50 
SPA 100
SPD 50 
SPE 65 
Level 1 : MEGAPATADA
Level 10: MEGACUERNO
Level 13: BOMBA LODO
Level 17: MEGAAGOTAR
Level 20: PODER OCULTO
Level 24: FISURA
Level 27: MÁS PSIQUE
Level 31: SALPICADURA
Level 34: AROMATERAPIA
Level 38: REPETICIÓN

268 Cascoon -> Dustox
HP  50 
ATK 35 
DEF 55 
SPA 25 
SPD 25 
SPE 15 
Level 1 : VEL. EXTREMA
Level 7 : GOLPE CABEZA

269 Dustox ->  (no evolution)
HP  60 
ATK 50 
DEF 70 
SPA 50 
SPD 90 
SPE 65 
Level 1 : GOLPE CUERPO
Level 10: CONFUSIÓN
Level 13: VIENTO HIELO
Level 17: ANTOJO
Level 20: SALPICAR
Level 24: AZOTE
Level 27: BATIDO
Level 31: PSICOATAQUE
Level 34: SILBATO
Level 38: PUÑO HIELO

270 Lotad -> Lombre
HP  40 
ATK 30 
DEF 30 
SPA 40 
SPD 50 
SPE 30 
Level 1 : FINTA
Level 3 : AGILIDAD
Level 7 : BOFETÓN LODO
Level 13: MALDICIÓN
Level 21: BOLA NEBLINA
Level 31: PRESA
Level 43: PSICOONDA
Egg Moves:
 - ARMAD. ÁCIDA
 - TELÉPATA
 - RAYO BURBUJA
 - PICO TALADRO
 - PREMONICIÓN
 - TRUCO

271 Lombre -> Ludicolo
HP  60 
ATK 50 
DEF 50 
SPA 60 
SPD 70 
SPE 50 
Level 1 : COLA FÉRREA
Level 3 : MEDITACIÓN
Level 7 : PANTALLA LUZ
Level 13: REDUCCIÓN
Level 19: GOLPE CUERPO
Level 25: ONDA VOLTIO
Level 31: BOLA NEBLINA
Level 37: DANZA ESPADA
Level 43: IMAGEN
Level 49: RENCOR

272 Ludicolo ->  (no evolution)
HP  80 
ATK 70 
DEF 70 
SPA 90 
SPD 100
SPE 70 
Level 1 : PÚAS
Level 1 : PUÑO FUEGO
Level 1 : RABIA
Level 1 : AIRE AFILADO

273 Seedot -> Nuzleaf
HP  40 
ATK 40 
DEF 50 
SPA 30 
SPD 30 
SPE 30 
Level 1 : GOLPE CABEZA
Level 3 : DISP. LODO
Level 7 : MISMODESTINO
Level 13: ÁCIDO
Level 21: DAÑO SECRETO
Level 31: AFILAR
Level 43: PROFECÍA
Egg Moves:
 - MEGAPUÑO
 - GOLPES FURIA
 - PISTOLA AGUA
 - LENGÜETAZO
 - DRAGOALIENTO
 - HIP.COLMILLO

274 Nuzleaf -> Shiftry
HP  70 
ATK 70 
DEF 40 
SPA 60 
SPD 40 
SPE 60 
Level 1 : RESPLANDOR
Level 3 : SUMISIÓN
Level 7 : DOBLEATAQUE
Level 13: ECO METÁLICO
Level 19: IMITACIÓN
Level 25: DOBLE FILO
Level 31: HIP.COLMILLO
Level 37: RUGIDO
Level 43: PISTOLA AGUA
Level 49: VENGANZA

275 Shiftry ->  (no evolution)
HP  90 
ATK 100
DEF 60 
SPA 90 
SPD 60 
SPE 80 
Level 1 : CARGA
Level 1 : DOBLE EQUIPO
Level 1 : FISURA
Level 1 : PUÑODINÁMICO

276 Taillow -> Swellow
HP  40 
ATK 55 
DEF 30 
SPA 30 
SPD 30 
SPE 85 
Level 1 : ABSORBER
Level 1 : TIRO VITAL
Level 4 : PISOTÓN
Level 8 : BLOQUEO
Level 13: AUTODESTRUC
Level 19: CHUPAVIDAS
Level 26: DOBLE FILO
Level 34: BATIDO
Level 43: TAMBOR
Egg Moves:
 - GOLPE KARATE
 - ATAQUE ÓSEO
 - ESTALLIDO
 - IMAGEN
 - MARTILLAZO
 - DAÑO SECRETO

277 Swellow ->  (no evolution)
HP  60 
ATK 85 
DEF 60 
SPA 75 
SPD 50 
SPE 125
Level 1 : ARRAIGO
Level 1 : LADRÓN
Level 1 : PAT. S. ALTA
Level 1 : ENFADO
Level 4 : DOBLE FILO
Level 8 : PATADA BAJA
Level 13: GANCHO ALTO
Level 19: HIPERRAYO
Level 28: BARRERA
Level 38: BOMBA HUEVO
Level 49: CONVERSIÓN2

278 Wingull -> Pelipper
HP  40 
ATK 30 
DEF 30 
SPA 55 
SPD 30 
SPE 85 
Level 1 : ESTALLIDO
Level 1 : MARTILLAZO
Level 7 : DANZA CAOS
Level 13: DIVIDE DOLOR
Level 21: ROBO
Level 31: AT. RÁPIDO
Level 43: ESQUEMA
Level 55: PRESENTE
Egg Moves:
 - GIRO RÁPIDO
 - RÁFAGA
 - HIP.COLMILLO
 - BOFETÓN LODO
 - COME SUEÑOS

279 Pelipper ->  (no evolution)
HP  60 
ATK 50 
DEF 100
SPA 95 
SPD 70 
SPE 65 
Level 1 : HUESOMERANG
Level 1 : DOBLE PATADA
Level 1 : CABEZAZO
Level 1 : PICO TALADRO
Level 3 : TRANSFORM
Level 7 : PUÑO MAREO
Level 13: LÁTIGO
Level 21: HIPERRAYO
Level 25: PAT. S. ALTA
Level 33: DESQUITE
Level 33: HOJA MÁGICA
Level 47: PSÍQUICO
Level 61: VIENTO PLATA

280 Ralts -> Kirlia
HP  28 
ATK 25 
DEF 25 
SPA 45 
SPD 35 
SPE 40 
Level 1 : ENFADO
Level 6 : BOLA HIELO
Level 11: LADRÓN
Level 16: TRUENO
Level 21: LANZALLAMAS
Level 26: HOJA AGUDA
Level 31: ATADURA
Level 36: GUILLOTINA
Level 41: RECURRENTE
Level 46: HIDROPULSO
Egg Moves:
 - ATAQUE ALA
 - IMPRESIONAR
 - HOJA MÁGICA
 - ELECTROCAÑÓN
 - SORPRESA

281 Kirlia -> Gardevoir
HP  38 
ATK 35 
DEF 35 
SPA 65 
SPD 55 
SPE 50 
Level 1 : PANTALLA LUZ
Level 1 : ALA DE ACERO
Level 1 : MORDISCO
Level 1 : GANCHO ALTO
Level 1 : FUEGOSAGRADO
Level 6 : FUERZA BRUTA
Level 11: DESLUMBRAR
Level 16: SUMISIÓN
Level 21: PIN MISIL
Level 26: TRAGAR
Level 33: MEDITACIÓN
Level 40: MALDICIÓN
Level 47: SALPICADURA
Level 54: CERCA

282 Gardevoir ->  (no evolution)
HP  68 
ATK 65 
DEF 65 
SPA 125
SPD 115
SPE 80 
Level 1 : TRIPLEPATADA
Level 1 : PLACAJE ELÉC
Level 1 : ATAQUE FURIA
Level 1 : RAYO AURORA
Level 6 : HIPNOSIS
Level 11: COSQUILLAS
Level 16: TORM. ARENA
Level 21: DESLUMBRAR
Level 26: METRÓNOMO
Level 33: RÁFAGA
Level 42: DOBLE RAYO
Level 51: CONTONEO
Level 60: TORBELLINO

283 Surskit -> Masquerain
HP  40 
ATK 30 
DEF 32 
SPA 50 
SPD 52 
SPE 65 
Level 1 : COLA FÉRREA
Level 7 : AUTODESTRUC
Level 13: DOBLEBOFETÓN
Level 19: ELECTROCAÑÓN
Level 25: ARMAD. ÁCIDA
Level 31: RIZO DEFENSA
Level 37: BATIDO
Level 37: METRÓNOMO
Egg Moves:
 - AIRE AFILADO
 - BOMBA HUEVO
 - RECUPERACIÓN
 - PORTAZO
 - PANTALLA LUZ

284 Masquerain ->  (no evolution)
HP  70 
ATK 60 
DEF 62 
SPA 100
SPD 82 
SPE 80 
Level 1 : ULTRAPUÑO
Level 1 : SÍNTESIS
Level 1 : ARAÑAZO
Level 1 : FINTA
Level 7 : MEGAPATADA
Level 13: RECICLAJE
Level 19: TENAZA
Level 26: GIRO FUEGO
Level 33: CICLÓN
Level 40: PSICORRAYO
Level 47: GANCHO ALTO
Level 53: AFILAR

285 Shroomish -> Breloom
HP  60 
ATK 40 
DEF 60 
SPA 40 
SPD 60 
SPE 35 
Level 1 : CHISPA
Level 4 : CARÁMBANO
Level 7 : RESTRICCIÓN
Level 10: AROMATERAPIA
Level 16: ANTOJO
Level 22: CAPA MÁGICA
Level 28: RAYO
Level 36: SÍNTESIS
Level 45: BURBUJA
Level 54: DESARROLLO
Egg Moves:
 - PUÑO METEORO
 - FIJAR BLANCO
 - DOBLE FILO
 - ANILLO ÍGNEO
 - LENGÜETAZO

286 Breloom ->  (no evolution)
HP  60 
ATK 130
DEF 80 
SPA 60 
SPD 60 
SPE 70 
Level 1 : TAMBOR
Level 1 : FIJAR BLANCO
Level 1 : MEGAPATADA
Level 1 : HOJA MÁGICA
Level 4 : GAS VENENOSO
Level 7 : PALIZA
Level 10: V. CORTANTE
Level 16: DEF. FÉRREA
Level 22: GANCHO ALTO
Level 23: LLANTO FALSO
Level 28: PATADA GIRO
Level 36: LANZALLAMAS
Level 45: EXCAVAR
Level 54: SONÁMBULO

287 Slakoth -> Vigoroth
HP  60 
ATK 60 
DEF 60 
SPA 35 
SPD 35 
SPE 30 
Level 1 : TELARAÑA
Level 1 : PODER PASADO
Level 7 : CUCHILLADA
Level 13: PANTALLAHUMO
Level 19: SUPERSÓNICO
Level 25: TELETRANSP
Level 31: IMAGEN
Level 37: GRUÑIDO
Level 43: OTRA VEZ
Egg Moves:
 - PUÑO COMETA
 - COLA VENENO
 - AMNESIA
 - AYUDA
 - AVALANCHA
 - GUILLOTINA
 - DOBLE PATADA

288 Vigoroth -> Slaking
HP  80 
ATK 80 
DEF 80 
SPA 55 
SPD 55 
SPE 90 
Level 1 : ATAQUE ARENA
Level 1 : ARMAD. ÁCIDA
Level 1 : RECURRENTE
Level 1 : CORNADA
Level 7 : ABSORBER
Level 13: VIENTO HIELO
Level 19: PUÑO MAREO
Level 25: CANTO MORTAL
Level 31: ASCUAS
Level 37: ENCANTO
Level 43: FUEGOSAGRADO
Level 49: SALPICADURA

289 Slaking ->  (no evolution)
HP  150
ATK 160
DEF 100
SPA 95 
SPD 65 
SPE 100
Level 1 : FRUSTRACIÓN
Level 1 : GIRO FUEGO
Level 1 : DOBLEBOFETÓN
Level 1 : MEGAPATADA
Level 7 : AROMATERAPIA
Level 13: ATRACCIÓN
Level 19: ESPORA
Level 25: ANTOJO
Level 31: ARMAD. ÁCIDA
Level 36: DÍA DE PAGO
Level 37: ESTALLIDO
Level 43: KINÉTICO

290 Nincada -> Ninjask
HP  31 
ATK 45 
DEF 90 
SPA 30 
SPD 30 
SPE 40 
Level 1 : RABIA
Level 1 : PUÑO METEORO
Level 5 : RESIDUOS
Level 9 : IMPRESIONAR
Level 14: RESPLANDOR
Level 19: ECO METÁLICO
Level 25: LADRÓN
Level 31: FORTALEZA
Level 38: ONDA VOLTIO
Level 45: REFLEJO
Egg Moves:
 - DESLUMBRAR
 - RUEDA FUEGO
 - VOZARRÓN
 - REFUGIO

291 Ninjask ->  (no evolution)
HP  61 
ATK 90 
DEF 45 
SPA 50 
SPD 50 
SPE 160
Level 1 : KINÉTICO
Level 1 : CERCA
Level 1 : SUMISIÓN
Level 1 : COLA FÉRREA
Level 5 : AYUDA
Level 9 : REPETICIÓN
Level 14: TINIEBLAS
Level 19: RUEDA FUEGO
Level 20: RELEVO
Level 20: LEGADO
Level 20: PATADA ÍGNEA
Level 25: ALA DE ACERO
Level 31: VENTISCA
Level 38: MEGAAGOTAR
Level 45: CANTO MORTAL

292 Shedinja ->  (no evolution)
HP  1  
ATK 90 
DEF 45 
SPA 30 
SPD 30 
SPE 40 
Level 1 : CLAVO CAÑÓN
Level 1 : PODER PASADO
Level 5 : ANTOJO
Level 9 : SUPERSÓNICO
Level 14: FISURA
Level 19: LANZARROCAS
Level 25: DANZA PÉTALO
Level 31: RAPIDEZ
Level 38: FALSOTORTAZO
Level 45: CARA SUSTO

293 Whismur -> Loudred
HP  64 
ATK 51 
DEF 23 
SPA 51 
SPD 23 
SPE 28 
Level 1 : ELECTROCAÑÓN
Level 5 : RUGIDO
Level 11: BOSTEZO
Level 15: PATADA ÍGNEA
Level 21: ESPORAGODÓN
Level 25: MASA CÓSMICA
Level 31: CHISPA
Level 35: DESARME
Level 41: DANZA DRAGÓN
Level 41: HIDROPULSO
Level 45: MOV. SÍSMICO
Egg Moves:
 - RESERVA
 - HIPERRAYO
 - TRIPLEPATADA
 - DANZA PÉTALO
 - BOMBA LODO

294 Loudred -> Exploud
HP  84 
ATK 71 
DEF 43 
SPA 71 
SPD 43 
SPE 48 
Level 1 : PUÑODINÁMICO
Level 1 : ASCUAS
Level 1 : V. CORTANTE
Level 1 : RECURRENTE
Level 5 : MOV. ESPEJO
Level 11: MEGAPUÑO
Level 15: BOLA HIELO
Level 23: EXCAVAR
Level 29: REPETICIÓN
Level 37: DOBLE RAYO
Level 43: MISMODESTINO
Level 51: METRÓNOMO
Level 51: PRESA
Level 57: PÚAS

295 Exploud ->  (no evolution)
HP  104
ATK 91 
DEF 63 
SPA 91 
SPD 73 
SPE 68 
Level 1 : TAJO CRUZADO
Level 1 : CONTONEO
Level 1 : POLUCIÓN
Level 1 : DAÑO SECRETO
Level 5 : RIZO DEFENSA
Level 11: GAS VENENOSO
Level 15: SEÑUELO
Level 23: CICLÓN
Level 29: RABIA
Level 37: ANILLO ÍGNEO
Level 40: REPETICIÓN
Level 45: DESTRUCTOR
Level 55: SUMISIÓN
Level 55: CHAPOTEOLODO
Level 63: RESIDUOS

296 Makuhita -> Hariyama
HP  72 
ATK 60 
DEF 30 
SPA 20 
SPD 30 
SPE 25 
Level 1 : PUÑO METEORO
Level 1 : RAYO HIELO
Level 4 : REDUCCIÓN
Level 10: DIVIDE DOLOR
Level 13: ANTOJO
Level 19: AGUA LODOSA
Level 22: ESTALLIDO
Level 28: FURIA
Level 31: IMPACTRUENO
Level 37: RESPLANDOR
Level 40: GARRA METAL
Level 46: RAPIDEZ
Level 49: RUEDA FUEGO
Egg Moves:
 - DESCANSO
 - REPETICIÓN
 - DANZA ESPADA
 - CARA SUSTO
 - VIENTO PLATA
 - REDUCCIÓN
 - PANTALLA LUZ
 - IMITACIÓN

297 Hariyama ->  (no evolution)
HP  144
ATK 120
DEF 60 
SPA 40 
SPD 60 
SPE 50 
Level 1 : RELAJO
Level 1 : COLA FÉRREA
Level 1 : PULPOCAÑÓN
Level 1 : PUÑODINÁMICO
Level 4 : SEÑUELO
Level 10: DIVIDE DOLOR
Level 13: DEMOLICIÓN
Level 19: AMNESIA
Level 22: AT. RÁPIDO
Level 29: VOZARRÓN
Level 33: COLMILLO VEN
Level 40: PRESA
Level 44: PUÑO CERTERO
Level 51: TRIATAQUE
Level 55: CAMELO

298 Azurill -> Marill
HP  50 
ATK 20 
DEF 40 
SPA 20 
SPD 40 
SPE 20 
Level 1 : HIP.COLMILLO
Level 3 : HUESOMERANG
Level 6 : CHAPOTEOLODO
Level 10: PSÍQUICO
Level 15: DISP. DEMORA
Level 21: PANTALLAHUMO
Egg Moves:
 - PUÑO METEORO
 - RABIA
 - EMPUJÓN
 - DISP. DEMORA
 - GRUÑIDO

299 Nosepass ->  (no evolution)
HP  30 
ATK 45 
DEF 135
SPA 45 
SPD 90 
SPE 30 
Level 1 : DRAGOALIENTO
Level 7 : AVALANCHA
Level 13: CAMUFLAJE
Level 16: GIRO RÁPIDO
Level 22: ALBOROTO
Level 28: BLOQUEO
Level 31: HUESOMERANG
Level 37: SOMNÍFERO
Level 43: DAÑO SECRETO
Level 46: PULPOCAÑÓN
Egg Moves:
 - PUÑO METEORO
 - CHISPA
 - CHUPAVIDAS

300 Skitty -> Delcatty
HP  50 
ATK 45 
DEF 45 
SPA 35 
SPD 35 
SPE 50 
Level 1 : PICO TALADRO
Level 1 : DRAGOALIENTO
Level 3 : TORBELLINO
Level 7 : DESLUMBRAR
Level 13: GOLPE AÉREO
Level 15: CARÁMBANO
Level 19: PROTECCIÓN
Level 25: FISURA
Level 27: VIENTO PLATA
Level 31: FUEGO FATUO
Level 37: RESIDUOS
Level 39: RABIA
Egg Moves:
 - PICOTAZO VEN
 - GIGADRENADO
 - BLOQUEO
 - SUMISIÓN
 - VENTISCA
 - LÁTIGO CEPA
 - BUCLE ARENA
 - RELEVO

301 Delcatty ->  (no evolution)
HP  70 
ATK 65 
DEF 65 
SPA 55 
SPD 55 
SPE 90 
Level 1 : VEL. EXTREMA
Level 1 : RAYO AURORA
Level 1 : PSICOONDA
Level 1 : ATAQUE ALA

302 Sableye ->  (no evolution)
HP  50 
ATK 75 
DEF 75 
SPA 65 
SPD 65 
SPE 50 
Level 1 : PATADA SALTO
Level 1 : CARÁMBANO
Level 5 : ARMAD. ÁCIDA
Level 9 : DESQUITE
Level 13: COLA FÉRREA
Level 17: PÚAS
Level 21: CAMUFLAJE
Level 25: TUMBA ROCAS
Level 29: ATAQUE ÓSEO
Level 33: REDUCCIÓN
Level 37: RETROCESO
Level 41: RESIDUOS
Level 45: FUEGOSAGRADO
Egg Moves:
 - CONTADOR
 - BOFETÓN LODO
 - BOLA HIELO

303 Mawile ->  (no evolution)
HP  50 
ATK 85 
DEF 85 
SPA 55 
SPD 55 
SPE 50 
Level 1 : ATAQUE AÉREO
Level 6 : CABEZAZO
Level 11: TERREMOTO
Level 16: PLANTA FEROZ
Level 21: RAYO HIELO
Level 26: VENTISCA
Level 31: DISP. DEMORA
Level 36: INTERCAMBIO
Level 41: REDUCCIÓN
Level 46: GRUÑIDO
Level 46: PESADILLA
Level 46: PISOTÓN
Egg Moves:
 - BOLA SOMBRA
 - RÁFAGA
 - GOLPE AÉREO
 - BOMBA SÓNICA
 - COLA FÉRREA
 - GOLPE

304 Aron -> Lairon
HP  50 
ATK 70 
DEF 100
SPA 40 
SPD 40 
SPE 30 
Level 1 : PAT. S. ALTA
Level 4 : PANTALLAHUMO
Level 7 : BATIDO
Level 10: TRAGAR
Level 13: VIENTO PLATA
Level 17: DISP. DEMORA
Level 21: PUÑO TRUENO
Level 25: NIEBLA
Level 29: CARA SUSTO
Level 34: REFUGIO
Level 39: TENAZA
Level 44: RECICLAJE
Egg Moves:
 - GOLPE
 - RAPIDEZ
 - BARRERA
 - PUÑO CERTERO

305 Lairon -> Aggron
HP  60 
ATK 90 
DEF 140
SPA 50 
SPD 50 
SPE 40 
Level 1 : BURBUJA
Level 1 : GIRO FUEGO
Level 1 : HIP.COLMILLO
Level 1 : TRIATAQUE
Level 4 : HOJA AFILADA
Level 7 : ARMAD. ÁCIDA
Level 10: MIMÉTICO
Level 13: AT. RÁPIDO
Level 17: COME SUEÑOS
Level 21: DOBLEBOFETÓN
Level 25: ARRAIGO
Level 29: RASTREO
Level 37: ADAPTACIÓN
Level 45: PSÍQUICO
Level 53: DESARROLLO

306 Aggron ->  (no evolution)
HP  70 
ATK 110
DEF 180
SPA 60 
SPD 60 
SPE 50 
Level 1 : TELÉPATA
Level 1 : METRÓNOMO
Level 1 : ATAQUE FURIA
Level 1 : HIDROBOMBA
Level 4 : CONVERSIÓN2
Level 7 : TRUCO
Level 10: PLACAJE
Level 13: PAZ MENTAL
Level 17: PANTALLA LUZ
Level 21: ESPORAGODÓN
Level 25: ULTRAPUÑO
Level 29: MEGAAGOTAR
Level 37: FUERZA BRUTA
Level 50: SOL MATINAL
Level 63: ANULACIÓN

307 Meditite -> Medicham
HP  30 
ATK 40 
DEF 55 
SPA 40 
SPD 55 
SPE 60 
Level 1 : RAYO
Level 4 : MOV. SÍSMICO
Level 9 : LUZ LUNAR
Level 12: TRAGAR
Level 17: KINÉTICO
Level 20: MIMÉTICO
Level 25: TRUCO
Level 28: AGILIDAD
Level 33: REFUGIO
Level 36: COLA FÉRREA
Level 41: MARTILLAZO
Level 44: ESCUPIR
Egg Moves:
 - SÍNTESIS
 - LANZALLAMAS
 - ANTOJO
 - ESTÍMULO
 - REFLEJO
 - PERFORADOR
 - LUZ LUNAR

308 Medicham ->  (no evolution)
HP  60 
ATK 60 
DEF 75 
SPA 60 
SPD 75 
SPE 80 
Level 1 : AZOTE
Level 1 : AMNESIA
Level 1 : EMPUJÓN
Level 1 : PUÑO TRUENO
Level 1 : DESTRUCTOR
Level 1 : ESPORAGODÓN
Level 1 : CONFUSIÓN
Level 4 : SALPICADURA
Level 9 : GAS VENENOSO
Level 12: RAYO HIELO
Level 17: DESARROLLO
Level 20: FALSOTORTAZO
Level 25: PARANORMAL
Level 28: FURIA
Level 33: COME SUEÑOS
Level 36: IMPACTRUENO
Level 47: VENTISCA
Level 56: DÍA SOLEADO

309 Electrike -> Manectric
HP  40 
ATK 45 
DEF 40 
SPA 65 
SPD 40 
SPE 65 
Level 1 : BOLA NEBLINA
Level 4 : ATAQUE ARENA
Level 9 : CUCHILLADA
Level 12: FUEGOSAGRADO
Level 17: SOL MATINAL
Level 20: TORNADO
Level 25: IMITACIÓN
Level 28: CANTO MORTAL
Level 33: ONDA TRUENO
Level 36: RUEDA FUEGO
Level 41: RAYO
Egg Moves:
 - HIDROCHORRO
 - SÍNTESIS
 - TÓXICO
 - IMITACIÓN
 - ÁCIDO

310 Manectric ->  (no evolution)
HP  70 
ATK 75 
DEF 60 
SPA 105
SPD 60 
SPE 105
Level 1 : GIRO FUEGO
Level 1 : COME SUEÑOS
Level 1 : HIDROBOMBA
Level 1 : PUÑO TRUENO
Level 4 : OTRA VEZ
Level 9 : LÁTIGO
Level 12: FORTALEZA
Level 17: GOLPE
Level 20: CORNADA
Level 25: GOLPES FURIA
Level 31: CAPA MÁGICA
Level 39: CUCHILLADA
Level 45: RESPLANDOR
Level 53: LLAMARADA

311 Plusle ->  (no evolution)
HP  60 
ATK 50 
DEF 40 
SPA 85 
SPD 75 
SPE 95 
Level 1 : TUMBA ROCAS
Level 4 : BESO AMOROSO
Level 10: ATAQUE AÉREO
Level 13: AULLIDO
Level 19: PAT. S. ALTA
Level 22: BUCLE ARENA
Level 28: RASTREO
Level 31: DOBLE FILO
Level 37: PERFORADOR
Level 40: PATADA SALTO
Level 47: MOFA
Egg Moves:
 - CONTADOR
 - SALPICADURA

312 Minun ->  (no evolution)
HP  60 
ATK 40 
DEF 50 
SPA 75 
SPD 85 
SPE 95 
Level 1 : PICO TALADRO
Level 4 : GANCHO ALTO
Level 10: AEROCHORRO
Level 13: COLA FÉRREA
Level 19: GIRO FUEGO
Level 22: RONQUIDO
Level 28: VENTISCA
Level 31: VIENTO HIELO
Level 37: TRUCO
Level 40: RABIA
Level 47: PUÑO SOMBRA
Egg Moves:
 - PUÑO METEORO
 - RASTREO

313 Volbeat ->  (no evolution)
HP  65 
ATK 73 
DEF 75 
SPA 47 
SPD 85 
SPE 85 
Level 1 : HIDROPULSO
Level 5 : HIP.COLMILLO
Level 9 : V. CORTANTE
Level 13: FUEGOSAGRADO
Level 17: LANZALLAMAS
Level 21: ATADURA
Level 25: PUÑODINÁMICO
Level 29: RAYO CONFUSO
Level 33: CAPA MÁGICA
Level 37: GIRO FUEGO
Egg Moves:
 - PSÍQUICO
 - TORNADO
 - SUPERDIENTE

314 Illumise ->  (no evolution)
HP  65 
ATK 47 
DEF 75 
SPA 73 
SPD 85 
SPE 85 
Level 1 : PISOTÓN
Level 5 : TAMBOR
Level 9 : RAYO BURBUJA
Level 13: TRUENO
Level 17: CARGA
Level 21: DULCE AROMA
Level 25: TORMENTO
Level 29: TRANSFORM
Level 33: CAMELO
Level 37: HIPERRAYO
Egg Moves:
 - VELO SAGRADO
 - CHISPA
 - AEROCHORRO

315 Roselia ->  (no evolution)
HP  50 
ATK 60 
DEF 45 
SPA 100
SPD 80 
SPE 65 
Level 1 : GARRA DRAGÓN
Level 5 : BUCLE ARENA
Level 9 : PUÑO METEORO
Level 13: PALIZA
Level 17: RETROCESO
Level 21: PLACAJE ELÉC
Level 25: MORDISCO
Level 29: PSICOONDA
Level 33: BOMBA HUEVO
Level 37: PANTALLA LUZ
Level 41: LANZALLAMAS
Level 45: RAYO BURBUJA
Level 49: MEDITACIÓN
Level 53: MOV. SÍSMICO
Level 57: COLA FÉRREA
Egg Moves:
 - CONTADOR
 - DERRIBO
 - LLAMARADA
 - PANTALLAHUMO

316 Gulpin -> Swalot
HP  70 
ATK 43 
DEF 53 
SPA 43 
SPD 53 
SPE 40 
Level 1 : PUÑO SOMBRA
Level 6 : AIRE AFILADO
Level 9 : GOLPE KARATE
Level 14: AVALANCHA
Level 17: ATAQUE FURIA
Level 23: CONVERSIÓN
Level 28: VIENTO PLATA
Level 34: BOMBA HUEVO
Level 34: GRANIZO
Level 34: DOBLE EQUIPO
Level 39: GARRA DRAGÓN
Egg Moves:
 - ONDA VOLTIO
 - FORTALEZA
 - ARMAD. ÁCIDA
 - ESCUPIR

317 Swalot ->  (no evolution)
HP  100
ATK 73 
DEF 83 
SPA 73 
SPD 83 
SPE 55 
Level 1 : DESARME
Level 1 : TELÉPATA
Level 1 : CARGA
Level 1 : BOMBA HUEVO
Level 6 : GOLPE CABEZA
Level 9 : ANILLO ÍGNEO
Level 14: CAPA MÁGICA
Level 17: CONVERSIÓN2
Level 23: PERSECUCIÓN
Level 26: REDUCCIÓN
Level 31: EXPLOSIÓN
Level 40: TENAZA
Level 40: PRESENTE
Level 40: RUEDA FUEGO
Level 48: ENCANTO

318 Carvanha -> Sharpedo
HP  45 
ATK 90 
DEF 20 
SPA 65 
SPD 20 
SPE 65 
Level 1 : RECURRENTE
Level 1 : HIPERRAYO
Level 7 : RAYO
Level 13: PESADILLA
Level 16: TRAGAR
Level 22: RONQUIDO
Level 28: AGUA LODOSA
Level 31: SUMISIÓN
Level 37: CICLÓN
Level 43: PREMONICIÓN
Egg Moves:
 - CONFUSIÓN
 - ATADURA
 - DÍA SOLEADO

319 Sharpedo ->  (no evolution)
HP  70 
ATK 120
DEF 40 
SPA 95 
SPD 40 
SPE 95 
Level 1 : GIRO FUEGO
Level 1 : MOV. ESPEJO
Level 1 : TERREMOTO
Level 1 : PLACAJE ELÉC
Level 7 : ALA DE ACERO
Level 13: PUÑO HIELO
Level 16: LANZALLAMAS
Level 22: RABIA
Level 28: TRIATAQUE
Level 33: TAJO CRUZADO
Level 38: RELAJO
Level 43: TUMBA ROCAS
Level 48: VELO SAGRADO
Level 53: DERRIBO

320 Wailmer -> Wailord
HP  130
ATK 70 
DEF 35 
SPA 70 
SPD 35 
SPE 60 
Level 1 : RAYO
Level 5 : MAL DE OJO
Level 10: RASTREO
Level 14: RELEVO
Level 19: REPETICIÓN
Level 23: CARA SUSTO
Level 28: PODER PASADO
Level 32: RAYO HIELO
Level 37: EXCAVAR
Level 41: TIRO VITAL
Level 46: DISP. LODO
Level 50: PALIZA
Egg Moves:
 - CANTO
 - CANTO MORTAL
 - DÍA DE PAGO
 - SÍNTESIS
 - LUZ LUNAR
 - ALIVIO
 - GANCHO ALTO
 - ATRACCIÓN

321 Wailord ->  (no evolution)
HP  170
ATK 90 
DEF 45 
SPA 90 
SPD 45 
SPE 60 
Level 1 : ENCANTO
Level 1 : RAYO BURBUJA
Level 1 : TERREMOTO
Level 1 : PLANTA FEROZ
Level 5 : DESARROLLO
Level 10: SORPRESA
Level 14: FRUSTRACIÓN
Level 19: ATAQUE ALA
Level 23: VIENTO PLATA
Level 28: HIDROBOMBA
Level 32: BATIDO
Level 37: GOLPE
Level 44: DEF. FÉRREA
Level 52: PORTAZO
Level 59: AULLIDO

322 Numel -> Camerupt
HP  60 
ATK 60 
DEF 40 
SPA 65 
SPD 45 
SPE 35 
Level 1 : CONFUSIÓN
Level 1 : LADRÓN
Level 11: BOTE
Level 19: TRUENO
Level 25: LANZARROCAS
Level 29: TORMENTO
Level 31: DISP. DEMORA
Level 35: BOFETÓN LODO
Level 41: CONTADOR
Level 49: CANTO MORTAL
Egg Moves:
 - DOBLE PATADA
 - FRUSTRACIÓN
 - BATIDO
 - FUEGOSAGRADO
 - GIRO RÁPIDO
 - PLANTA FEROZ

323 Camerupt ->  (no evolution)
HP  70 
ATK 100
DEF 70 
SPA 105
SPD 75 
SPE 40 
Level 1 : CORTEFURIA
Level 1 : CHUPAVIDAS
Level 1 : COLA VENENO
Level 1 : CARÁMBANO
Level 11: PUÑO METEORO
Level 19: GUILLOTINA
Level 25: BESO DULCE
Level 29: DESLUMBRAR
Level 31: INTERCAMBIO
Level 33: AGUA LODOSA
Level 37: TELARAÑA
Level 45: VIENTO PLATA
Level 55: DESARME

324 Torkoal ->  (no evolution)
HP  70 
ATK 85 
DEF 140
SPA 85 
SPD 70 
SPE 20 
Level 1 : BOLA SOMBRA
Level 4 : PSÍQUICO
Level 7 : PARANORMAL
Level 14: COME SUEÑOS
Level 17: BESO AMOROSO
Level 20: TRITURAR
Level 27: DÍA DE PAGO
Level 30: PULPOCAÑÓN
Level 33: FUEGO FATUO
Level 40: SOMNÍFERO
Level 43: FIJAR BLANCO
Level 46: ASCUAS
Egg Moves:
 - HUESO PALO
 - CORTEFURIA
 - DAÑO SECRETO
 - MEGACUERNO

325 Spoink -> Grumpig
HP  60 
ATK 25 
DEF 35 
SPA 70 
SPD 80 
SPE 60 
Level 1 : DRAGOALIENTO
Level 7 : TENAZA
Level 10: TRUCO
Level 16: PUÑO METEORO
Level 19: TERREMOTO
Level 25: DESLUMBRAR
Level 28: PIN MISIL
Level 34: SALPICAR
Level 37: ESFUERZO
Level 37: TAJO CRUZADO
Level 43: PROFECÍA
Egg Moves:
 - SALPICAR
 - PIN MISIL
 - PUÑO COMETA
 - CARÁMBANO

326 Grumpig ->  (no evolution)
HP  80 
ATK 45 
DEF 65 
SPA 90 
SPD 110
SPE 80 
Level 1 : TRIATAQUE
Level 1 : DOBLEATAQUE
Level 1 : PUÑO FUEGO
Level 1 : PSICOATAQUE
Level 7 : DOBLEBOFETÓN
Level 10: FIJAR BLANCO
Level 16: DÍA SOLEADO
Level 19: RESIDUOS
Level 25: CERCA
Level 28: CORTEFURIA
Level 37: RAYO SOLAR
Level 43: BOMBA SÓNICA
Level 43: AT. RÁPIDO
Level 55: MEDITACIÓN

327 Spinda ->  (no evolution)
HP  60 
ATK 60 
DEF 60 
SPA 60 
SPD 60 
SPE 60 
Level 1 : RAYO BURBUJA
Level 5 : PATADA GIRO
Level 12: PANTALLAHUMO
Level 16: ESFUERZO
Level 23: AYUDA
Level 27: PUÑO COMETA
Level 34: PROTECCIÓN
Level 38: BESO AMOROSO
Level 45: SOMNÍFERO
Level 49: CORNADA
Level 56: IMAGEN
Egg Moves:
 - MEGAAGOTAR
 - IMPACTRUENO
 - SUMISIÓN
 - COME SUEÑOS
 - REMOLINO
 - BLOQUEO
 - MOV. ESPEJO
 - FRÍO POLAR

328 Trapinch -> Vibrava
HP  45 
ATK 100
DEF 45 
SPA 45 
SPD 45 
SPE 10 
Level 1 : PATADA ÍGNEA
Level 9 : SOL MATINAL
Level 17: RAYO AURORA
Level 25: CONFUSIÓN
Level 33: TÓXICO
Level 41: FRUSTRACIÓN
Level 49: PUÑO SOMBRA
Level 57: ATAQUE FURIA
Egg Moves:
 - METRÓNOMO
 - MEGACUERNO
 - HIDROCHORRO

329 Vibrava -> Flygon
HP  50 
ATK 70 
DEF 50 
SPA 50 
SPD 50 
SPE 70 
Level 1 : CARA SUSTO
Level 1 : POLVO VENENO
Level 1 : AULLIDO
Level 1 : DESARME
Level 9 : LUZ LUNAR
Level 17: PAT. S. ALTA
Level 25: VIENTO PLATA
Level 33: DOBLE PATADA
Level 35: V. CORTANTE
Level 41: GOLPE KARATE
Level 49: BRAZO PINCHO
Level 57: GOLPE AÉREO

330 Flygon ->  (no evolution)
HP  80 
ATK 100
DEF 80 
SPA 80 
SPD 80 
SPE 100
Level 1 : PANTALLA LUZ
Level 1 : COLMILLO VEN
Level 1 : BOLA HIELO
Level 1 : RAYO BURBUJA
Level 9 : AULLIDO
Level 17: HIPERRAYO
Level 25: DANZA CAOS
Level 33: TRITURAR
Level 35: SORPRESA
Level 41: FISURA
Level 53: PESADILLA
Level 65: CLAVO CAÑÓN

331 Cacnea -> Cacturne
HP  50 
ATK 85 
DEF 40 
SPA 85 
SPD 40 
SPE 35 
Level 1 : FUEGOSAGRADO
Level 1 : TRITURAR
Level 5 : ADAPTACIÓN
Level 9 : DOBLE FILO
Level 13: ALIVIO
Level 17: RUGIDO
Level 21: PÚAS
Level 25: MALDICIÓN
Level 29: FORTALEZA
Level 33: ESQUEMA
Level 37: HOJA MÁGICA
Level 41: SORPRESA
Level 45: AFILAR
Level 49: LLANTO FALSO
Egg Moves:
 - TORBELLINO
 - BOMBA HUEVO
 - RASTREO
 - DRENADORAS
 - PAZ MENTAL

332 Cacturne ->  (no evolution)
HP  70 
ATK 115
DEF 60 
SPA 115
SPD 60 
SPE 55 
Level 1 : CICLÓN
Level 1 : AYUDA
Level 1 : MEGACUERNO
Level 1 : ESFUERZO
Level 1 : HOJA AGUDA
Level 5 : GOLPES FURIA
Level 9 : DERRIBO
Level 13: HIDROBOMBA
Level 17: PROTECCIÓN
Level 21: VENTISCA
Level 25: CAMPANA CURA
Level 29: DESCANSO
Level 35: RAYO HIELO
Level 41: DOBLE FILO
Level 47: SEÑUELO
Level 53: ROBO
Level 59: ASCUAS

333 Swablu -> Altaria
HP  45 
ATK 40 
DEF 60 
SPA 40 
SPD 75 
SPE 50 
Level 1 : BOMBA LODO
Level 1 : VOZARRÓN
Level 8 : AEROCHORRO
Level 11: FISURA
Level 18: REFLEJO
Level 21: REPETICIÓN
Level 28: PÚAS
Level 31: PEDRADA
Level 38: DANZA PÉTALO
Level 41: LANZARROCAS
Level 48: AGUANTE
Egg Moves:
 - HIP.COLMILLO
 - RECICLAJE
 - TORNADO
 - DESARROLLO

334 Altaria ->  (no evolution)
HP  75 
ATK 70 
DEF 90 
SPA 70 
SPD 105
SPE 80 
Level 1 : FORTALEZA
Level 1 : IMAGEN
Level 1 : METEOROBOLA
Level 1 : DAÑO SECRETO
Level 8 : ESTALLIDO
Level 11: LLAMARADA
Level 18: TRUENO
Level 21: PATADA ÍGNEA
Level 28: VOZARRÓN
Level 31: PERFORADOR
Level 35: MEDITACIÓN
Level 40: BOMBA LODO
Level 45: REDUCCIÓN
Level 54: DEF. FÉRREA
Level 59: FIJAR BLANCO

335 Zangoose ->  (no evolution)
HP  73 
ATK 115
DEF 60 
SPA 60 
SPD 60 
SPE 90 
Level 1 : SALPICAR
Level 4 : PUÑO FUEGO
Level 7 : BARRERA
Level 10: METRÓNOMO
Level 13: COLMILLO VEN
Level 19: GOLPE CUERPO
Level 25: MOV. ESPEJO
Level 31: DEMOLICIÓN
Level 37: DANZA ESPADA
Level 46: TRANSFORM
Level 55: CARÁMBANO
Egg Moves:
 - KINÉTICO
 - VEL. EXTREMA
 - AGUA LODOSA
 - PUÑO SOMBRA
 - PRESA
 - GUILLOTINA

336 Seviper ->  (no evolution)
HP  73 
ATK 100
DEF 60 
SPA 100
SPD 60 
SPE 65 
Level 1 : LANZARROCAS
Level 7 : PSICOATAQUE
Level 10: CONFUSIÓN
Level 16: ULTRAPUÑO
Level 19: HOJA AGUDA
Level 25: RAYO SOLAR
Level 28: LLANTO FALSO
Level 34: CORTEFURIA
Level 37: LANZALLAMAS
Level 43: AGUANTE
Egg Moves:
 - PSÍQUICO
 - BOSTEZO
 - ANULACIÓN
 - DOBLEBOFETÓN

337 Lunatone ->  (no evolution)
HP  90 
ATK 55 
DEF 65 
SPA 95 
SPD 85 
SPE 70 
Level 1 : ESQUEMA
Level 1 : MORDISCO
Level 7 : AEROCHORRO
Level 13: DOBLEBOFETÓN
Level 19: TELARAÑA
Level 25: ATADURA
Level 31: BOTE
Level 37: EMPUJÓN
Level 43: PICOTAZO
Level 49: LEGADO

338 Solrock ->  (no evolution)
HP  90 
ATK 95 
DEF 85 
SPA 55 
SPD 65 
SPE 70 
Level 1 : DANZA PLUMA
Level 1 : ALA DE ACERO
Level 7 : MASA CÓSMICA
Level 13: COLA VENENO
Level 19: PARANORMAL
Level 25: DESEO OCULTO
Level 31: BLOQUEO
Level 37: AFILAR
Level 43: FALSOTORTAZO
Level 49: SUMISIÓN

339 Barboach -> Whiscash
HP  50 
ATK 48 
DEF 43 
SPA 46 
SPD 41 
SPE 60 
Level 1 : BOLA NEBLINA
Level 6 : BOMBA SÓNICA
Level 6 : BOMBA LODO
Level 11: PARALIZADOR
Level 16: PICOTAZO
Level 21: TUMBA ROCAS
Level 26: CORTEFURIA
Level 26: ROBO
Level 31: BOFETÓN LODO
Level 36: PICOTAZO VEN
Level 41: DOBLE RAYO
Egg Moves:
 - DOBLE PATADA
 - BURBUJA
 - DANZA PLUMA

340 Whiscash ->  (no evolution)
HP  110
ATK 78 
DEF 73 
SPA 76 
SPD 71 
SPE 60 
Level 1 : FISURA
Level 1 : BARRERA
Level 1 : DANZA PÉTALO
Level 1 : PATADA ÍGNEA
Level 6 : ARAÑAZO
Level 6 : HIPERRAYO
Level 11: GRANIZO
Level 16: RELAJO
Level 21: RAPIDEZ
Level 26: RABIA
Level 26: DIVIDE DOLOR
Level 36: PERFORADOR
Level 46: RECURRENTE
Level 56: TIRO VITAL

341 Corphish -> Crawdaunt
HP  43 
ATK 80 
DEF 65 
SPA 50 
SPD 35 
SPE 35 
Level 1 : AIRE AFILADO
Level 7 : TENAZA
Level 10: PREMONICIÓN
Level 13: MEGACUERNO
Level 19: REDUCCIÓN
Level 22: HIDROBOMBA
Level 25: SUMISIÓN
Level 31: PROTECCIÓN
Level 34: SUPERSÓNICO
Level 37: IMPACTRUENO
Level 43: PALIZA
Level 46: PERSECUCIÓN
Egg Moves:
 - KINÉTICO
 - GARRA DRAGÓN
 - SUPERSÓNICO
 - RENCOR

342 Crawdaunt ->  (no evolution)
HP  63 
ATK 120
DEF 85 
SPA 90 
SPD 55 
SPE 55 
Level 1 : ECO METÁLICO
Level 1 : DRAGOALIENTO
Level 1 : BOLA SOMBRA
Level 1 : GOLPE KARATE
Level 7 : AYUDA
Level 10: AROMATERAPIA
Level 13: TORMENTO
Level 19: DOBLE FILO
Level 22: RÁFAGA
Level 25: EXCAVAR
Level 33: PUÑODINÁMICO
Level 38: GOLPES FURIA
Level 43: NIEVE POLVO
Level 51: ANTOJO
Level 56: FORTALEZA

343 Baltoy -> Claydol
HP  40 
ATK 40 
DEF 55 
SPA 40 
SPD 70 
SPE 55 
Level 1 : BOMBA LODO
Level 3 : CORPULENCIA
Level 5 : ULTRAPUÑO
Level 7 : BOLA SOMBRA
Level 11: ATRACCIÓN
Level 15: ALA DE ACERO
Level 19: FURIA
Level 25: MISMODESTINO
Level 31: GOLPES FURIA
Level 37: DRAGOALIENTO
Level 45: ENFADO

344 Claydol ->  (no evolution)
HP  60 
ATK 70 
DEF 105
SPA 70 
SPD 120
SPE 75 
Level 1 : DAÑO SECRETO
Level 1 : PODER PASADO
Level 1 : PISOTÓN
Level 1 : V. CORTANTE
Level 3 : DEF. FÉRREA
Level 5 : INTERCAMBIO
Level 7 : TAJO CRUZADO
Level 11: RESPLANDOR
Level 15: GARRA DRAGÓN
Level 19: HIDROCHORRO
Level 25: SONÁMBULO
Level 31: BOMBA HUEVO
Level 36: VIENTO HIELO
Level 42: MAL DE OJO
Level 55: CHISPA

345 Lileep -> Cradily
HP  66 
ATK 41 
DEF 77 
SPA 61 
SPD 87 
SPE 23 
Level 1 : PUÑO SOMBRA
Level 8 : PATADA ÍGNEA
Level 15: DOBLE PATADA
Level 22: NIEVE POLVO
Level 29: SORPRESA
Level 36: ABSORBER
Level 43: GARRA BRUTAL
Level 50: FRÍO POLAR
Level 50: CAMELO
Level 50: TIRO VITAL
Egg Moves:
 - RAYO CONFUSO
 - HIP.COLMILLO
 - DESQUITE
 - ATRACCIÓN

346 Cradily ->  (no evolution)
HP  86 
ATK 81 
DEF 97 
SPA 81 
SPD 107
SPE 43 
Level 1 : PICO TALADRO
Level 1 : HIDROBOMBA
Level 1 : TIRO VITAL
Level 1 : GIRO RÁPIDO
Level 8 : LÁTIGO
Level 15: DOBLE EQUIPO
Level 22: CHUPAVIDAS
Level 29: NEBLINA
Level 36: CORNADA
Level 48: TORNADO
Level 60: LEGADO
Level 60: DESEO
Level 60: AEROCHORRO

347 Anorith -> Armaldo
HP  45 
ATK 95 
DEF 50 
SPA 40 
SPD 50 
SPE 75 
Level 1 : PAT. S. ALTA
Level 7 : GUILLOTINA
Level 13: FISURA
Level 19: PATADA GIRO
Level 25: DANZA LLUVIA
Level 31: TIRO VITAL
Level 37: MAGNITUD
Level 43: CAMELO
Level 49: AROMATERAPIA
Level 55: REPETICIÓN
Egg Moves:
 - PSÍQUICO
 - DANZA PLUMA
 - POLUCIÓN
 - CARÁMBANO

348 Armaldo ->  (no evolution)
HP  75 
ATK 125
DEF 100
SPA 70 
SPD 80 
SPE 45 
Level 1 : LUZ LUNAR
Level 1 : CAPA MÁGICA
Level 1 : RAPIDEZ
Level 1 : IMAGEN
Level 7 : PAT. S. ALTA
Level 13: PUÑO HIELO
Level 19: HIPNOSIS
Level 25: DOBLEATAQUE
Level 31: SALPICADURA
Level 37: HUESOMERANG
Level 46: RECUPERACIÓN
Level 55: DANZA PLUMA
Level 64: ATAQUE ÓSEO

349 Feebas -> Milotic
HP  20 
ATK 15 
DEF 20 
SPA 10 
SPD 55 
SPE 80 
Level 1 : GOLPE AÉREO
Level 15: MANTO ESPEJO
Level 30: DESARME
Egg Moves:
 - CARGA
 - DOBLEBOFETÓN
 - CHAPOTEOLODO
 - REFUERZO
 - FURIA DRAGÓN
 - CONFUSIÓN

350 Milotic ->  (no evolution)
HP  95 
ATK 60 
DEF 79 
SPA 100
SPD 125
SPE 81 
Level 1 : ENFADO
Level 5 : RUEDA FUEGO
Level 10: DESLUMBRAR
Level 15: PSICORRAYO
Level 20: CONVERSIÓN
Level 25: BRAZO PINCHO
Level 30: PORTAZO
Level 35: AFILAR
Level 40: DANZA CAOS
Level 45: VELO SAGRADO
Level 50: TRIPLEPATADA

351 Castform ->  (no evolution)
HP  70 
ATK 70 
DEF 70 
SPA 70 
SPD 70 
SPE 70 
Level 1 : ANILLO ÍGNEO
Level 10: AT. RÁPIDO
Level 10: VOZARRÓN
Level 10: DESQUITE
Level 20: DESTRUCTOR
Level 20: PAT. S. ALTA
Level 20: ESFUERZO
Level 30: AUTODESTRUC
Egg Moves:
 - LENGÜETAZO
 - DÍA DE PAGO

352 Kecleon ->  (no evolution)
HP  60 
ATK 90 
DEF 70 
SPA 60 
SPD 120
SPE 40 
Level 1 : ALA DE ACERO
Level 1 : TAMBOR
Level 1 : DOBLEATAQUE
Level 1 : AMORTIGUADOR
Level 1 : PUÑO HIELO
Level 4 : CANTO
Level 7 : REPETICIÓN
Level 12: PSICOONDA
Level 17: MAL DE OJO
Level 24: GAS VENENOSO
Level 31: GIRO FUEGO
Level 40: IMPRESIONAR
Level 49: MANTO ESPEJO
Egg Moves:
 - CORPULENCIA
 - HOJA AFILADA
 - FURIA DRAGÓN

353 Shuppet -> Banette
HP  44 
ATK 75 
DEF 35 
SPA 63 
SPD 33 
SPE 45 
Level 1 : RUEDA FUEGO
Level 8 : MAL DE OJO
Level 13: PLANTA FEROZ
Level 20: CAPA MÁGICA
Level 25: MASA CÓSMICA
Level 32: DÍA SOLEADO
Level 37: PRESA
Level 44: ECO METÁLICO
Level 49: AGARRE
Level 56: DESCANSO
Egg Moves:
 - FINTA
 - INVERSIÓN
 - TERREMOTO
 - HOJA MÁGICA
 - MEGAPUÑO

354 Banette ->  (no evolution)
HP  64 
ATK 115
DEF 65 
SPA 83 
SPD 63 
SPE 65 
Level 1 : PATADA ÍGNEA
Level 1 : PLANTA FEROZ
Level 1 : MEGACUERNO
Level 1 : PARANORMAL
Level 8 : RUGIDO
Level 13: MOFA
Level 20: ESCUPIR
Level 25: CAMELO
Level 32: PULPOCAÑÓN
Level 39: HIDROBOMBA
Level 48: TELARAÑA
Level 55: GARRA BRUTAL
Level 64: DOBLEATAQUE

355 Duskull -> Dusclops
HP  20 
ATK 40 
DEF 90 
SPA 30 
SPD 90 
SPE 25 
Level 1 : HIP.COLMILLO
Level 1 : PSICOATAQUE
Level 5 : PLACAJE ELÉC
Level 12: HIPNOSIS
Level 16: HIDROCAÑÓN
Level 23: VELO SAGRADO
Level 27: GAS VENENOSO
Level 34: GIRO RÁPIDO
Level 38: PALIZA
Level 45: BARRERA
Level 49: TELARAÑA
Egg Moves:
 - ATRACCIÓN
 - FIJAR BLANCO
 - AMNESIA
 - ROBO
 - PLANTA FEROZ
 - CHUPAVIDAS

356 Dusclops ->  (no evolution)
HP  40 
ATK 70 
DEF 130
SPA 60 
SPD 130
SPE 25 
Level 1 : INVERSIÓN
Level 1 : FUEGOSAGRADO
Level 1 : GARRA METAL
Level 1 : GANCHO ALTO
Level 5 : DULCE AROMA
Level 12: COLMILLO VEN
Level 16: AIRE AFILADO
Level 23: PIN MISIL
Level 27: PICOTAZO
Level 34: ROBO
Level 37: RAYO BURBUJA
Level 41: PSICOONDA
Level 51: AGARRE
Level 58: MORDISCO

357 Tropius ->  (no evolution)
HP  99 
ATK 68 
DEF 83 
SPA 72 
SPD 87 
SPE 51 
Level 1 : IMPACTRUENO
Level 1 : VOZARRÓN
Level 7 : FRUSTRACIÓN
Level 11: REFUERZO
Level 17: DOBLE EQUIPO
Level 21: ONDA VOLTIO
Level 27: GARRA METAL
Level 31: DESLUMBRAR
Level 37: MANTO ESPEJO
Level 41: FUEGOSAGRADO
Level 47: DANZA PÉTALO
Egg Moves:
 - TRAGAR
 - ROBO
 - PUÑODINÁMICO
 - GARRA METAL
 - GARRA BRUTAL

358 Chimecho ->  (no evolution)
HP  75 
ATK 50 
DEF 80 
SPA 95 
SPD 90 
SPE 65 
Level 1 : FINTA
Level 6 : TORNADO
Level 9 : MOFA
Level 14: PICOTAZO VEN
Level 17: ESFUERZO
Level 22: PUÑODINÁMICO
Level 25: RABIA
Level 30: FRÍO POLAR
Level 33: ESCUPIR
Level 38: AULLIDO
Level 41: BOLA NEBLINA
Level 46: TENAZA
Egg Moves:
 - DERRIBO
 - ANTOJO
 - SONÁMBULO
 - DESQUITE

359 Absol ->  (no evolution)
HP  65 
ATK 130
DEF 60 
SPA 75 
SPD 60 
SPE 75 
Level 1 : ATAQUE ALA
Level 5 : PATADA ÍGNEA
Level 9 : PICOTAZO
Level 13: POLVO VENENO
Level 17: TRAGAR
Level 21: BUCLE ARENA
Level 26: CAPA MÁGICA
Level 31: DRAGOALIENTO
Level 36: ALBOROTO
Level 41: DRENADORAS
Level 46: BOMBA HUEVO
Egg Moves:
 - DANZA PLUMA
 - ARMAD. ÁCIDA
 - PROFECÍA
 - BARRERA
 - MEGAAGOTAR
 - TINIEBLAS

360 Wynaut -> Wobbuffet
HP  95 
ATK 23 
DEF 48 
SPA 23 
SPD 48 
SPE 23 
Level 1 : POLUCIÓN
Level 1 : ESTÍMULO
Level 1 : HOJA MÁGICA
Level 15: AMORTIGUADOR
Level 15: CONTONEO
Level 15: SOFOCO
Level 15: RETROCESO

361 Snorunt -> Glalie
HP  50 
ATK 50 
DEF 50 
SPA 50 
SPD 50 
SPE 50 
Level 1 : DOBLEBOFETÓN
Level 1 : DOBLE PATADA
Level 7 : DIVIDE DOLOR
Level 10: BRAZO PINCHO
Level 16: ASCUAS
Level 19: PSICOATAQUE
Level 25: GARRA BRUTAL
Level 28: ANTOJO
Level 34: TELETRANSP
Level 37: VEL. EXTREMA
Level 43: PUÑO MAREO
Egg Moves:
 - RIZO DEFENSA
 - SOL MATINAL

362 Glalie ->  (no evolution)
HP  80 
ATK 80 
DEF 80 
SPA 80 
SPD 80 
SPE 80 
Level 1 : DESTRUCTOR
Level 1 : NIEVE POLVO
Level 1 : TORNADO
Level 1 : RESPLANDOR
Level 7 : ROBO
Level 10: RESERVA
Level 16: AGUA LODOSA
Level 19: FUEGOSAGRADO
Level 25: MAGNITUD
Level 28: MEGAAGOTAR
Level 34: DAÑO SECRETO
Level 42: AULLIDO
Level 53: LÁTIGO
Level 61: TORM. ARENA

363 Spheal -> Sealeo
HP  70 
ATK 40 
DEF 50 
SPA 55 
SPD 50 
SPE 25 
Level 1 : GOLPE KARATE
Level 1 : BURBUJA
Level 1 : TRANSFORM
Level 1 : BOMBA HUEVO
Level 7 : GARRA BRUTAL
Level 13: FURIA DRAGÓN
Level 19: DETECCIÓN
Level 25: ENCANTO
Level 31: MEGAPATADA
Level 37: FORTALEZA
Level 37: RENCOR
Level 43: POLVO VENENO
Level 49: CAPA MÁGICA
Egg Moves:
 - PLACAJE
 - ALA DE ACERO
 - POLUCIÓN
 - PIN MISIL
 - ANILLO ÍGNEO
 - TELARAÑA
 - PATADA BAJA
 - DESQUITE

364 Sealeo -> Walrein
HP  90 
ATK 60 
DEF 70 
SPA 75 
SPD 70 
SPE 45 
Level 1 : RAYO SOLAR
Level 1 : ATAQUE AÉREO
Level 1 : TELÉPATA
Level 1 : DESQUITE
Level 7 : BESO AMOROSO
Level 13: BOTE
Level 19: CHUPAVIDAS
Level 25: AIRE AFILADO
Level 31: REFLEJO
Level 39: CONTADOR
Level 39: ELECTROCAÑÓN
Level 47: BOFETÓN LODO
Level 55: DAÑO SECRETO

365 Walrein ->  (no evolution)
HP  110
ATK 80 
DEF 90 
SPA 95 
SPD 90 
SPE 65 
Level 1 : RAYO AURORA
Level 1 : REFUERZO
Level 1 : PARANORMAL
Level 1 : V. CORTANTE
Level 7 : FORTALEZA
Level 13: RELAJO
Level 19: VOZARRÓN
Level 25: HIP.COLMILLO
Level 31: TELÉPATA
Level 39: HIDROPULSO
Level 39: SUPERSÓNICO
Level 50: GOLPE AÉREO
Level 61: GRUÑIDO

366 Clamperl -> Huntail
HP  35 
ATK 64 
DEF 85 
SPA 74 
SPD 55 
SPE 32 
Level 1 : REMOLINO
Level 1 : DOBLE RAYO
Level 1 : RENCOR
Level 1 : COLA VENENO
Egg Moves:
 - PICOTAZO
 - DOBLE FILO
 - REFUGIO
 - POLUCIÓN
 - PORTAZO
 - RONQUIDO

367 Huntail ->  (no evolution)
HP  55 
ATK 104
DEF 105
SPA 94 
SPD 75 
SPE 52 
Level 1 : SOFOCO
Level 8 : HOJA AGUDA
Level 15: TERREMOTO
Level 22: DEF. FÉRREA
Level 29: AULLIDO
Level 36: MAGNITUD
Level 43: FRUSTRACIÓN
Level 50: RAYO

368 Gorebyss ->  (no evolution)
HP  55 
ATK 84 
DEF 105
SPA 114
SPD 75 
SPE 52 
Level 1 : PATADA SALTO
Level 8 : RAYO HIELO
Level 15: CONTADOR
Level 22: VENTISCA
Level 29: PUÑO SOMBRA
Level 36: GOLPE CABEZA
Level 43: CORPULENCIA
Level 50: TORNADO

369 Relicanth ->  (no evolution)
HP  100
ATK 90 
DEF 130
SPA 45 
SPD 65 
SPE 55 
Level 1 : ONDA VOLTIO
Level 1 : GOLPE CUERPO
Level 8 : CARA SUSTO
Level 15: LLANTO FALSO
Level 22: PICOTAZO VEN
Level 29: DANZA PLUMA
Level 36: CORPULENCIA
Level 43: TENAZA
Level 50: ESCUPIR
Level 57: AT. RÁPIDO
Level 64: PRESENTE
Egg Moves:
 - LANZALLAMAS
 - AGARRE
 - LUZ LUNAR
 - LLANTO FALSO
 - ATAQUE ARENA
 - TAJO CRUZADO

370 Luvdisc ->  (no evolution)
HP  43 
ATK 30 
DEF 55 
SPA 40 
SPD 65 
SPE 97 
Level 1 : CLAVO CAÑÓN
Level 4 : DESEO
Level 12: DOBLE FILO
Level 16: TRIPLEPATADA
Level 24: ARAÑAZO
Level 28: ALBOROTO
Level 36: VIENTO HIELO
Level 40: AT. RÁPIDO
Level 48: PALIZA
Egg Moves:
 - DÍA DE PAGO
 - ASCUAS
 - SUMISIÓN
 - ATAQUE AÉREO

371 Bagon -> Shelgon
HP  45 
ATK 75 
DEF 60 
SPA 40 
SPD 30 
SPE 50 
Level 1 : TERREMOTO
Level 5 : PROTECCIÓN
Level 9 : DEF. FÉRREA
Level 17: TORBELLINO
Level 21: SORPRESA
Level 25: AMNESIA
Level 33: RECURRENTE
Level 37: GUILLOTINA
Level 41: PISTOLA AGUA
Level 49: ATAQUE ALA
Level 53: CONTADOR
Egg Moves:
 - GARRA DRAGÓN
 - HOJA AGUDA
 - SUSTITUTO
 - BOFETÓN LODO
 - V. CORTANTE

372 Shelgon -> Salamence
HP  65 
ATK 95 
DEF 100
SPA 60 
SPD 50 
SPE 50 
Level 1 : BESO DULCE
Level 1 : DANZA CAOS
Level 1 : AMORTIGUADOR
Level 1 : ESTÍMULO
Level 5 : PISOTÓN
Level 9 : BOMBA SÓNICA
Level 17: VOZARRÓN
Level 21: TIRO VITAL
Level 25: DERRIBO
Level 30: TINIEBLAS
Level 38: PLACAJE
Level 47: PARANORMAL
Level 56: RAYO AURORA
Level 69: VENTISCA
Level 78: MIMÉTICO

373 Salamence ->  (no evolution)
HP  95 
ATK 135
DEF 80 
SPA 110
SPD 80 
SPE 100
Level 1 : PARALIZADOR
Level 1 : PRESENTE
Level 1 : ESPORAGODÓN
Level 1 : HIDROPULSO
Level 5 : FALSOTORTAZO
Level 9 : PLANTA FEROZ
Level 17: PROTECCIÓN
Level 21: TORBELLINO
Level 25: AUTODESTRUC
Level 30: MOV. ESPEJO
Level 38: SALPICAR
Level 47: MAL DE OJO
Level 50: PEDRADA
Level 61: VEL. EXTREMA
Level 79: TRIPLEPATADA
Level 93: ANTOJO

374 Beldum -> Metang
HP  40 
ATK 55 
DEF 80 
SPA 35 
SPD 60 
SPE 30 
Level 1 : CUCHILLADA

375 Metang -> Metagross
HP  60 
ATK 75 
DEF 100
SPA 55 
SPD 80 
SPE 50 
Level 1 : PEDRADA
Level 20: DANZA PLUMA
Level 20: IMAGEN
Level 26: AGUANTE
Level 32: MOFA
Level 38: AVALANCHA
Level 44: ALBOROTO
Level 50: HOJA AGUDA
Level 56: RÁFAGA
Level 62: TORBELLINO

376 Metagross ->  (no evolution)
HP  80 
ATK 135
DEF 130
SPA 95 
SPD 90 
SPE 70 
Level 1 : ECO METÁLICO
Level 1 : CONVERSIÓN
Level 1 : LEGADO
Level 1 : HIDROPULSO
Level 20: RAYO CONFUSO
Level 20: ATRACCIÓN
Level 26: VELO SAGRADO
Level 32: DESCANSO
Level 38: AVALANCHA
Level 44: HOJA AFILADA
Level 55: CLAVO CAÑÓN
Level 66: TELÉPATA
Level 77: REMOLINO

377 Regirock ->  (no evolution)
HP  80 
ATK 100
DEF 200
SPA 50 
SPD 100
SPE 50 
Level 1 : PEDRADA
Level 9 : TERREMOTO
Level 17: LLANTO FALSO
Level 25: ROBO
Level 33: ESTALLIDO
Level 41: PSICOATAQUE
Level 49: DOBLE FILO
Level 57: GRUÑIDO
Level 65: HIDROCAÑÓN

378 Regice ->  (no evolution)
HP  80 
ATK 50 
DEF 100
SPA 100
SPD 200
SPE 50 
Level 1 : PSÍQUICO
Level 9 : CICLÓN
Level 17: SEÑUELO
Level 25: AGARRE
Level 33: EXCAVAR
Level 41: PSICORRAYO
Level 49: ALA DE ACERO
Level 57: GIRO FUEGO
Level 65: INVERSIÓN

379 Registeel ->  (no evolution)
HP  80 
ATK 75 
DEF 150
SPA 75 
SPD 150
SPE 50 
Level 1 : CORNADA
Level 9 : ATAQUE AÉREO
Level 17: PUÑO CERTERO
Level 25: TIRO VITAL
Level 33: CAMUFLAJE
Level 41: PATADA ÍGNEA
Level 41: PATADA GIRO
Level 49: PROFECÍA
Level 57: DANZA DRAGÓN
Level 65: DERRIBO

380 Latias ->  (no evolution)
HP  80 
ATK 80 
DEF 90 
SPA 110
SPD 130
SPE 110
Level 1 : VIENTO PLATA
Level 5 : POLUCIÓN
Level 10: LÁTIGO CEPA
Level 15: RENCOR
Level 20: ATADURA
Level 25: ANTOJO
Level 30: GOLPE AÉREO
Level 35: PARANORMAL
Level 40: PSICOATAQUE
Level 45: EXCAVAR
Level 50: MISMODESTINO

381 Latios ->  (no evolution)
HP  80 
ATK 90 
DEF 80 
SPA 130
SPD 110
SPE 110
Level 1 : CHISPA
Level 5 : BARRERA
Level 10: PUÑODINÁMICO
Level 15: SILBATO
Level 20: HUESOMERANG
Level 25: CORNADA
Level 30: VOZARRÓN
Level 35: ALIVIO
Level 40: LENGÜETAZO
Level 45: REDUCCIÓN
Level 50: LANZALLAMAS

382 Kyogre ->  (no evolution)
HP  100
ATK 100
DEF 90 
SPA 150
SPD 140
SPE 90 
Level 1 : PICO TALADRO
Level 5 : SOL MATINAL
Level 15: RAYO BURBUJA
Level 20: CONFUSIÓN
Level 30: ANTOJO
Level 35: TINIEBLAS
Level 45: PÚAS
Level 50: DISP. DEMORA
Level 60: SUMISIÓN
Level 65: HOJA AFILADA
Level 75: BOLA HIELO

383 Groudon ->  (no evolution)
HP  100
ATK 150
DEF 140
SPA 100
SPD 90 
SPE 90 
Level 1 : PUÑODINÁMICO
Level 5 : CONVERSIÓN
Level 15: TORNADO
Level 20: ARMAD. ÁCIDA
Level 30: LLANTO FALSO
Level 35: PSICOONDA
Level 45: MIMÉTICO
Level 50: DEMOLICIÓN
Level 60: AGUA LODOSA
Level 65: PATADA BAJA
Level 75: HOJA MÁGICA

384 Rayquaza ->  (no evolution)
HP  105
ATK 150
DEF 90 
SPA 150
SPD 90 
SPE 95 
Level 1 : TAJO CRUZADO
Level 5 : HIP.COLMILLO
Level 15: TORM. ARENA
Level 20: ONDA VOLTIO
Level 30: PARANORMAL
Level 35: RIZO DEFENSA
Level 45: GIRO FUEGO
Level 50: AGUANTE
Level 60: IMPACTRUENO
Level 65: DOBLE FILO
Level 75: CHUPAVIDAS

385 Jirachi ->  (no evolution)
HP  100
ATK 100
DEF 100
SPA 100
SPD 100
SPE 100
Level 1 : SALPICADURA
Level 1 : DEMOLICIÓN
Level 5 : CUCHILLADA
Level 10: ENCANTO
Level 15: RELEVO
Level 20: CABEZAZO
Level 25: PSICOATAQUE
Level 30: TORNADO
Level 35: ESTALLIDO
Level 40: PALIZA
Level 45: RAYO
Level 50: PANTALLA LUZ

386 Deoxys ->  (no evolution)
HP  50 
ATK 180
DEF 20 
SPA 180
SPD 20 
SPE 150
Level 1 : GAS VENENOSO
Level 1 : DRAGOALIENTO
Level 5 : LLANTO FALSO
Level 10: DESLUMBRAR
Level 15: DEMOLICIÓN
Level 20: DESTRUCTOR
Level 25: HIPNOSIS
Level 30: COLMILLO VEN
Level 35: ONDA ÍGNEA
Level 40: NIEBLA
Level 45: CUCHILLADA
Level 50: PUÑO METEORO


--TM Moves--
TM01 ARMAD. ÁCIDA
TM02 IMPACTRUENO
TM03 GARRA METAL
TM04 PUÑODINÁMICO
TM05 V. CORTANTE
TM06 COLMILLO VEN
TM07 ABSORBER
TM08 ATADURA
TM09 RENCOR
TM10 DETECCIÓN
TM11 CONVERSIÓN
TM12 LENGÜETAZO
TM13 CONFUSIÓN
TM14 BOTE
TM15 DESEO
TM16 GUILLOTINA
TM17 CUCHILLADA
TM18 PRESA
TM19 VOZARRÓN
TM20 PUÑO HIELO
TM21 LLANTO FALSO
TM22 RETROCESO
TM23 PANTALLAHUMO
TM24 DAÑO SECRETO
TM25 BOFETÓN LODO
TM26 SORPRESA
TM27 COLA VENENO
TM28 SILBATO
TM29 CHIRRIDO
TM30 DESQUITE
TM31 PANTALLA LUZ
TM32 DOBLE EQUIPO
TM33 TORBELLINO
TM34 HIDROCAÑÓN
TM35 REFUERZO
TM36 ELECTROCAÑÓN
TM37 RESPLANDOR
TM38 PATADA GIRO
TM39 GANCHO ALTO
TM40 RUGIDO
TM41 TINIEBLAS
TM42 COME SUEÑOS
TM43 FISURA
TM44 ECO METÁLICO
TM45 LEGADO
TM46 AZOTE
TM47 PEDRADA
TM48 MISMODESTINO
TM49 REFUGIO
TM50 BUCLE ARENA

--TM Compatibility--
  1 Bulbasaur     |TM01 ARMAD. ÁCIDA |TM02 IMPACTRUENO |               - |TM04 PUÑODINÁMICO |               - |TM06 COLMILLO VEN |TM07 ABSORBER |           - |TM09 RENCOR |TM10 DETECCIÓN |              - |TM12 LENGÜETAZO |TM13 CONFUSIÓN |TM14 BOTE |         - |              - |TM17 CUCHILLADA |         - |TM19 VOZARRÓN |TM20 PUÑO HIELO |                - |             - |TM23 PANTALLAHUMO |TM24 DAÑO SECRETO |TM25 BOFETÓN LODO |            - |               - |           - |            - |            - |TM31 PANTALLA LUZ |TM32 DOBLE EQUIPO |TM33 TORBELLINO |              - |            - |                - |TM37 RESPLANDOR |               - |TM39 GANCHO ALTO |          - |             - |               - |TM43 FISURA |                - |          - |TM46 AZOTE |           - |                - |TM49 REFUGIO |               - |HM01 CORTE |         - |HM03 SURF |          - |            - |HM06 GOLPE ROCA |           - |         - |
  2 Ivysaur       |                - |               - |               - |                - |TM05 V. CORTANTE |TM06 COLMILLO VEN |            - |           - |          - |TM10 DETECCIÓN |              - |              - |             - |        - |         - |TM16 GUILLOTINA |TM17 CUCHILLADA |TM18 PRESA |            - |TM20 PUÑO HIELO |TM21 LLANTO FALSO |             - |TM23 PANTALLAHUMO |TM24 DAÑO SECRETO |                - |            - |TM27 COLA VENENO |TM28 SILBATO |            - |            - |TM31 PANTALLA LUZ |TM32 DOBLE EQUIPO |              - |TM34 HIDROCAÑÓN |TM35 REFUERZO |TM36 ELECTROCAÑÓN |              - |TM38 PATADA GIRO |TM39 GANCHO ALTO |TM40 RUGIDO |             - |TM42 COME SUEÑOS |          - |                - |TM45 LEGADO |TM46 AZOTE |           - |                - |           - |               - |HM01 CORTE |         - |HM03 SURF |HM04 FUERZA |HM05 DESTELLO |              - |HM07 CASCADA |         - |
  3 Venusaur      |                - |TM02 IMPACTRUENO |TM03 GARRA METAL |TM04 PUÑODINÁMICO |               - |TM06 COLMILLO VEN |            - |TM08 ATADURA |          - |TM10 DETECCIÓN |              - |              - |             - |TM14 BOTE |TM15 DESEO |TM16 GUILLOTINA |TM17 CUCHILLADA |         - |TM19 VOZARRÓN |TM20 PUÑO HIELO |TM21 LLANTO FALSO |             - |TM23 PANTALLAHUMO |TM24 DAÑO SECRETO |TM25 BOFETÓN LODO |TM26 SORPRESA |               - |TM28 SILBATO |            - |            - |                - |TM32 DOBLE EQUIPO |              - |TM34 HIDROCAÑÓN |TM35 REFUERZO |TM36 ELECTROCAÑÓN |TM37 RESPLANDOR |TM38 PATADA GIRO |               - |TM40 RUGIDO |TM41 TINIEBLAS |TM42 COME SUEÑOS |TM43 FISURA |TM44 ECO METÁLICO |          - |         - |TM47 PEDRADA |TM48 MISMODESTINO |           - |               - |HM01 CORTE |HM02 VUELO |HM03 SURF |          - |HM05 DESTELLO |HM06 GOLPE ROCA |           - |         - |
  4 Charmander    |                - |               - |               - |TM04 PUÑODINÁMICO |TM05 V. CORTANTE |TM06 COLMILLO VEN |TM07 ABSORBER |TM08 ATADURA |TM09 RENCOR |TM10 DETECCIÓN |TM11 CONVERSIÓN |TM12 LENGÜETAZO |TM13 CONFUSIÓN |        - |TM15 DESEO |              - |              - |         - |            - |              - |TM21 LLANTO FALSO |TM22 RETROCESO |                - |TM24 DAÑO SECRETO |TM25 BOFETÓN LODO |TM26 SORPRESA |               - |TM28 SILBATO |            - |            - |                - |TM32 DOBLE EQUIPO |TM33 TORBELLINO |              - |            - |                - |              - |TM38 PATADA GIRO |TM39 GANCHO ALTO |          - |             - |               - |TM43 FISURA |TM44 ECO METÁLICO |TM45 LEGADO |         - |TM47 PEDRADA |                - |           - |TM50 BUCLE ARENA |HM01 CORTE |HM02 VUELO |        - |HM04 FUERZA |HM05 DESTELLO |              - |           - |         - |
  5 Charmeleon    |                - |               - |               - |                - |TM05 V. CORTANTE |TM06 COLMILLO VEN |TM07 ABSORBER |           - |          - |TM10 DETECCIÓN |TM11 CONVERSIÓN |TM12 LENGÜETAZO |             - |TM14 BOTE |TM15 DESEO |              - |              - |         - |            - |              - |                - |TM22 RETROCESO |TM23 PANTALLAHUMO |TM24 DAÑO SECRETO |TM25 BOFETÓN LODO |            - |               - |TM28 SILBATO |TM29 CHIRRIDO |            - |                - |                - |TM33 TORBELLINO |              - |TM35 REFUERZO |                - |TM37 RESPLANDOR |               - |TM39 GANCHO ALTO |TM40 RUGIDO |TM41 TINIEBLAS |               - |TM43 FISURA |TM44 ECO METÁLICO |          - |         - |           - |                - |TM49 REFUGIO |               - |HM01 CORTE |HM02 VUELO |        - |HM04 FUERZA |HM05 DESTELLO |HM06 GOLPE ROCA |HM07 CASCADA |         - |
  6 Charizard     |TM01 ARMAD. ÁCIDA |               - |               - |TM04 PUÑODINÁMICO |               - |                - |TM07 ABSORBER |           - |          - |             - |TM11 CONVERSIÓN |              - |TM13 CONFUSIÓN |TM14 BOTE |         - |TM16 GUILLOTINA |TM17 CUCHILLADA |TM18 PRESA |            - |              - |                - |             - |                - |                - |                - |TM26 SORPRESA |               - |           - |            - |TM30 DESQUITE |TM31 PANTALLA LUZ |                - |TM33 TORBELLINO |              - |            - |                - |              - |               - |               - |          - |             - |               - |TM43 FISURA |                - |          - |TM46 AZOTE |TM47 PEDRADA |                - |TM49 REFUGIO |TM50 BUCLE ARENA |HM01 CORTE |         - |HM03 SURF |HM04 FUERZA |HM05 DESTELLO |HM06 GOLPE ROCA |HM07 CASCADA |HM08 BUCEO |
  7 Squirtle      |                - |               - |TM03 GARRA METAL |                - |               - |                - |            - |TM08 ATADURA |TM09 RENCOR |             - |TM11 CONVERSIÓN |              - |             - |        - |TM15 DESEO |TM16 GUILLOTINA |              - |TM18 PRESA |            - |              - |                - |             - |                - |TM24 DAÑO SECRETO |                - |            - |               - |           - |            - |TM30 DESQUITE |                - |                - |TM33 TORBELLINO |              - |            - |                - |              - |TM38 PATADA GIRO |TM39 GANCHO ALTO |TM40 RUGIDO |             - |               - |TM43 FISURA |TM44 ECO METÁLICO |TM45 LEGADO |         - |TM47 PEDRADA |                - |TM49 REFUGIO |TM50 BUCLE ARENA |HM01 CORTE |         - |HM03 SURF |          - |HM05 DESTELLO |HM06 GOLPE ROCA |           - |         - |
  8 Wartortle     |                - |               - |TM03 GARRA METAL |TM04 PUÑODINÁMICO |               - |                - |TM07 ABSORBER |           - |TM09 RENCOR |TM10 DETECCIÓN |TM11 CONVERSIÓN |TM12 LENGÜETAZO |TM13 CONFUSIÓN |        - |TM15 DESEO |TM16 GUILLOTINA |TM17 CUCHILLADA |         - |TM19 VOZARRÓN |TM20 PUÑO HIELO |                - |TM22 RETROCESO |                - |TM24 DAÑO SECRETO |                - |TM26 SORPRESA |TM27 COLA VENENO |TM28 SILBATO |TM29 CHIRRIDO |TM30 DESQUITE |                - |TM32 DOBLE EQUIPO |TM33 TORBELLINO |TM34 HIDROCAÑÓN |TM35 REFUERZO |                - |TM37 RESPLANDOR |TM38 PATADA GIRO |               - |TM40 RUGIDO |             - |               - |TM43 FISURA |TM44 ECO METÁLICO |          - |TM46 AZOTE |TM47 PEDRADA |TM48 MISMODESTINO |           - |TM50 BUCLE ARENA |         - |HM02 VUELO |HM03 SURF |HM04 FUERZA |            - |              - |           - |         - |
  9 Blastoise     |                - |               - |TM03 GARRA METAL |TM04 PUÑODINÁMICO |TM05 V. CORTANTE |                - |            - |           - |TM09 RENCOR |             - |TM11 CONVERSIÓN |TM12 LENGÜETAZO |TM13 CONFUSIÓN |TM14 BOTE |TM15 DESEO |              - |TM17 CUCHILLADA |TM18 PRESA |TM19 VOZARRÓN |              - |TM21 LLANTO FALSO |TM22 RETROCESO |TM23 PANTALLAHUMO |                - |                - |            - |               - |TM28 SILBATO |TM29 CHIRRIDO |            - |                - |                - |TM33 TORBELLINO |TM34 HIDROCAÑÓN |TM35 REFUERZO |                - |TM37 RESPLANDOR |               - |TM39 GANCHO ALTO |TM40 RUGIDO |             - |TM42 COME SUEÑOS |          - |TM44 ECO METÁLICO |          - |         - |TM47 PEDRADA |TM48 MISMODESTINO |TM49 REFUGIO |               - |HM01 CORTE |         - |        - |          - |HM05 DESTELLO |HM06 GOLPE ROCA |           - |HM08 BUCEO |
 10 Caterpie      |TM01 ARMAD. ÁCIDA |TM02 IMPACTRUENO |TM03 GARRA METAL |                - |               - |                - |            - |TM08 ATADURA |TM09 RENCOR |             - |              - |TM12 LENGÜETAZO |TM13 CONFUSIÓN |TM14 BOTE |         - |              - |              - |         - |            - |              - |                - |TM22 RETROCESO |TM23 PANTALLAHUMO |TM24 DAÑO SECRETO |                - |            - |TM27 COLA VENENO |           - |            - |TM30 DESQUITE |                - |                - |              - |              - |TM35 REFUERZO |                - |              - |TM38 PATADA GIRO |TM39 GANCHO ALTO |          - |             - |TM42 COME SUEÑOS |TM43 FISURA |                - |          - |TM46 AZOTE |           - |                - |TM49 REFUGIO |TM50 BUCLE ARENA |HM01 CORTE |         - |        - |          - |HM05 DESTELLO |HM06 GOLPE ROCA |HM07 CASCADA |HM08 BUCEO |
 11 Metapod       |TM01 ARMAD. ÁCIDA |               - |TM03 GARRA METAL |TM04 PUÑODINÁMICO |TM05 V. CORTANTE |TM06 COLMILLO VEN |TM07 ABSORBER |           - |TM09 RENCOR |             - |TM11 CONVERSIÓN |              - |TM13 CONFUSIÓN |TM14 BOTE |TM15 DESEO |TM16 GUILLOTINA |TM17 CUCHILLADA |         - |TM19 VOZARRÓN |TM20 PUÑO HIELO |                - |             - |                - |TM24 DAÑO SECRETO |                - |TM26 SORPRESA |               - |TM28 SILBATO |            - |            - |TM31 PANTALLA LUZ |TM32 DOBLE EQUIPO |TM33 TORBELLINO |              - |            - |                - |TM37 RESPLANDOR |TM38 PATADA GIRO |               - |TM40 RUGIDO |TM41 TINIEBLAS |               - |TM43 FISURA |TM44 ECO METÁLICO |TM45 LEGADO |TM46 AZOTE |TM47 PEDRADA |                - |           - |TM50 BUCLE ARENA |HM01 CORTE |         - |HM03 SURF |          - |            - |HM06 GOLPE ROCA |HM07 CASCADA |         - |
 12 Butterfree    |TM01 ARMAD. ÁCIDA |               - |               - |TM04 PUÑODINÁMICO |TM05 V. CORTANTE |TM06 COLMILLO VEN |TM07 ABSORBER |           - |TM09 RENCOR |             - |TM11 CONVERSIÓN |TM12 LENGÜETAZO |TM13 CONFUSIÓN |TM14 BOTE |TM15 DESEO |TM16 GUILLOTINA |              - |         - |            - |TM20 PUÑO HIELO |TM21 LLANTO FALSO |             - |TM23 PANTALLAHUMO |TM24 DAÑO SECRETO |                - |TM26 SORPRESA |TM27 COLA VENENO |TM28 SILBATO |            - |            - |TM31 PANTALLA LUZ |TM32 DOBLE EQUIPO |TM33 TORBELLINO |TM34 HIDROCAÑÓN |            - |                - |              - |TM38 PATADA GIRO |TM39 GANCHO ALTO |          - |TM41 TINIEBLAS |               - |TM43 FISURA |                - |          - |TM46 AZOTE |TM47 PEDRADA |                - |TM49 REFUGIO |               - |HM01 CORTE |HM02 VUELO |        - |          - |HM05 DESTELLO |HM06 GOLPE ROCA |HM07 CASCADA |         - |
 13 Weedle        |TM01 ARMAD. ÁCIDA |               - |TM03 GARRA METAL |TM04 PUÑODINÁMICO |               - |                - |            - |           - |          - |TM10 DETECCIÓN |              - |TM12 LENGÜETAZO |TM13 CONFUSIÓN |        - |         - |TM16 GUILLOTINA |TM17 CUCHILLADA |         - |            - |              - |TM21 LLANTO FALSO |TM22 RETROCESO |                - |TM24 DAÑO SECRETO |                - |            - |               - |TM28 SILBATO |TM29 CHIRRIDO |            - |TM31 PANTALLA LUZ |                - |              - |              - |TM35 REFUERZO |TM36 ELECTROCAÑÓN |TM37 RESPLANDOR |TM38 PATADA GIRO |TM39 GANCHO ALTO |TM40 RUGIDO |TM41 TINIEBLAS |TM42 COME SUEÑOS |          - |                - |TM45 LEGADO |         - |           - |TM48 MISMODESTINO |           - |               - |HM01 CORTE |HM02 VUELO |HM03 SURF |HM04 FUERZA |            - |HM06 GOLPE ROCA |HM07 CASCADA |HM08 BUCEO |
 14 Kakuna        |TM01 ARMAD. ÁCIDA |TM02 IMPACTRUENO |               - |                - |               - |TM06 COLMILLO VEN |TM07 ABSORBER |           - |TM09 RENCOR |TM10 DETECCIÓN |              - |              - |             - |        - |         - |TM16 GUILLOTINA |              - |TM18 PRESA |            - |              - |                - |             - |                - |TM24 DAÑO SECRETO |                - |TM26 SORPRESA |               - |TM28 SILBATO |            - |            - |                - |TM32 DOBLE EQUIPO |              - |TM34 HIDROCAÑÓN |TM35 REFUERZO |                - |              - |               - |TM39 GANCHO ALTO |          - |             - |TM42 COME SUEÑOS |TM43 FISURA |                - |          - |         - |           - |TM48 MISMODESTINO |           - |TM50 BUCLE ARENA |HM01 CORTE |         - |        - |HM04 FUERZA |            - |              - |           - |         - |
 15 Beedrill      |                - |               - |TM03 GARRA METAL |TM04 PUÑODINÁMICO |               - |TM06 COLMILLO VEN |TM07 ABSORBER |           - |TM09 RENCOR |             - |              - |              - |             - |TM14 BOTE |         - |TM16 GUILLOTINA |TM17 CUCHILLADA |TM18 PRESA |TM19 VOZARRÓN |TM20 PUÑO HIELO |TM21 LLANTO FALSO |             - |                - |TM24 DAÑO SECRETO |                - |            - |               - |           - |            - |            - |TM31 PANTALLA LUZ |TM32 DOBLE EQUIPO |TM33 TORBELLINO |TM34 HIDROCAÑÓN |            - |                - |TM37 RESPLANDOR |TM38 PATADA GIRO |TM39 GANCHO ALTO |          - |             - |               - |TM43 FISURA |TM44 ECO METÁLICO |TM45 LEGADO |         - |           - |                - |           - |               - |HM01 CORTE |HM02 VUELO |        - |HM04 FUERZA |            - |              - |HM07 CASCADA |         - |
 16 Pidgey        |TM01 ARMAD. ÁCIDA |               - |               - |TM04 PUÑODINÁMICO |               - |TM06 COLMILLO VEN |TM07 ABSORBER |TM08 ATADURA |TM09 RENCOR |TM10 DETECCIÓN |TM11 CONVERSIÓN |TM12 LENGÜETAZO |             - |        - |TM15 DESEO |TM16 GUILLOTINA |TM17 CUCHILLADA |TM18 PRESA |            - |              - |                - |TM22 RETROCESO |TM23 PANTALLAHUMO |TM24 DAÑO SECRETO |                - |            - |TM27 COLA VENENO |TM28 SILBATO |            - |TM30 DESQUITE |                - |                - |              - |              - |            - |                - |              - |               - |               - |          - |             - |               - |          - |                - |TM45 LEGADO |TM46 AZOTE |           - |                - |TM49 REFUGIO |               - |HM01 CORTE |HM02 VUELO |        - |          - |HM05 DESTELLO |HM06 GOLPE ROCA |HM07 CASCADA |         - |
 17 Pidgeotto     |TM01 ARMAD. ÁCIDA |TM02 IMPACTRUENO |               - |TM04 PUÑODINÁMICO |TM05 V. CORTANTE |                - |            - |TM08 ATADURA |TM09 RENCOR |TM10 DETECCIÓN |TM11 CONVERSIÓN |TM12 LENGÜETAZO |TM13 CONFUSIÓN |        - |         - |TM16 GUILLOTINA |              - |TM18 PRESA |            - |              - |TM21 LLANTO FALSO |             - |TM23 PANTALLAHUMO |                - |TM25 BOFETÓN LODO |TM26 SORPRESA |               - |TM28 SILBATO |TM29 CHIRRIDO |            - |TM31 PANTALLA LUZ |                - |TM33 TORBELLINO |              - |TM35 REFUERZO |                - |              - |               - |TM39 GANCHO ALTO |          - |             - |TM42 COME SUEÑOS |          - |TM44 ECO METÁLICO |TM45 LEGADO |TM46 AZOTE |TM47 PEDRADA |TM48 MISMODESTINO |           - |TM50 BUCLE ARENA |HM01 CORTE |         - |HM03 SURF |          - |HM05 DESTELLO |              - |HM07 CASCADA |HM08 BUCEO |
 18 Pidgeot       |                - |TM02 IMPACTRUENO |               - |TM04 PUÑODINÁMICO |               - |TM06 COLMILLO VEN |TM07 ABSORBER |           - |          - |TM10 DETECCIÓN |TM11 CONVERSIÓN |              - |             - |        - |TM15 DESEO |TM16 GUILLOTINA |TM17 CUCHILLADA |TM18 PRESA |TM19 VOZARRÓN |              - |TM21 LLANTO FALSO |TM22 RETROCESO |TM23 PANTALLAHUMO |                - |TM25 BOFETÓN LODO |TM26 SORPRESA |TM27 COLA VENENO |           - |TM29 CHIRRIDO |            - |                - |TM32 DOBLE EQUIPO |TM33 TORBELLINO |TM34 HIDROCAÑÓN |TM35 REFUERZO |TM36 ELECTROCAÑÓN |              - |TM38 PATADA GIRO |               - |TM40 RUGIDO |TM41 TINIEBLAS |               - |TM43 FISURA |                - |          - |TM46 AZOTE |           - |TM48 MISMODESTINO |TM49 REFUGIO |               - |HM01 CORTE |HM02 VUELO |        - |HM04 FUERZA |HM05 DESTELLO |HM06 GOLPE ROCA |           - |         - |
 19 Rattata       |TM01 ARMAD. ÁCIDA |TM02 IMPACTRUENO |TM03 GARRA METAL |TM04 PUÑODINÁMICO |TM05 V. CORTANTE |                - |TM07 ABSORBER |TM08 ATADURA |          - |             - |              - |TM12 LENGÜETAZO |             - |TM14 BOTE |TM15 DESEO |TM16 GUILLOTINA |TM17 CUCHILLADA |         - |TM19 VOZARRÓN |TM20 PUÑO HIELO |                - |TM22 RETROCESO |TM23 PANTALLAHUMO |                - |                - |            - |               - |           - |            - |TM30 DESQUITE |                - |TM32 DOBLE EQUIPO |              - |TM34 HIDROCAÑÓN |            - |                - |              - |TM38 PATADA GIRO |               - |TM40 RUGIDO |TM41 TINIEBLAS |TM42 COME SUEÑOS |TM43 FISURA |                - |          - |TM46 AZOTE |           - |                - |           - |TM50 BUCLE ARENA |HM01 CORTE |         - |        - |HM04 FUERZA |            - |HM06 GOLPE ROCA |           - |         - |
 20 Raticate      |                - |TM02 IMPACTRUENO |               - |                - |TM05 V. CORTANTE |TM06 COLMILLO VEN |TM07 ABSORBER |TM08 ATADURA |TM09 RENCOR |             - |              - |TM12 LENGÜETAZO |TM13 CONFUSIÓN |TM14 BOTE |TM15 DESEO |              - |TM17 CUCHILLADA |TM18 PRESA |            - |              - |TM21 LLANTO FALSO |             - |                - |                - |TM25 BOFETÓN LODO |TM26 SORPRESA |TM27 COLA VENENO |TM28 SILBATO |TM29 CHIRRIDO |            - |                - |                - |TM33 TORBELLINO |TM34 HIDROCAÑÓN |            - |                - |TM37 RESPLANDOR |TM38 PATADA GIRO |               - |          - |TM41 TINIEBLAS |TM42 COME SUEÑOS |          - |TM44 ECO METÁLICO |TM45 LEGADO |         - |           - |TM48 MISMODESTINO |           - |               - |HM01 CORTE |         - |HM03 SURF |          - |HM05 DESTELLO |HM06 GOLPE ROCA |HM07 CASCADA |HM08 BUCEO |
 21 Spearow       |                - |TM02 IMPACTRUENO |               - |                - |TM05 V. CORTANTE |TM06 COLMILLO VEN |            - |TM08 ATADURA |TM09 RENCOR |TM10 DETECCIÓN |TM11 CONVERSIÓN |TM12 LENGÜETAZO |             - |TM14 BOTE |         - |              - |              - |TM18 PRESA |            - |TM20 PUÑO HIELO |                - |             - |TM23 PANTALLAHUMO |                - |                - |            - |               - |TM28 SILBATO |            - |TM30 DESQUITE |TM31 PANTALLA LUZ |TM32 DOBLE EQUIPO |              - |              - |            - |                - |TM37 RESPLANDOR |TM38 PATADA GIRO |TM39 GANCHO ALTO |          - |TM41 TINIEBLAS |               - |          - |                - |          - |         - |           - |                - |           - |               - |HM01 CORTE |HM02 VUELO |        - |          - |HM05 DESTELLO |HM06 GOLPE ROCA |           - |HM08 BUCEO |
 22 Fearow        |                - |TM02 IMPACTRUENO |               - |                - |               - |                - |TM07 ABSORBER |           - |          - |             - |              - |TM12 LENGÜETAZO |             - |TM14 BOTE |         - |              - |TM17 CUCHILLADA |         - |TM19 VOZARRÓN |              - |TM21 LLANTO FALSO |             - |TM23 PANTALLAHUMO |                - |TM25 BOFETÓN LODO |            - |TM27 COLA VENENO |           - |TM29 CHIRRIDO |TM30 DESQUITE |                - |                - |              - |TM34 HIDROCAÑÓN |TM35 REFUERZO |                - |              - |TM38 PATADA GIRO |               - |          - |TM41 TINIEBLAS |TM42 COME SUEÑOS |TM43 FISURA |TM44 ECO METÁLICO |TM45 LEGADO |         - |           - |                - |TM49 REFUGIO |TM50 BUCLE ARENA |HM01 CORTE |         - |        - |HM04 FUERZA |HM05 DESTELLO |              - |           - |         - |
 23 Ekans         |                - |TM02 IMPACTRUENO |               - |                - |TM05 V. CORTANTE |TM06 COLMILLO VEN |            - |           - |          - |TM10 DETECCIÓN |TM11 CONVERSIÓN |              - |TM13 CONFUSIÓN |        - |TM15 DESEO |              - |TM17 CUCHILLADA |TM18 PRESA |TM19 VOZARRÓN |              - |TM21 LLANTO FALSO |TM22 RETROCESO |TM23 PANTALLAHUMO |TM24 DAÑO SECRETO |TM25 BOFETÓN LODO |TM26 SORPRESA |TM27 COLA VENENO |           - |TM29 CHIRRIDO |            - |TM31 PANTALLA LUZ |TM32 DOBLE EQUIPO |              - |              - |TM35 REFUERZO |TM36 ELECTROCAÑÓN |              - |TM38 PATADA GIRO |TM39 GANCHO ALTO |          - |             - |TM42 COME SUEÑOS |TM43 FISURA |TM44 ECO METÁLICO |TM45 LEGADO |         - |           - |TM48 MISMODESTINO |TM49 REFUGIO |TM50 BUCLE ARENA |HM01 CORTE |         - |        - |          - |            - |HM06 GOLPE ROCA |           - |         - |
 24 Arbok         |TM01 ARMAD. ÁCIDA |               - |               - |TM04 PUÑODINÁMICO |TM05 V. CORTANTE |                - |TM07 ABSORBER |           - |          - |             - |TM11 CONVERSIÓN |              - |TM13 CONFUSIÓN |TM14 BOTE |         - |TM16 GUILLOTINA |              - |         - |            - |              - |                - |             - |TM23 PANTALLAHUMO |                - |TM25 BOFETÓN LODO |            - |               - |TM28 SILBATO |            - |            - |                - |                - |              - |              - |TM35 REFUERZO |                - |TM37 RESPLANDOR |               - |               - |TM40 RUGIDO |TM41 TINIEBLAS |TM42 COME SUEÑOS |          - |                - |          - |TM46 AZOTE |           - |TM48 MISMODESTINO |TM49 REFUGIO |TM50 BUCLE ARENA |HM01 CORTE |         - |        - |HM04 FUERZA |            - |HM06 GOLPE ROCA |           - |         - |
 25 Pikachu       |TM01 ARMAD. ÁCIDA |               - |TM03 GARRA METAL |TM04 PUÑODINÁMICO |TM05 V. CORTANTE |                - |TM07 ABSORBER |TM08 ATADURA |          - |             - |TM11 CONVERSIÓN |              - |TM13 CONFUSIÓN |TM14 BOTE |         - |TM16 GUILLOTINA |              - |         - |            - |TM20 PUÑO HIELO |                - |             - |                - |                - |                - |TM26 SORPRESA |TM27 COLA VENENO |           - |TM29 CHIRRIDO |            - |                - |                - |TM33 TORBELLINO |TM34 HIDROCAÑÓN |            - |                - |              - |               - |               - |          - |TM41 TINIEBLAS |               - |          - |TM44 ECO METÁLICO |TM45 LEGADO |         - |           - |TM48 MISMODESTINO |           - |               - |HM01 CORTE |         - |HM03 SURF |          - |HM05 DESTELLO |HM06 GOLPE ROCA |HM07 CASCADA |         - |
 26 Raichu        |TM01 ARMAD. ÁCIDA |               - |               - |                - |TM05 V. CORTANTE |                - |TM07 ABSORBER |           - |          - |TM10 DETECCIÓN |TM11 CONVERSIÓN |              - |             - |TM14 BOTE |         - |              - |TM17 CUCHILLADA |         - |TM19 VOZARRÓN |              - |                - |TM22 RETROCESO |                - |                - |                - |TM26 SORPRESA |               - |           - |            - |            - |TM31 PANTALLA LUZ |                - |TM33 TORBELLINO |              - |            - |                - |              - |               - |TM39 GANCHO ALTO |          - |             - |               - |          - |TM44 ECO METÁLICO |TM45 LEGADO |         - |TM47 PEDRADA |TM48 MISMODESTINO |           - |TM50 BUCLE ARENA |HM01 CORTE |         - |        - |HM04 FUERZA |HM05 DESTELLO |HM06 GOLPE ROCA |           - |         - |
 27 Sandshrew     |                - |TM02 IMPACTRUENO |TM03 GARRA METAL |                - |               - |TM06 COLMILLO VEN |TM07 ABSORBER |           - |TM09 RENCOR |TM10 DETECCIÓN |TM11 CONVERSIÓN |TM12 LENGÜETAZO |TM13 CONFUSIÓN |        - |TM15 DESEO |TM16 GUILLOTINA |TM17 CUCHILLADA |         - |TM19 VOZARRÓN |              - |                - |             - |                - |TM24 DAÑO SECRETO |TM25 BOFETÓN LODO |            - |               - |           - |TM29 CHIRRIDO |            - |                - |                - |TM33 TORBELLINO |              - |            - |TM36 ELECTROCAÑÓN |TM37 RESPLANDOR |               - |               - |TM40 RUGIDO |TM41 TINIEBLAS |TM42 COME SUEÑOS |TM43 FISURA |                - |TM45 LEGADO |TM46 AZOTE |TM47 PEDRADA |TM48 MISMODESTINO |TM49 REFUGIO |               - |HM01 CORTE |         - |        - |          - |HM05 DESTELLO |              - |HM07 CASCADA |         - |
 28 Sandslash     |TM01 ARMAD. ÁCIDA |               - |               - |                - |               - |TM06 COLMILLO VEN |            - |TM08 ATADURA |TM09 RENCOR |TM10 DETECCIÓN |TM11 CONVERSIÓN |              - |             - |        - |TM15 DESEO |              - |              - |TM18 PRESA |            - |              - |                - |TM22 RETROCESO |TM23 PANTALLAHUMO |                - |TM25 BOFETÓN LODO |            - |               - |           - |            - |            - |                - |TM32 DOBLE EQUIPO |              - |              - |TM35 REFUERZO |                - |              - |TM38 PATADA GIRO |               - |          - |             - |               - |          - |TM44 ECO METÁLICO |TM45 LEGADO |TM46 AZOTE |TM47 PEDRADA |                - |           - |TM50 BUCLE ARENA |HM01 CORTE |         - |        - |          - |            - |              - |HM07 CASCADA |         - |
 29 Nidoran♀      |                - |TM02 IMPACTRUENO |TM03 GARRA METAL |                - |               - |                - |TM07 ABSORBER |           - |          - |TM10 DETECCIÓN |              - |              - |             - |        - |         - |              - |              - |         - |            - |TM20 PUÑO HIELO |                - |             - |                - |TM24 DAÑO SECRETO |TM25 BOFETÓN LODO |TM26 SORPRESA |               - |           - |            - |TM30 DESQUITE |                - |                - |TM33 TORBELLINO |TM34 HIDROCAÑÓN |            - |TM36 ELECTROCAÑÓN |TM37 RESPLANDOR |TM38 PATADA GIRO |               - |          - |             - |TM42 COME SUEÑOS |TM43 FISURA |                - |          - |         - |TM47 PEDRADA |                - |TM49 REFUGIO |               - |HM01 CORTE |HM02 VUELO |HM03 SURF |HM04 FUERZA |HM05 DESTELLO |              - |HM07 CASCADA |HM08 BUCEO |
 30 Nidorina      |                - |TM02 IMPACTRUENO |               - |TM04 PUÑODINÁMICO |TM05 V. CORTANTE |TM06 COLMILLO VEN |TM07 ABSORBER |           - |TM09 RENCOR |TM10 DETECCIÓN |TM11 CONVERSIÓN |              - |             - |        - |         - |TM16 GUILLOTINA |TM17 CUCHILLADA |         - |            - |              - |                - |TM22 RETROCESO |                - |TM24 DAÑO SECRETO |TM25 BOFETÓN LODO |            - |               - |TM28 SILBATO |TM29 CHIRRIDO |TM30 DESQUITE |                - |                - |              - |              - |TM35 REFUERZO |                - |TM37 RESPLANDOR |               - |TM39 GANCHO ALTO |          - |TM41 TINIEBLAS |TM42 COME SUEÑOS |          - |                - |          - |TM46 AZOTE |           - |TM48 MISMODESTINO |TM49 REFUGIO |TM50 BUCLE ARENA |HM01 CORTE |HM02 VUELO |        - |          - |HM05 DESTELLO |              - |HM07 CASCADA |         - |
 31 Nidoqueen     |                - |TM02 IMPACTRUENO |TM03 GARRA METAL |TM04 PUÑODINÁMICO |TM05 V. CORTANTE |                - |TM07 ABSORBER |           - |TM09 RENCOR |             - |TM11 CONVERSIÓN |TM12 LENGÜETAZO |TM13 CONFUSIÓN |        - |TM15 DESEO |              - |TM17 CUCHILLADA |         - |TM19 VOZARRÓN |TM20 PUÑO HIELO |TM21 LLANTO FALSO |             - |TM23 PANTALLAHUMO |TM24 DAÑO SECRETO |                - |TM26 SORPRESA |               - |TM28 SILBATO |            - |            - |TM31 PANTALLA LUZ |TM32 DOBLE EQUIPO |              - |              - |TM35 REFUERZO |                - |              - |TM38 PATADA GIRO |TM39 GANCHO ALTO |TM40 RUGIDO |             - |               - |          - |TM44 ECO METÁLICO |          - |TM46 AZOTE |           - |                - |           - |               - |HM01 CORTE |         - |HM03 SURF |HM04 FUERZA |HM05 DESTELLO |HM06 GOLPE ROCA |           - |         - |
 32 Nidoran♂      |                - |TM02 IMPACTRUENO |TM03 GARRA METAL |                - |               - |                - |            - |TM08 ATADURA |TM09 RENCOR |             - |              - |TM12 LENGÜETAZO |TM13 CONFUSIÓN |        - |         - |              - |TM17 CUCHILLADA |         - |TM19 VOZARRÓN |TM20 PUÑO HIELO |                - |TM22 RETROCESO |TM23 PANTALLAHUMO |TM24 DAÑO SECRETO |                - |TM26 SORPRESA |TM27 COLA VENENO |           - |            - |TM30 DESQUITE |                - |TM32 DOBLE EQUIPO |TM33 TORBELLINO |TM34 HIDROCAÑÓN |            - |                - |TM37 RESPLANDOR |TM38 PATADA GIRO |TM39 GANCHO ALTO |          - |TM41 TINIEBLAS |TM42 COME SUEÑOS |TM43 FISURA |TM44 ECO METÁLICO |TM45 LEGADO |TM46 AZOTE |           - |TM48 MISMODESTINO |           - |               - |HM01 CORTE |HM02 VUELO |HM03 SURF |HM04 FUERZA |HM05 DESTELLO |HM06 GOLPE ROCA |HM07 CASCADA |         - |
 33 Nidorino      |TM01 ARMAD. ÁCIDA |TM02 IMPACTRUENO |               - |TM04 PUÑODINÁMICO |               - |                - |            - |TM08 ATADURA |TM09 RENCOR |             - |              - |TM12 LENGÜETAZO |TM13 CONFUSIÓN |TM14 BOTE |TM15 DESEO |              - |              - |TM18 PRESA |            - |TM20 PUÑO HIELO |                - |             - |TM23 PANTALLAHUMO |TM24 DAÑO SECRETO |                - |TM26 SORPRESA |               - |TM28 SILBATO |            - |            - |                - |                - |              - |TM34 HIDROCAÑÓN |TM35 REFUERZO |                - |TM37 RESPLANDOR |TM38 PATADA GIRO |TM39 GANCHO ALTO |TM40 RUGIDO |TM41 TINIEBLAS |TM42 COME SUEÑOS |          - |TM44 ECO METÁLICO |TM45 LEGADO |TM46 AZOTE |TM47 PEDRADA |TM48 MISMODESTINO |TM49 REFUGIO |TM50 BUCLE ARENA |HM01 CORTE |HM02 VUELO |        - |HM04 FUERZA |            - |              - |HM07 CASCADA |         - |
 34 Nidoking      |TM01 ARMAD. ÁCIDA |TM02 IMPACTRUENO |               - |                - |TM05 V. CORTANTE |                - |            - |TM08 ATADURA |TM09 RENCOR |             - |TM11 CONVERSIÓN |              - |TM13 CONFUSIÓN |TM14 BOTE |TM15 DESEO |TM16 GUILLOTINA |              - |TM18 PRESA |            - |TM20 PUÑO HIELO |TM21 LLANTO FALSO |             - |                - |                - |TM25 BOFETÓN LODO |            - |               - |TM28 SILBATO |TM29 CHIRRIDO |TM30 DESQUITE |TM31 PANTALLA LUZ |                - |              - |TM34 HIDROCAÑÓN |            - |                - |              - |               - |               - |          - |TM41 TINIEBLAS |TM42 COME SUEÑOS |          - |TM44 ECO METÁLICO |TM45 LEGADO |         - |TM47 PEDRADA |                - |           - |TM50 BUCLE ARENA |HM01 CORTE |HM02 VUELO |HM03 SURF |HM04 FUERZA |            - |HM06 GOLPE ROCA |           - |         - |
 35 Clefairy      |TM01 ARMAD. ÁCIDA |TM02 IMPACTRUENO |               - |                - |TM05 V. CORTANTE |                - |TM07 ABSORBER |           - |          - |TM10 DETECCIÓN |              - |              - |TM13 CONFUSIÓN |TM14 BOTE |TM15 DESEO |              - |TM17 CUCHILLADA |TM18 PRESA |            - |TM20 PUÑO HIELO |TM21 LLANTO FALSO |TM22 RETROCESO |                - |TM24 DAÑO SECRETO |TM25 BOFETÓN LODO |            - |TM27 COLA VENENO |           - |TM29 CHIRRIDO |TM30 DESQUITE |TM31 PANTALLA LUZ |                - |TM33 TORBELLINO |              - |TM35 REFUERZO |                - |              - |               - |               - |TM40 RUGIDO |             - |               - |TM43 FISURA |                - |TM45 LEGADO |         - |TM47 PEDRADA |TM48 MISMODESTINO |TM49 REFUGIO |TM50 BUCLE ARENA |HM01 CORTE |         - |        - |          - |HM05 DESTELLO |              - |           - |         - |
 36 Clefable      |TM01 ARMAD. ÁCIDA |TM02 IMPACTRUENO |               - |                - |               - |                - |TM07 ABSORBER |           - |          - |TM10 DETECCIÓN |              - |TM12 LENGÜETAZO |TM13 CONFUSIÓN |        - |         - |              - |TM17 CUCHILLADA |         - |TM19 VOZARRÓN |TM20 PUÑO HIELO |                - |TM22 RETROCESO |TM23 PANTALLAHUMO |TM24 DAÑO SECRETO |                - |TM26 SORPRESA |TM27 COLA VENENO |TM28 SILBATO |TM29 CHIRRIDO |TM30 DESQUITE |TM31 PANTALLA LUZ |                - |              - |TM34 HIDROCAÑÓN |            - |                - |TM37 RESPLANDOR |TM38 PATADA GIRO |               - |          - |             - |TM42 COME SUEÑOS |TM43 FISURA |TM44 ECO METÁLICO |TM45 LEGADO |         - |           - |                - |           - |TM50 BUCLE ARENA |HM01 CORTE |         - |        - |          - |            - |              - |HM07 CASCADA |         - |
 37 Vulpix        |                - |TM02 IMPACTRUENO |TM03 GARRA METAL |                - |TM05 V. CORTANTE |TM06 COLMILLO VEN |TM07 ABSORBER |           - |          - |             - |              - |              - |             - |TM14 BOTE |         - |TM16 GUILLOTINA |TM17 CUCHILLADA |         - |            - |              - |                - |TM22 RETROCESO |                - |TM24 DAÑO SECRETO |                - |            - |TM27 COLA VENENO |TM28 SILBATO |TM29 CHIRRIDO |TM30 DESQUITE |TM31 PANTALLA LUZ |TM32 DOBLE EQUIPO |TM33 TORBELLINO |              - |            - |                - |TM37 RESPLANDOR |               - |TM39 GANCHO ALTO |          - |             - |               - |TM43 FISURA |                - |          - |         - |           - |                - |           - |               - |HM01 CORTE |HM02 VUELO |        - |HM04 FUERZA |            - |HM06 GOLPE ROCA |HM07 CASCADA |HM08 BUCEO |
 38 Ninetales     |TM01 ARMAD. ÁCIDA |               - |               - |                - |               - |TM06 COLMILLO VEN |TM07 ABSORBER |TM08 ATADURA |          - |TM10 DETECCIÓN |              - |TM12 LENGÜETAZO |TM13 CONFUSIÓN |        - |         - |              - |              - |         - |TM19 VOZARRÓN |TM20 PUÑO HIELO |                - |             - |TM23 PANTALLAHUMO |                - |                - |TM26 SORPRESA |               - |TM28 SILBATO |TM29 CHIRRIDO |            - |                - |                - |TM33 TORBELLINO |TM34 HIDROCAÑÓN |            - |TM36 ELECTROCAÑÓN |              - |               - |TM39 GANCHO ALTO |TM40 RUGIDO |TM41 TINIEBLAS |               - |TM43 FISURA |TM44 ECO METÁLICO |TM45 LEGADO |         - |TM47 PEDRADA |                - |           - |               - |HM01 CORTE |HM02 VUELO |HM03 SURF |          - |HM05 DESTELLO |HM06 GOLPE ROCA |HM07 CASCADA |         - |
 39 Jigglypuff    |                - |               - |               - |                - |               - |                - |            - |TM08 ATADURA |          - |             - |TM11 CONVERSIÓN |              - |             - |        - |TM15 DESEO |TM16 GUILLOTINA |              - |TM18 PRESA |            - |TM20 PUÑO HIELO |                - |             - |TM23 PANTALLAHUMO |                - |                - |            - |TM27 COLA VENENO |           - |            - |            - |                - |                - |TM33 TORBELLINO |TM34 HIDROCAÑÓN |TM35 REFUERZO |                - |              - |               - |               - |TM40 RUGIDO |TM41 TINIEBLAS |               - |          - |                - |TM45 LEGADO |TM46 AZOTE |TM47 PEDRADA |TM48 MISMODESTINO |TM49 REFUGIO |TM50 BUCLE ARENA |HM01 CORTE |HM02 VUELO |        - |HM04 FUERZA |            - |HM06 GOLPE ROCA |           - |         - |
 40 Wigglytuff    |                - |TM02 IMPACTRUENO |               - |TM04 PUÑODINÁMICO |               - |                - |TM07 ABSORBER |TM08 ATADURA |          - |             - |TM11 CONVERSIÓN |TM12 LENGÜETAZO |TM13 CONFUSIÓN |TM14 BOTE |         - |TM16 GUILLOTINA |TM17 CUCHILLADA |TM18 PRESA |            - |              - |                - |             - |                - |TM24 DAÑO SECRETO |                - |            - |TM27 COLA VENENO |TM28 SILBATO |TM29 CHIRRIDO |            - |TM31 PANTALLA LUZ |                - |              - |              - |TM35 REFUERZO |                - |TM37 RESPLANDOR |TM38 PATADA GIRO |TM39 GANCHO ALTO |TM40 RUGIDO |             - |TM42 COME SUEÑOS |          - |TM44 ECO METÁLICO |          - |         - |           - |                - |           - |TM50 BUCLE ARENA |HM01 CORTE |HM02 VUELO |HM03 SURF |HM04 FUERZA |            - |              - |HM07 CASCADA |HM08 BUCEO |
 41 Zubat         |TM01 ARMAD. ÁCIDA |TM02 IMPACTRUENO |               - |                - |TM05 V. CORTANTE |                - |            - |TM08 ATADURA |          - |TM10 DETECCIÓN |TM11 CONVERSIÓN |TM12 LENGÜETAZO |             - |        - |TM15 DESEO |TM16 GUILLOTINA |TM17 CUCHILLADA |         - |TM19 VOZARRÓN |TM20 PUÑO HIELO |TM21 LLANTO FALSO |             - |                - |TM24 DAÑO SECRETO |TM25 BOFETÓN LODO |            - |               - |TM28 SILBATO |TM29 CHIRRIDO |TM30 DESQUITE |TM31 PANTALLA LUZ |                - |TM33 TORBELLINO |TM34 HIDROCAÑÓN |            - |                - |              - |TM38 PATADA GIRO |TM39 GANCHO ALTO |          - |TM41 TINIEBLAS |TM42 COME SUEÑOS |          - |TM44 ECO METÁLICO |          - |         - |TM47 PEDRADA |                - |TM49 REFUGIO |TM50 BUCLE ARENA |HM01 CORTE |HM02 VUELO |HM03 SURF |HM04 FUERZA |HM05 DESTELLO |              - |HM07 CASCADA |         - |
 42 Golbat        |TM01 ARMAD. ÁCIDA |TM02 IMPACTRUENO |TM03 GARRA METAL |TM04 PUÑODINÁMICO |TM05 V. CORTANTE |TM06 COLMILLO VEN |            - |           - |          - |             - |              - |TM12 LENGÜETAZO |TM13 CONFUSIÓN |TM14 BOTE |         - |              - |              - |TM18 PRESA |TM19 VOZARRÓN |              - |                - |TM22 RETROCESO |                - |                - |TM25 BOFETÓN LODO |            - |               - |TM28 SILBATO |            - |TM30 DESQUITE |TM31 PANTALLA LUZ |TM32 DOBLE EQUIPO |              - |              - |            - |                - |              - |               - |TM39 GANCHO ALTO |TM40 RUGIDO |             - |               - |          - |TM44 ECO METÁLICO |TM45 LEGADO |TM46 AZOTE |           - |TM48 MISMODESTINO |           - |               - |         - |HM02 VUELO |        - |HM04 FUERZA |            - |              - |           - |         - |
 43 Oddish        |TM01 ARMAD. ÁCIDA |               - |               - |                - |TM05 V. CORTANTE |TM06 COLMILLO VEN |TM07 ABSORBER |TM08 ATADURA |          - |             - |              - |TM12 LENGÜETAZO |TM13 CONFUSIÓN |        - |TM15 DESEO |              - |TM17 CUCHILLADA |         - |TM19 VOZARRÓN |TM20 PUÑO HIELO |TM21 LLANTO FALSO |TM22 RETROCESO |TM23 PANTALLAHUMO |TM24 DAÑO SECRETO |TM25 BOFETÓN LODO |            - |TM27 COLA VENENO |TM28 SILBATO |TM29 CHIRRIDO |TM30 DESQUITE |TM31 PANTALLA LUZ |                - |              - |TM34 HIDROCAÑÓN |TM35 REFUERZO |TM36 ELECTROCAÑÓN |              - |TM38 PATADA GIRO |TM39 GANCHO ALTO |          - |TM41 TINIEBLAS |TM42 COME SUEÑOS |TM43 FISURA |                - |          - |TM46 AZOTE |TM47 PEDRADA |                - |TM49 REFUGIO |               - |HM01 CORTE |         - |        - |          - |            - |HM06 GOLPE ROCA |           - |HM08 BUCEO |
 44 Gloom         |TM01 ARMAD. ÁCIDA |TM02 IMPACTRUENO |TM03 GARRA METAL |                - |TM05 V. CORTANTE |                - |            - |TM08 ATADURA |TM09 RENCOR |TM10 DETECCIÓN |TM11 CONVERSIÓN |TM12 LENGÜETAZO |             - |        - |TM15 DESEO |TM16 GUILLOTINA |TM17 CUCHILLADA |TM18 PRESA |            - |TM20 PUÑO HIELO |TM21 LLANTO FALSO |             - |TM23 PANTALLAHUMO |                - |TM25 BOFETÓN LODO |TM26 SORPRESA |TM27 COLA VENENO |TM28 SILBATO |            - |            - |TM31 PANTALLA LUZ |TM32 DOBLE EQUIPO |              - |              - |            - |                - |TM37 RESPLANDOR |               - |TM39 GANCHO ALTO |          - |             - |TM42 COME SUEÑOS |          - |                - |TM45 LEGADO |TM46 AZOTE |           - |TM48 MISMODESTINO |TM49 REFUGIO |TM50 BUCLE ARENA |HM01 CORTE |HM02 VUELO |HM03 SURF |          - |            - |              - |HM07 CASCADA |         - |
 45 Vileplume     |                - |TM02 IMPACTRUENO |               - |                - |TM05 V. CORTANTE |TM06 COLMILLO VEN |TM07 ABSORBER |           - |TM09 RENCOR |             - |TM11 CONVERSIÓN |              - |             - |        - |TM15 DESEO |              - |TM17 CUCHILLADA |TM18 PRESA |TM19 VOZARRÓN |              - |TM21 LLANTO FALSO |             - |                - |TM24 DAÑO SECRETO |                - |            - |               - |TM28 SILBATO |TM29 CHIRRIDO |            - |TM31 PANTALLA LUZ |                - |              - |              - |TM35 REFUERZO |TM36 ELECTROCAÑÓN |TM37 RESPLANDOR |TM38 PATADA GIRO |               - |          - |             - |               - |TM43 FISURA |                - |          - |TM46 AZOTE |TM47 PEDRADA |                - |TM49 REFUGIO |               - |HM01 CORTE |         - |HM03 SURF |HM04 FUERZA |            - |HM06 GOLPE ROCA |           - |         - |
 46 Paras         |TM01 ARMAD. ÁCIDA |TM02 IMPACTRUENO |TM03 GARRA METAL |                - |TM05 V. CORTANTE |                - |TM07 ABSORBER |           - |TM09 RENCOR |TM10 DETECCIÓN |TM11 CONVERSIÓN |              - |TM13 CONFUSIÓN |TM14 BOTE |         - |              - |              - |TM18 PRESA |            - |              - |                - |TM22 RETROCESO |                - |TM24 DAÑO SECRETO |                - |            - |               - |           - |            - |            - |TM31 PANTALLA LUZ |TM32 DOBLE EQUIPO |              - |TM34 HIDROCAÑÓN |            - |TM36 ELECTROCAÑÓN |              - |               - |TM39 GANCHO ALTO |TM40 RUGIDO |             - |TM42 COME SUEÑOS |          - |TM44 ECO METÁLICO |          - |TM46 AZOTE |TM47 PEDRADA |TM48 MISMODESTINO |           - |TM50 BUCLE ARENA |HM01 CORTE |         - |        - |          - |            - |HM06 GOLPE ROCA |HM07 CASCADA |         - |
 47 Parasect      |TM01 ARMAD. ÁCIDA |TM02 IMPACTRUENO |TM03 GARRA METAL |TM04 PUÑODINÁMICO |TM05 V. CORTANTE |                - |            - |TM08 ATADURA |TM09 RENCOR |             - |TM11 CONVERSIÓN |TM12 LENGÜETAZO |             - |        - |TM15 DESEO |TM16 GUILLOTINA |TM17 CUCHILLADA |         - |            - |              - |TM21 LLANTO FALSO |TM22 RETROCESO |                - |TM24 DAÑO SECRETO |                - |TM26 SORPRESA |TM27 COLA VENENO |TM28 SILBATO |TM29 CHIRRIDO |            - |                - |                - |TM33 TORBELLINO |TM34 HIDROCAÑÓN |            - |                - |TM37 RESPLANDOR |TM38 PATADA GIRO |               - |TM40 RUGIDO |             - |               - |          - |                - |          - |TM46 AZOTE |           - |TM48 MISMODESTINO |           - |TM50 BUCLE ARENA |HM01 CORTE |         - |HM03 SURF |HM04 FUERZA |            - |              - |           - |         - |
 48 Venonat       |                - |TM02 IMPACTRUENO |               - |TM04 PUÑODINÁMICO |TM05 V. CORTANTE |TM06 COLMILLO VEN |TM07 ABSORBER |TM08 ATADURA |TM09 RENCOR |             - |              - |              - |             - |TM14 BOTE |         - |TM16 GUILLOTINA |              - |TM18 PRESA |            - |              - |TM21 LLANTO FALSO |TM22 RETROCESO |TM23 PANTALLAHUMO |TM24 DAÑO SECRETO |                - |TM26 SORPRESA |TM27 COLA VENENO |TM28 SILBATO |            - |            - |                - |                - |              - |              - |            - |TM36 ELECTROCAÑÓN |              - |TM38 PATADA GIRO |               - |TM40 RUGIDO |             - |               - |TM43 FISURA |                - |TM45 LEGADO |         - |           - |                - |TM49 REFUGIO |               - |         - |HM02 VUELO |        - |HM04 FUERZA |            - |              - |           - |HM08 BUCEO |
 49 Venomoth      |                - |               - |TM03 GARRA METAL |TM04 PUÑODINÁMICO |TM05 V. CORTANTE |                - |            - |TM08 ATADURA |TM09 RENCOR |             - |TM11 CONVERSIÓN |              - |             - |        - |TM15 DESEO |              - |              - |         - |            - |              - |TM21 LLANTO FALSO |             - |TM23 PANTALLAHUMO |                - |TM25 BOFETÓN LODO |            - |               - |TM28 SILBATO |TM29 CHIRRIDO |            - |TM31 PANTALLA LUZ |TM32 DOBLE EQUIPO |              - |              - |            - |TM36 ELECTROCAÑÓN |              - |TM38 PATADA GIRO |TM39 GANCHO ALTO |          - |TM41 TINIEBLAS |               - |TM43 FISURA |TM44 ECO METÁLICO |TM45 LEGADO |         - |           - |TM48 MISMODESTINO |           - |               - |HM01 CORTE |HM02 VUELO |        - |HM04 FUERZA |HM05 DESTELLO |              - |HM07 CASCADA |         - |
 50 Diglett       |                - |TM02 IMPACTRUENO |TM03 GARRA METAL |                - |TM05 V. CORTANTE |                - |TM07 ABSORBER |           - |TM09 RENCOR |TM10 DETECCIÓN |TM11 CONVERSIÓN |TM12 LENGÜETAZO |TM13 CONFUSIÓN |TM14 BOTE |         - |TM16 GUILLOTINA |TM17 CUCHILLADA |TM18 PRESA |TM19 VOZARRÓN |TM20 PUÑO HIELO |                - |             - |                - |TM24 DAÑO SECRETO |TM25 BOFETÓN LODO |TM26 SORPRESA |               - |           - |            - |TM30 DESQUITE |TM31 PANTALLA LUZ |                - |TM33 TORBELLINO |TM34 HIDROCAÑÓN |TM35 REFUERZO |                - |TM37 RESPLANDOR |               - |TM39 GANCHO ALTO |          - |TM41 TINIEBLAS |               - |TM43 FISURA |                - |TM45 LEGADO |TM46 AZOTE |           - |TM48 MISMODESTINO |           - |               - |HM01 CORTE |HM02 VUELO |        - |HM04 FUERZA |HM05 DESTELLO |HM06 GOLPE ROCA |           - |         - |
 51 Dugtrio       |                - |               - |TM03 GARRA METAL |TM04 PUÑODINÁMICO |TM05 V. CORTANTE |                - |TM07 ABSORBER |TM08 ATADURA |TM09 RENCOR |             - |              - |              - |TM13 CONFUSIÓN |TM14 BOTE |         - |TM16 GUILLOTINA |TM17 CUCHILLADA |TM18 PRESA |            - |              - |TM21 LLANTO FALSO |             - |TM23 PANTALLAHUMO |TM24 DAÑO SECRETO |TM25 BOFETÓN LODO |TM26 SORPRESA |TM27 COLA VENENO |           - |TM29 CHIRRIDO |TM30 DESQUITE |TM31 PANTALLA LUZ |                - |TM33 TORBELLINO |              - |            - |TM36 ELECTROCAÑÓN |TM37 RESPLANDOR |TM38 PATADA GIRO |               - |TM40 RUGIDO |             - |TM42 COME SUEÑOS |TM43 FISURA |TM44 ECO METÁLICO |          - |TM46 AZOTE |           - |                - |           - |               - |         - |HM02 VUELO |HM03 SURF |          - |            - |              - |           - |         - |
 52 Meowth        |                - |               - |               - |TM04 PUÑODINÁMICO |TM05 V. CORTANTE |TM06 COLMILLO VEN |            - |           - |          - |             - |              - |TM12 LENGÜETAZO |             - |TM14 BOTE |         - |              - |              - |TM18 PRESA |TM19 VOZARRÓN |              - |                - |             - |TM23 PANTALLAHUMO |TM24 DAÑO SECRETO |TM25 BOFETÓN LODO |            - |               - |           - |TM29 CHIRRIDO |TM30 DESQUITE |                - |TM32 DOBLE EQUIPO |TM33 TORBELLINO |TM34 HIDROCAÑÓN |            - |TM36 ELECTROCAÑÓN |              - |TM38 PATADA GIRO |               - |          - |             - |TM42 COME SUEÑOS |          - |TM44 ECO METÁLICO |TM45 LEGADO |TM46 AZOTE |TM47 PEDRADA |TM48 MISMODESTINO |TM49 REFUGIO |TM50 BUCLE ARENA |HM01 CORTE |HM02 VUELO |        - |          - |HM05 DESTELLO |HM06 GOLPE ROCA |HM07 CASCADA |HM08 BUCEO |
 53 Persian       |                - |               - |               - |                - |               - |TM06 COLMILLO VEN |            - |           - |TM09 RENCOR |TM10 DETECCIÓN |              - |TM12 LENGÜETAZO |             - |TM14 BOTE |TM15 DESEO |              - |TM17 CUCHILLADA |         - |            - |TM20 PUÑO HIELO |TM21 LLANTO FALSO |             - |TM23 PANTALLAHUMO |TM24 DAÑO SECRETO |                - |            - |               - |           - |            - |            - |                - |                - |TM33 TORBELLINO |              - |            - |                - |TM37 RESPLANDOR |               - |               - |          - |TM41 TINIEBLAS |               - |TM43 FISURA |TM44 ECO METÁLICO |          - |         - |           - |                - |           - |               - |HM01 CORTE |HM02 VUELO |HM03 SURF |HM04 FUERZA |HM05 DESTELLO |HM06 GOLPE ROCA |HM07 CASCADA |         - |
 54 Psyduck       |                - |               - |TM03 GARRA METAL |                - |               - |TM06 COLMILLO VEN |            - |TM08 ATADURA |TM09 RENCOR |TM10 DETECCIÓN |TM11 CONVERSIÓN |              - |             - |        - |TM15 DESEO |TM16 GUILLOTINA |TM17 CUCHILLADA |TM18 PRESA |TM19 VOZARRÓN |              - |                - |             - |                - |TM24 DAÑO SECRETO |                - |TM26 SORPRESA |               - |TM28 SILBATO |TM29 CHIRRIDO |TM30 DESQUITE |                - |TM32 DOBLE EQUIPO |              - |              - |TM35 REFUERZO |                - |              - |TM38 PATADA GIRO |TM39 GANCHO ALTO |TM40 RUGIDO |TM41 TINIEBLAS |               - |TM43 FISURA |                - |          - |TM46 AZOTE |           - |                - |TM49 REFUGIO |               - |HM01 CORTE |HM02 VUELO |        - |HM04 FUERZA |            - |              - |           - |HM08 BUCEO |
 55 Golduck       |TM01 ARMAD. ÁCIDA |TM02 IMPACTRUENO |TM03 GARRA METAL |TM04 PUÑODINÁMICO |               - |TM06 COLMILLO VEN |TM07 ABSORBER |           - |          - |TM10 DETECCIÓN |              - |TM12 LENGÜETAZO |TM13 CONFUSIÓN |        - |TM15 DESEO |TM16 GUILLOTINA |TM17 CUCHILLADA |TM18 PRESA |TM19 VOZARRÓN |TM20 PUÑO HIELO |                - |TM22 RETROCESO |                - |TM24 DAÑO SECRETO |                - |TM26 SORPRESA |               - |           - |            - |            - |TM31 PANTALLA LUZ |TM32 DOBLE EQUIPO |              - |              - |            - |                - |TM37 RESPLANDOR |               - |               - |TM40 RUGIDO |TM41 TINIEBLAS |               - |          - |                - |          - |TM46 AZOTE |           - |TM48 MISMODESTINO |           - |TM50 BUCLE ARENA |         - |HM02 VUELO |        - |          - |HM05 DESTELLO |HM06 GOLPE ROCA |           - |         - |
 56 Mankey        |TM01 ARMAD. ÁCIDA |TM02 IMPACTRUENO |TM03 GARRA METAL |                - |TM05 V. CORTANTE |                - |TM07 ABSORBER |TM08 ATADURA |TM09 RENCOR |             - |              - |              - |             - |        - |         - |TM16 GUILLOTINA |              - |TM18 PRESA |            - |              - |TM21 LLANTO FALSO |TM22 RETROCESO |                - |TM24 DAÑO SECRETO |                - |TM26 SORPRESA |TM27 COLA VENENO |TM28 SILBATO |TM29 CHIRRIDO |TM30 DESQUITE |TM31 PANTALLA LUZ |TM32 DOBLE EQUIPO |              - |TM34 HIDROCAÑÓN |            - |                - |              - |TM38 PATADA GIRO |TM39 GANCHO ALTO |          - |TM41 TINIEBLAS |TM42 COME SUEÑOS |TM43 FISURA |TM44 ECO METÁLICO |TM45 LEGADO |TM46 AZOTE |           - |                - |           - |TM50 BUCLE ARENA |HM01 CORTE |         - |        - |          - |            - |HM06 GOLPE ROCA |           - |HM08 BUCEO |
 57 Primeape      |TM01 ARMAD. ÁCIDA |TM02 IMPACTRUENO |               - |TM04 PUÑODINÁMICO |TM05 V. CORTANTE |TM06 COLMILLO VEN |            - |TM08 ATADURA |          - |             - |              - |              - |TM13 CONFUSIÓN |        - |         - |              - |TM17 CUCHILLADA |TM18 PRESA |            - |TM20 PUÑO HIELO |TM21 LLANTO FALSO |             - |TM23 PANTALLAHUMO |TM24 DAÑO SECRETO |TM25 BOFETÓN LODO |TM26 SORPRESA |TM27 COLA VENENO |           - |            - |            - |                - |                - |TM33 TORBELLINO |TM34 HIDROCAÑÓN |            - |TM36 ELECTROCAÑÓN |TM37 RESPLANDOR |               - |               - |          - |             - |               - |TM43 FISURA |TM44 ECO METÁLICO |TM45 LEGADO |TM46 AZOTE |TM47 PEDRADA |TM48 MISMODESTINO |TM49 REFUGIO |TM50 BUCLE ARENA |HM01 CORTE |         - |HM03 SURF |HM04 FUERZA |            - |HM06 GOLPE ROCA |           - |         - |
 58 Growlithe     |                - |               - |TM03 GARRA METAL |                - |               - |                - |TM07 ABSORBER |TM08 ATADURA |          - |             - |TM11 CONVERSIÓN |              - |TM13 CONFUSIÓN |TM14 BOTE |         - |              - |TM17 CUCHILLADA |TM18 PRESA |            - |              - |TM21 LLANTO FALSO |TM22 RETROCESO |TM23 PANTALLAHUMO |TM24 DAÑO SECRETO |                - |            - |TM27 COLA VENENO |TM28 SILBATO |            - |            - |TM31 PANTALLA LUZ |                - |              - |TM34 HIDROCAÑÓN |TM35 REFUERZO |TM36 ELECTROCAÑÓN |              - |               - |               - |          - |             - |               - |TM43 FISURA |                - |TM45 LEGADO |TM46 AZOTE |           - |                - |TM49 REFUGIO |TM50 BUCLE ARENA |HM01 CORTE |         - |HM03 SURF |          - |            - |HM06 GOLPE ROCA |           - |HM08 BUCEO |
 59 Arcanine      |                - |TM02 IMPACTRUENO |TM03 GARRA METAL |TM04 PUÑODINÁMICO |TM05 V. CORTANTE |                - |            - |TM08 ATADURA |TM09 RENCOR |TM10 DETECCIÓN |              - |              - |             - |        - |TM15 DESEO |TM16 GUILLOTINA |TM17 CUCHILLADA |         - |            - |              - |TM21 LLANTO FALSO |             - |TM23 PANTALLAHUMO |TM24 DAÑO SECRETO |TM25 BOFETÓN LODO |            - |               - |TM28 SILBATO |TM29 CHIRRIDO |TM30 DESQUITE |                - |                - |TM33 TORBELLINO |              - |            - |                - |              - |               - |               - |          - |             - |TM42 COME SUEÑOS |TM43 FISURA |                - |          - |         - |           - |TM48 MISMODESTINO |TM49 REFUGIO |               - |HM01 CORTE |         - |        - |          - |            - |              - |           - |         - |
 60 Poliwag       |TM01 ARMAD. ÁCIDA |               - |               - |                - |               - |                - |            - |TM08 ATADURA |TM09 RENCOR |             - |TM11 CONVERSIÓN |TM12 LENGÜETAZO |             - |TM14 BOTE |         - |              - |TM17 CUCHILLADA |TM18 PRESA |TM19 VOZARRÓN |TM20 PUÑO HIELO |                - |             - |                - |                - |                - |            - |               - |           - |TM29 CHIRRIDO |TM30 DESQUITE |TM31 PANTALLA LUZ |                - |              - |TM34 HIDROCAÑÓN |TM35 REFUERZO |                - |              - |               - |TM39 GANCHO ALTO |TM40 RUGIDO |TM41 TINIEBLAS |               - |          - |                - |          - |         - |TM47 PEDRADA |                - |TM49 REFUGIO |TM50 BUCLE ARENA |HM01 CORTE |HM02 VUELO |        - |HM04 FUERZA |HM05 DESTELLO |              - |HM07 CASCADA |HM08 BUCEO |
 61 Poliwhirl     |                - |TM02 IMPACTRUENO |               - |                - |               - |                - |            - |           - |TM09 RENCOR |             - |              - |              - |TM13 CONFUSIÓN |        - |TM15 DESEO |TM16 GUILLOTINA |              - |         - |            - |              - |TM21 LLANTO FALSO |             - |                - |TM24 DAÑO SECRETO |                - |TM26 SORPRESA |TM27 COLA VENENO |TM28 SILBATO |            - |TM30 DESQUITE |TM31 PANTALLA LUZ |                - |TM33 TORBELLINO |TM34 HIDROCAÑÓN |            - |                - |              - |               - |               - |          - |TM41 TINIEBLAS |TM42 COME SUEÑOS |TM43 FISURA |TM44 ECO METÁLICO |TM45 LEGADO |TM46 AZOTE |TM47 PEDRADA |TM48 MISMODESTINO |           - |TM50 BUCLE ARENA |HM01 CORTE |         - |        - |HM04 FUERZA |HM05 DESTELLO |HM06 GOLPE ROCA |           - |         - |
 62 Poliwrath     |                - |               - |TM03 GARRA METAL |TM04 PUÑODINÁMICO |TM05 V. CORTANTE |TM06 COLMILLO VEN |TM07 ABSORBER |TM08 ATADURA |TM09 RENCOR |TM10 DETECCIÓN |TM11 CONVERSIÓN |TM12 LENGÜETAZO |             - |        - |TM15 DESEO |              - |TM17 CUCHILLADA |TM18 PRESA |            - |TM20 PUÑO HIELO |                - |             - |                - |                - |TM25 BOFETÓN LODO |            - |TM27 COLA VENENO |           - |TM29 CHIRRIDO |TM30 DESQUITE |                - |TM32 DOBLE EQUIPO |              - |              - |            - |TM36 ELECTROCAÑÓN |              - |TM38 PATADA GIRO |TM39 GANCHO ALTO |          - |TM41 TINIEBLAS |TM42 COME SUEÑOS |          - |TM44 ECO METÁLICO |TM45 LEGADO |         - |           - |TM48 MISMODESTINO |           - |TM50 BUCLE ARENA |HM01 CORTE |         - |        - |          - |HM05 DESTELLO |              - |HM07 CASCADA |HM08 BUCEO |
 63 Abra          |                - |TM02 IMPACTRUENO |TM03 GARRA METAL |TM04 PUÑODINÁMICO |TM05 V. CORTANTE |                - |            - |TM08 ATADURA |          - |TM10 DETECCIÓN |TM11 CONVERSIÓN |TM12 LENGÜETAZO |             - |        - |TM15 DESEO |              - |TM17 CUCHILLADA |TM18 PRESA |            - |TM20 PUÑO HIELO |TM21 LLANTO FALSO |             - |                - |                - |TM25 BOFETÓN LODO |            - |               - |           - |            - |            - |TM31 PANTALLA LUZ |TM32 DOBLE EQUIPO |TM33 TORBELLINO |              - |            - |                - |TM37 RESPLANDOR |TM38 PATADA GIRO |               - |TM40 RUGIDO |             - |               - |          - |TM44 ECO METÁLICO |          - |         - |TM47 PEDRADA |TM48 MISMODESTINO |TM49 REFUGIO |TM50 BUCLE ARENA |HM01 CORTE |HM02 VUELO |HM03 SURF |          - |            - |HM06 GOLPE ROCA |           - |HM08 BUCEO |
 64 Kadabra       |TM01 ARMAD. ÁCIDA |TM02 IMPACTRUENO |TM03 GARRA METAL |TM04 PUÑODINÁMICO |TM05 V. CORTANTE |                - |TM07 ABSORBER |TM08 ATADURA |TM09 RENCOR |             - |TM11 CONVERSIÓN |              - |             - |        - |TM15 DESEO |              - |              - |         - |            - |              - |                - |TM22 RETROCESO |                - |                - |TM25 BOFETÓN LODO |            - |TM27 COLA VENENO |           - |            - |TM30 DESQUITE |TM31 PANTALLA LUZ |TM32 DOBLE EQUIPO |TM33 TORBELLINO |TM34 HIDROCAÑÓN |TM35 REFUERZO |TM36 ELECTROCAÑÓN |TM37 RESPLANDOR |TM38 PATADA GIRO |TM39 GANCHO ALTO |          - |             - |               - |TM43 FISURA |TM44 ECO METÁLICO |TM45 LEGADO |         - |           - |TM48 MISMODESTINO |TM49 REFUGIO |TM50 BUCLE ARENA |HM01 CORTE |HM02 VUELO |        - |HM04 FUERZA |            - |HM06 GOLPE ROCA |HM07 CASCADA |         - |
 65 Alakazam      |                - |TM02 IMPACTRUENO |TM03 GARRA METAL |TM04 PUÑODINÁMICO |               - |TM06 COLMILLO VEN |TM07 ABSORBER |           - |          - |TM10 DETECCIÓN |              - |              - |TM13 CONFUSIÓN |TM14 BOTE |         - |              - |TM17 CUCHILLADA |TM18 PRESA |TM19 VOZARRÓN |TM20 PUÑO HIELO |TM21 LLANTO FALSO |             - |                - |                - |                - |            - |               - |           - |TM29 CHIRRIDO |            - |TM31 PANTALLA LUZ |                - |TM33 TORBELLINO |              - |TM35 REFUERZO |TM36 ELECTROCAÑÓN |              - |TM38 PATADA GIRO |               - |          - |TM41 TINIEBLAS |               - |TM43 FISURA |TM44 ECO METÁLICO |TM45 LEGADO |         - |TM47 PEDRADA |TM48 MISMODESTINO |TM49 REFUGIO |TM50 BUCLE ARENA |HM01 CORTE |HM02 VUELO |HM03 SURF |          - |HM05 DESTELLO |              - |HM07 CASCADA |         - |
 66 Machop        |TM01 ARMAD. ÁCIDA |TM02 IMPACTRUENO |TM03 GARRA METAL |TM04 PUÑODINÁMICO |               - |TM06 COLMILLO VEN |TM07 ABSORBER |           - |TM09 RENCOR |TM10 DETECCIÓN |              - |              - |TM13 CONFUSIÓN |TM14 BOTE |TM15 DESEO |              - |TM17 CUCHILLADA |TM18 PRESA |            - |              - |TM21 LLANTO FALSO |             - |TM23 PANTALLAHUMO |                - |                - |TM26 SORPRESA |               - |           - |            - |TM30 DESQUITE |                - |                - |              - |              - |TM35 REFUERZO |                - |TM37 RESPLANDOR |               - |               - |          - |             - |               - |          - |                - |          - |         - |TM47 PEDRADA |TM48 MISMODESTINO |TM49 REFUGIO |TM50 BUCLE ARENA |HM01 CORTE |         - |HM03 SURF |HM04 FUERZA |            - |HM06 GOLPE ROCA |           - |         - |
 67 Machoke       |TM01 ARMAD. ÁCIDA |TM02 IMPACTRUENO |TM03 GARRA METAL |                - |TM05 V. CORTANTE |                - |TM07 ABSORBER |           - |          - |             - |              - |              - |TM13 CONFUSIÓN |        - |         - |TM16 GUILLOTINA |TM17 CUCHILLADA |         - |TM19 VOZARRÓN |TM20 PUÑO HIELO |                - |             - |TM23 PANTALLAHUMO |                - |TM25 BOFETÓN LODO |            - |               - |           - |TM29 CHIRRIDO |TM30 DESQUITE |TM31 PANTALLA LUZ |TM32 DOBLE EQUIPO |TM33 TORBELLINO |TM34 HIDROCAÑÓN |TM35 REFUERZO |TM36 ELECTROCAÑÓN |              - |               - |               - |TM40 RUGIDO |             - |               - |TM43 FISURA |                - |          - |         - |TM47 PEDRADA |                - |TM49 REFUGIO |TM50 BUCLE ARENA |HM01 CORTE |HM02 VUELO |        - |          - |            - |              - |HM07 CASCADA |HM08 BUCEO |
 68 Machamp       |TM01 ARMAD. ÁCIDA |TM02 IMPACTRUENO |TM03 GARRA METAL |                - |               - |TM06 COLMILLO VEN |TM07 ABSORBER |           - |TM09 RENCOR |TM10 DETECCIÓN |              - |              - |             - |        - |TM15 DESEO |TM16 GUILLOTINA |              - |TM18 PRESA |            - |              - |TM21 LLANTO FALSO |TM22 RETROCESO |                - |                - |                - |TM26 SORPRESA |               - |           - |TM29 CHIRRIDO |TM30 DESQUITE |                - |                - |TM33 TORBELLINO |TM34 HIDROCAÑÓN |TM35 REFUERZO |TM36 ELECTROCAÑÓN |              - |TM38 PATADA GIRO |               - |TM40 RUGIDO |TM41 TINIEBLAS |               - |          - |TM44 ECO METÁLICO |          - |         - |           - |                - |TM49 REFUGIO |               - |HM01 CORTE |         - |HM03 SURF |          - |HM05 DESTELLO |              - |           - |HM08 BUCEO |
 69 Bellsprout    |                - |TM02 IMPACTRUENO |               - |                - |TM05 V. CORTANTE |TM06 COLMILLO VEN |TM07 ABSORBER |TM08 ATADURA |TM09 RENCOR |             - |              - |TM12 LENGÜETAZO |             - |        - |TM15 DESEO |              - |              - |         - |            - |              - |TM21 LLANTO FALSO |TM22 RETROCESO |TM23 PANTALLAHUMO |TM24 DAÑO SECRETO |                - |TM26 SORPRESA |TM27 COLA VENENO |           - |TM29 CHIRRIDO |            - |                - |                - |TM33 TORBELLINO |              - |TM35 REFUERZO |TM36 ELECTROCAÑÓN |TM37 RESPLANDOR |               - |TM39 GANCHO ALTO |TM40 RUGIDO |             - |TM42 COME SUEÑOS |          - |                - |          - |         - |           - |                - |TM49 REFUGIO |               - |HM01 CORTE |HM02 VUELO |HM03 SURF |HM04 FUERZA |HM05 DESTELLO |              - |           - |         - |
 70 Weepinbell    |TM01 ARMAD. ÁCIDA |TM02 IMPACTRUENO |TM03 GARRA METAL |TM04 PUÑODINÁMICO |               - |TM06 COLMILLO VEN |            - |           - |          - |TM10 DETECCIÓN |              - |TM12 LENGÜETAZO |             - |        - |TM15 DESEO |              - |              - |TM18 PRESA |TM19 VOZARRÓN |TM20 PUÑO HIELO |                - |             - |                - |                - |TM25 BOFETÓN LODO |            - |               - |TM28 SILBATO |TM29 CHIRRIDO |            - |TM31 PANTALLA LUZ |TM32 DOBLE EQUIPO |              - |TM34 HIDROCAÑÓN |            - |TM36 ELECTROCAÑÓN |TM37 RESPLANDOR |               - |               - |TM40 RUGIDO |TM41 TINIEBLAS |               - |TM43 FISURA |                - |TM45 LEGADO |         - |           - |TM48 MISMODESTINO |TM49 REFUGIO |TM50 BUCLE ARENA |HM01 CORTE |HM02 VUELO |HM03 SURF |          - |HM05 DESTELLO |              - |           - |HM08 BUCEO |
 71 Victreebel    |                - |               - |TM03 GARRA METAL |                - |               - |                - |TM07 ABSORBER |TM08 ATADURA |TM09 RENCOR |             - |              - |              - |             - |TM14 BOTE |         - |TM16 GUILLOTINA |TM17 CUCHILLADA |         - |            - |              - |TM21 LLANTO FALSO |TM22 RETROCESO |                - |TM24 DAÑO SECRETO |                - |            - |TM27 COLA VENENO |           - |TM29 CHIRRIDO |TM30 DESQUITE |TM31 PANTALLA LUZ |                - |TM33 TORBELLINO |              - |            - |TM36 ELECTROCAÑÓN |              - |TM38 PATADA GIRO |               - |          - |TM41 TINIEBLAS |TM42 COME SUEÑOS |          - |TM44 ECO METÁLICO |TM45 LEGADO |         - |           - |                - |TM49 REFUGIO |TM50 BUCLE ARENA |HM01 CORTE |         - |        - |          - |            - |              - |HM07 CASCADA |HM08 BUCEO |
 72 Tentacool     |TM01 ARMAD. ÁCIDA |               - |               - |                - |TM05 V. CORTANTE |                - |            - |           - |TM09 RENCOR |             - |TM11 CONVERSIÓN |TM12 LENGÜETAZO |TM13 CONFUSIÓN |TM14 BOTE |TM15 DESEO |              - |TM17 CUCHILLADA |TM18 PRESA |            - |TM20 PUÑO HIELO |TM21 LLANTO FALSO |TM22 RETROCESO |TM23 PANTALLAHUMO |                - |TM25 BOFETÓN LODO |TM26 SORPRESA |               - |           - |TM29 CHIRRIDO |TM30 DESQUITE |TM31 PANTALLA LUZ |                - |              - |TM34 HIDROCAÑÓN |TM35 REFUERZO |TM36 ELECTROCAÑÓN |TM37 RESPLANDOR |TM38 PATADA GIRO |               - |TM40 RUGIDO |             - |               - |          - |TM44 ECO METÁLICO |TM45 LEGADO |         - |TM47 PEDRADA |                - |           - |TM50 BUCLE ARENA |HM01 CORTE |         - |        - |HM04 FUERZA |            - |              - |HM07 CASCADA |         - |
 73 Tentacruel    |                - |TM02 IMPACTRUENO |               - |TM04 PUÑODINÁMICO |TM05 V. CORTANTE |TM06 COLMILLO VEN |TM07 ABSORBER |           - |          - |             - |TM11 CONVERSIÓN |TM12 LENGÜETAZO |             - |TM14 BOTE |         - |TM16 GUILLOTINA |TM17 CUCHILLADA |         - |            - |              - |TM21 LLANTO FALSO |TM22 RETROCESO |TM23 PANTALLAHUMO |                - |TM25 BOFETÓN LODO |TM26 SORPRESA |TM27 COLA VENENO |TM28 SILBATO |            - |TM30 DESQUITE |                - |                - |TM33 TORBELLINO |TM34 HIDROCAÑÓN |TM35 REFUERZO |TM36 ELECTROCAÑÓN |TM37 RESPLANDOR |TM38 PATADA GIRO |TM39 GANCHO ALTO |TM40 RUGIDO |             - |               - |TM43 FISURA |TM44 ECO METÁLICO |          - |TM46 AZOTE |           - |                - |           - |TM50 BUCLE ARENA |HM01 CORTE |         - |        - |HM04 FUERZA |HM05 DESTELLO |HM06 GOLPE ROCA |HM07 CASCADA |         - |
 74 Geodude       |                - |TM02 IMPACTRUENO |TM03 GARRA METAL |TM04 PUÑODINÁMICO |               - |TM06 COLMILLO VEN |TM07 ABSORBER |           - |          - |TM10 DETECCIÓN |              - |              - |             - |TM14 BOTE |         - |              - |TM17 CUCHILLADA |         - |            - |TM20 PUÑO HIELO |TM21 LLANTO FALSO |             - |                - |                - |                - |TM26 SORPRESA |TM27 COLA VENENO |TM28 SILBATO |TM29 CHIRRIDO |TM30 DESQUITE |TM31 PANTALLA LUZ |TM32 DOBLE EQUIPO |TM33 TORBELLINO |              - |TM35 REFUERZO |                - |TM37 RESPLANDOR |               - |               - |          - |TM41 TINIEBLAS |TM42 COME SUEÑOS |TM43 FISURA |TM44 ECO METÁLICO |          - |         - |           - |TM48 MISMODESTINO |           - |               - |         - |         - |        - |HM04 FUERZA |HM05 DESTELLO |              - |           - |HM08 BUCEO |
 75 Graveler      |                - |TM02 IMPACTRUENO |               - |                - |               - |                - |TM07 ABSORBER |           - |TM09 RENCOR |TM10 DETECCIÓN |              - |TM12 LENGÜETAZO |TM13 CONFUSIÓN |        - |TM15 DESEO |TM16 GUILLOTINA |              - |         - |TM19 VOZARRÓN |TM20 PUÑO HIELO |TM21 LLANTO FALSO |             - |TM23 PANTALLAHUMO |                - |TM25 BOFETÓN LODO |            - |TM27 COLA VENENO |TM28 SILBATO |TM29 CHIRRIDO |TM30 DESQUITE |TM31 PANTALLA LUZ |TM32 DOBLE EQUIPO |TM33 TORBELLINO |TM34 HIDROCAÑÓN |TM35 REFUERZO |TM36 ELECTROCAÑÓN |              - |               - |TM39 GANCHO ALTO |          - |             - |               - |TM43 FISURA |                - |          - |         - |           - |TM48 MISMODESTINO |           - |TM50 BUCLE ARENA |HM01 CORTE |         - |HM03 SURF |          - |HM05 DESTELLO |HM06 GOLPE ROCA |           - |HM08 BUCEO |
 76 Golem         |                - |TM02 IMPACTRUENO |TM03 GARRA METAL |                - |TM05 V. CORTANTE |TM06 COLMILLO VEN |TM07 ABSORBER |TM08 ATADURA |          - |TM10 DETECCIÓN |              - |              - |             - |TM14 BOTE |         - |              - |TM17 CUCHILLADA |         - |TM19 VOZARRÓN |              - |                - |TM22 RETROCESO |                - |TM24 DAÑO SECRETO |                - |            - |               - |           - |TM29 CHIRRIDO |            - |                - |                - |              - |              - |TM35 REFUERZO |TM36 ELECTROCAÑÓN |TM37 RESPLANDOR |TM38 PATADA GIRO |               - |          - |             - |               - |          - |                - |          - |         - |           - |TM48 MISMODESTINO |           - |TM50 BUCLE ARENA |HM01 CORTE |HM02 VUELO |        - |          - |            - |              - |HM07 CASCADA |         - |
 77 Ponyta        |TM01 ARMAD. ÁCIDA |               - |TM03 GARRA METAL |TM04 PUÑODINÁMICO |               - |TM06 COLMILLO VEN |TM07 ABSORBER |TM08 ATADURA |          - |TM10 DETECCIÓN |TM11 CONVERSIÓN |TM12 LENGÜETAZO |             - |TM14 BOTE |TM15 DESEO |TM16 GUILLOTINA |TM17 CUCHILLADA |         - |TM19 VOZARRÓN |TM20 PUÑO HIELO |                - |TM22 RETROCESO |                - |TM24 DAÑO SECRETO |TM25 BOFETÓN LODO |TM26 SORPRESA |               - |TM28 SILBATO |TM29 CHIRRIDO |            - |                - |                - |              - |TM34 HIDROCAÑÓN |TM35 REFUERZO |TM36 ELECTROCAÑÓN |              - |TM38 PATADA GIRO |TM39 GANCHO ALTO |TM40 RUGIDO |TM41 TINIEBLAS |               - |TM43 FISURA |TM44 ECO METÁLICO |TM45 LEGADO |TM46 AZOTE |TM47 PEDRADA |                - |           - |               - |HM01 CORTE |         - |        - |HM04 FUERZA |HM05 DESTELLO |              - |HM07 CASCADA |         - |
 78 Rapidash      |                - |               - |               - |TM04 PUÑODINÁMICO |               - |TM06 COLMILLO VEN |TM07 ABSORBER |           - |TM09 RENCOR |TM10 DETECCIÓN |TM11 CONVERSIÓN |              - |TM13 CONFUSIÓN |        - |         - |TM16 GUILLOTINA |TM17 CUCHILLADA |TM18 PRESA |TM19 VOZARRÓN |TM20 PUÑO HIELO |TM21 LLANTO FALSO |             - |                - |                - |                - |            - |               - |           - |            - |            - |TM31 PANTALLA LUZ |                - |TM33 TORBELLINO |              - |            - |TM36 ELECTROCAÑÓN |TM37 RESPLANDOR |TM38 PATADA GIRO |TM39 GANCHO ALTO |TM40 RUGIDO |             - |TM42 COME SUEÑOS |TM43 FISURA |                - |TM45 LEGADO |TM46 AZOTE |           - |                - |TM49 REFUGIO |               - |HM01 CORTE |HM02 VUELO |        - |HM04 FUERZA |HM05 DESTELLO |              - |           - |HM08 BUCEO |
 79 Slowpoke      |                - |               - |TM03 GARRA METAL |                - |               - |                - |            - |TM08 ATADURA |TM09 RENCOR |TM10 DETECCIÓN |TM11 CONVERSIÓN |TM12 LENGÜETAZO |TM13 CONFUSIÓN |        - |TM15 DESEO |TM16 GUILLOTINA |              - |TM18 PRESA |TM19 VOZARRÓN |              - |TM21 LLANTO FALSO |             - |TM23 PANTALLAHUMO |                - |                - |TM26 SORPRESA |TM27 COLA VENENO |           - |            - |            - |                - |TM32 DOBLE EQUIPO |TM33 TORBELLINO |              - |TM35 REFUERZO |                - |              - |TM38 PATADA GIRO |TM39 GANCHO ALTO |TM40 RUGIDO |TM41 TINIEBLAS |TM42 COME SUEÑOS |          - |TM44 ECO METÁLICO |          - |         - |           - |                - |           - |TM50 BUCLE ARENA |HM01 CORTE |HM02 VUELO |HM03 SURF |          - |HM05 DESTELLO |HM06 GOLPE ROCA |           - |HM08 BUCEO |
 80 Slowbro       |TM01 ARMAD. ÁCIDA |TM02 IMPACTRUENO |TM03 GARRA METAL |TM04 PUÑODINÁMICO |               - |                - |TM07 ABSORBER |TM08 ATADURA |TM09 RENCOR |TM10 DETECCIÓN |              - |TM12 LENGÜETAZO |             - |        - |TM15 DESEO |              - |              - |         - |TM19 VOZARRÓN |              - |                - |TM22 RETROCESO |                - |TM24 DAÑO SECRETO |TM25 BOFETÓN LODO |TM26 SORPRESA |               - |           - |TM29 CHIRRIDO |            - |TM31 PANTALLA LUZ |TM32 DOBLE EQUIPO |              - |TM34 HIDROCAÑÓN |TM35 REFUERZO |TM36 ELECTROCAÑÓN |TM37 RESPLANDOR |TM38 PATADA GIRO |               - |TM40 RUGIDO |             - |               - |          - |TM44 ECO METÁLICO |TM45 LEGADO |TM46 AZOTE |           - |TM48 MISMODESTINO |           - |TM50 BUCLE ARENA |HM01 CORTE |HM02 VUELO |HM03 SURF |HM04 FUERZA |            - |HM06 GOLPE ROCA |HM07 CASCADA |         - |
 81 Magnemite     |                - |               - |               - |TM04 PUÑODINÁMICO |               - |                - |TM07 ABSORBER |TM08 ATADURA |TM09 RENCOR |TM10 DETECCIÓN |              - |              - |TM13 CONFUSIÓN |TM14 BOTE |TM15 DESEO |TM16 GUILLOTINA |TM17 CUCHILLADA |TM18 PRESA |            - |              - |TM21 LLANTO FALSO |             - |                - |TM24 DAÑO SECRETO |                - |TM26 SORPRESA |               - |           - |            - |            - |TM31 PANTALLA LUZ |                - |              - |              - |            - |                - |TM37 RESPLANDOR |               - |               - |TM40 RUGIDO |TM41 TINIEBLAS |               - |TM43 FISURA |                - |TM45 LEGADO |TM46 AZOTE |           - |TM48 MISMODESTINO |TM49 REFUGIO |               - |HM01 CORTE |HM02 VUELO |        - |HM04 FUERZA |HM05 DESTELLO |HM06 GOLPE ROCA |           - |         - |
 82 Magneton      |TM01 ARMAD. ÁCIDA |               - |TM03 GARRA METAL |TM04 PUÑODINÁMICO |TM05 V. CORTANTE |                - |TM07 ABSORBER |           - |          - |             - |TM11 CONVERSIÓN |              - |             - |TM14 BOTE |         - |              - |TM17 CUCHILLADA |         - |TM19 VOZARRÓN |TM20 PUÑO HIELO |                - |             - |TM23 PANTALLAHUMO |                - |TM25 BOFETÓN LODO |            - |               - |TM28 SILBATO |TM29 CHIRRIDO |TM30 DESQUITE |                - |                - |              - |TM34 HIDROCAÑÓN |            - |TM36 ELECTROCAÑÓN |              - |               - |TM39 GANCHO ALTO |          - |             - |               - |TM43 FISURA |TM44 ECO METÁLICO |TM45 LEGADO |TM46 AZOTE |           - |                - |TM49 REFUGIO |TM50 BUCLE ARENA |HM01 CORTE |         - |HM03 SURF |          - |HM05 DESTELLO |              - |           - |HM08 BUCEO |
 83 Farfetch’d    |TM01 ARMAD. ÁCIDA |               - |TM03 GARRA METAL |                - |TM05 V. CORTANTE |TM06 COLMILLO VEN |            - |TM08 ATADURA |TM09 RENCOR |             - |TM11 CONVERSIÓN |TM12 LENGÜETAZO |             - |        - |TM15 DESEO |              - |TM17 CUCHILLADA |         - |            - |TM20 PUÑO HIELO |TM21 LLANTO FALSO |TM22 RETROCESO |TM23 PANTALLAHUMO |TM24 DAÑO SECRETO |                - |TM26 SORPRESA |               - |TM28 SILBATO |            - |            - |                - |                - |TM33 TORBELLINO |TM34 HIDROCAÑÓN |            - |                - |TM37 RESPLANDOR |               - |               - |TM40 RUGIDO |TM41 TINIEBLAS |TM42 COME SUEÑOS |TM43 FISURA |                - |          - |TM46 AZOTE |TM47 PEDRADA |TM48 MISMODESTINO |TM49 REFUGIO |               - |HM01 CORTE |HM02 VUELO |HM03 SURF |HM04 FUERZA |            - |HM06 GOLPE ROCA |HM07 CASCADA |         - |
 84 Doduo         |                - |TM02 IMPACTRUENO |TM03 GARRA METAL |                - |               - |                - |            - |TM08 ATADURA |TM09 RENCOR |             - |              - |              - |TM13 CONFUSIÓN |TM14 BOTE |TM15 DESEO |              - |TM17 CUCHILLADA |         - |            - |              - |TM21 LLANTO FALSO |TM22 RETROCESO |                - |                - |TM25 BOFETÓN LODO |            - |               - |TM28 SILBATO |TM29 CHIRRIDO |            - |TM31 PANTALLA LUZ |                - |TM33 TORBELLINO |TM34 HIDROCAÑÓN |TM35 REFUERZO |TM36 ELECTROCAÑÓN |TM37 RESPLANDOR |               - |TM39 GANCHO ALTO |          - |TM41 TINIEBLAS |TM42 COME SUEÑOS |TM43 FISURA |                - |          - |TM46 AZOTE |TM47 PEDRADA |TM48 MISMODESTINO |TM49 REFUGIO |TM50 BUCLE ARENA |         - |         - |HM03 SURF |HM04 FUERZA |            - |HM06 GOLPE ROCA |HM07 CASCADA |         - |
 85 Dodrio        |TM01 ARMAD. ÁCIDA |               - |TM03 GARRA METAL |                - |TM05 V. CORTANTE |                - |            - |           - |          - |             - |TM11 CONVERSIÓN |              - |TM13 CONFUSIÓN |        - |TM15 DESEO |              - |TM17 CUCHILLADA |         - |            - |TM20 PUÑO HIELO |TM21 LLANTO FALSO |             - |                - |                - |TM25 BOFETÓN LODO |TM26 SORPRESA |               - |TM28 SILBATO |TM29 CHIRRIDO |TM30 DESQUITE |TM31 PANTALLA LUZ |TM32 DOBLE EQUIPO |              - |              - |            - |TM36 ELECTROCAÑÓN |TM37 RESPLANDOR |TM38 PATADA GIRO |TM39 GANCHO ALTO |          - |             - |TM42 COME SUEÑOS |TM43 FISURA |TM44 ECO METÁLICO |          - |         - |           - |                - |           - |TM50 BUCLE ARENA |HM01 CORTE |         - |HM03 SURF |HM04 FUERZA |            - |HM06 GOLPE ROCA |HM07 CASCADA |         - |
 86 Seel          |                - |TM02 IMPACTRUENO |TM03 GARRA METAL |                - |TM05 V. CORTANTE |TM06 COLMILLO VEN |            - |           - |          - |TM10 DETECCIÓN |              - |TM12 LENGÜETAZO |TM13 CONFUSIÓN |TM14 BOTE |         - |TM16 GUILLOTINA |              - |         - |TM19 VOZARRÓN |              - |TM21 LLANTO FALSO |             - |TM23 PANTALLAHUMO |                - |TM25 BOFETÓN LODO |TM26 SORPRESA |TM27 COLA VENENO |           - |            - |            - |                - |                - |              - |              - |TM35 REFUERZO |                - |TM37 RESPLANDOR |TM38 PATADA GIRO |TM39 GANCHO ALTO |          - |TM41 TINIEBLAS |TM42 COME SUEÑOS |TM43 FISURA |                - |          - |         - |           - |TM48 MISMODESTINO |TM49 REFUGIO |TM50 BUCLE ARENA |HM01 CORTE |HM02 VUELO |        - |HM04 FUERZA |            - |HM06 GOLPE ROCA |           - |HM08 BUCEO |
 87 Dewgong       |TM01 ARMAD. ÁCIDA |TM02 IMPACTRUENO |TM03 GARRA METAL |                - |TM05 V. CORTANTE |TM06 COLMILLO VEN |TM07 ABSORBER |TM08 ATADURA |          - |TM10 DETECCIÓN |              - |              - |TM13 CONFUSIÓN |        - |TM15 DESEO |              - |              - |TM18 PRESA |            - |              - |TM21 LLANTO FALSO |             - |                - |                - |                - |TM26 SORPRESA |TM27 COLA VENENO |TM28 SILBATO |TM29 CHIRRIDO |            - |TM31 PANTALLA LUZ |                - |TM33 TORBELLINO |              - |TM35 REFUERZO |TM36 ELECTROCAÑÓN |              - |TM38 PATADA GIRO |TM39 GANCHO ALTO |          - |             - |               - |TM43 FISURA |TM44 ECO METÁLICO |          - |TM46 AZOTE |TM47 PEDRADA |TM48 MISMODESTINO |TM49 REFUGIO |TM50 BUCLE ARENA |HM01 CORTE |HM02 VUELO |        - |HM04 FUERZA |            - |              - |           - |HM08 BUCEO |
 88 Grimer        |TM01 ARMAD. ÁCIDA |               - |               - |TM04 PUÑODINÁMICO |               - |TM06 COLMILLO VEN |            - |TM08 ATADURA |TM09 RENCOR |             - |              - |TM12 LENGÜETAZO |             - |        - |TM15 DESEO |TM16 GUILLOTINA |TM17 CUCHILLADA |         - |            - |              - |TM21 LLANTO FALSO |             - |TM23 PANTALLAHUMO |TM24 DAÑO SECRETO |TM25 BOFETÓN LODO |TM26 SORPRESA |TM27 COLA VENENO |TM28 SILBATO |TM29 CHIRRIDO |            - |                - |TM32 DOBLE EQUIPO |              - |              - |TM35 REFUERZO |TM36 ELECTROCAÑÓN |TM37 RESPLANDOR |TM38 PATADA GIRO |TM39 GANCHO ALTO |TM40 RUGIDO |TM41 TINIEBLAS |TM42 COME SUEÑOS |          - |                - |TM45 LEGADO |TM46 AZOTE |           - |TM48 MISMODESTINO |           - |               - |HM01 CORTE |         - |        - |          - |HM05 DESTELLO |HM06 GOLPE ROCA |HM07 CASCADA |HM08 BUCEO |
 89 Muk           |                - |               - |               - |TM04 PUÑODINÁMICO |               - |TM06 COLMILLO VEN |TM07 ABSORBER |           - |          - |TM10 DETECCIÓN |              - |              - |TM13 CONFUSIÓN |        - |         - |              - |TM17 CUCHILLADA |TM18 PRESA |TM19 VOZARRÓN |              - |TM21 LLANTO FALSO |             - |                - |TM24 DAÑO SECRETO |TM25 BOFETÓN LODO |            - |               - |           - |            - |TM30 DESQUITE |TM31 PANTALLA LUZ |                - |              - |              - |TM35 REFUERZO |TM36 ELECTROCAÑÓN |TM37 RESPLANDOR |               - |               - |TM40 RUGIDO |             - |TM42 COME SUEÑOS |TM43 FISURA |                - |          - |         - |TM47 PEDRADA |                - |           - |TM50 BUCLE ARENA |HM01 CORTE |         - |HM03 SURF |          - |HM05 DESTELLO |              - |           - |         - |
 90 Shellder      |                - |               - |TM03 GARRA METAL |TM04 PUÑODINÁMICO |               - |TM06 COLMILLO VEN |TM07 ABSORBER |TM08 ATADURA |          - |TM10 DETECCIÓN |TM11 CONVERSIÓN |TM12 LENGÜETAZO |             - |        - |TM15 DESEO |              - |              - |TM18 PRESA |            - |              - |                - |TM22 RETROCESO |                - |TM24 DAÑO SECRETO |TM25 BOFETÓN LODO |TM26 SORPRESA |TM27 COLA VENENO |           - |            - |TM30 DESQUITE |                - |TM32 DOBLE EQUIPO |TM33 TORBELLINO |              - |TM35 REFUERZO |                - |              - |               - |               - |          - |             - |               - |          - |                - |          - |TM46 AZOTE |           - |TM48 MISMODESTINO |TM49 REFUGIO |TM50 BUCLE ARENA |HM01 CORTE |HM02 VUELO |HM03 SURF |HM04 FUERZA |HM05 DESTELLO |              - |           - |         - |
 91 Cloyster      |TM01 ARMAD. ÁCIDA |TM02 IMPACTRUENO |               - |TM04 PUÑODINÁMICO |TM05 V. CORTANTE |TM06 COLMILLO VEN |TM07 ABSORBER |           - |          - |             - |TM11 CONVERSIÓN |              - |TM13 CONFUSIÓN |        - |         - |              - |TM17 CUCHILLADA |TM18 PRESA |TM19 VOZARRÓN |TM20 PUÑO HIELO |                - |             - |TM23 PANTALLAHUMO |TM24 DAÑO SECRETO |TM25 BOFETÓN LODO |TM26 SORPRESA |               - |           - |            - |TM30 DESQUITE |                - |TM32 DOBLE EQUIPO |              - |              - |TM35 REFUERZO |TM36 ELECTROCAÑÓN |              - |               - |               - |          - |TM41 TINIEBLAS |               - |TM43 FISURA |TM44 ECO METÁLICO |          - |TM46 AZOTE |           - |TM48 MISMODESTINO |           - |               - |HM01 CORTE |HM02 VUELO |        - |HM04 FUERZA |HM05 DESTELLO |              - |HM07 CASCADA |HM08 BUCEO |
 92 Gastly        |                - |TM02 IMPACTRUENO |TM03 GARRA METAL |                - |TM05 V. CORTANTE |                - |TM07 ABSORBER |           - |TM09 RENCOR |             - |              - |TM12 LENGÜETAZO |             - |TM14 BOTE |         - |TM16 GUILLOTINA |TM17 CUCHILLADA |         - |            - |              - |                - |TM22 RETROCESO |TM23 PANTALLAHUMO |                - |                - |TM26 SORPRESA |TM27 COLA VENENO |           - |TM29 CHIRRIDO |TM30 DESQUITE |                - |                - |TM33 TORBELLINO |              - |TM35 REFUERZO |TM36 ELECTROCAÑÓN |              - |TM38 PATADA GIRO |               - |          - |             - |TM42 COME SUEÑOS |          - |                - |          - |TM46 AZOTE |           - |                - |TM49 REFUGIO |               - |HM01 CORTE |HM02 VUELO |HM03 SURF |          - |            - |HM06 GOLPE ROCA |           - |         - |
 93 Haunter       |                - |TM02 IMPACTRUENO |TM03 GARRA METAL |TM04 PUÑODINÁMICO |TM05 V. CORTANTE |                - |            - |TM08 ATADURA |          - |TM10 DETECCIÓN |              - |              - |TM13 CONFUSIÓN |TM14 BOTE |         - |TM16 GUILLOTINA |TM17 CUCHILLADA |TM18 PRESA |            - |              - |TM21 LLANTO FALSO |             - |TM23 PANTALLAHUMO |                - |TM25 BOFETÓN LODO |            - |               - |TM28 SILBATO |TM29 CHIRRIDO |TM30 DESQUITE |TM31 PANTALLA LUZ |                - |              - |              - |            - |                - |              - |TM38 PATADA GIRO |               - |          - |TM41 TINIEBLAS |               - |          - |TM44 ECO METÁLICO |          - |         - |TM47 PEDRADA |                - |TM49 REFUGIO |               - |HM01 CORTE |         - |HM03 SURF |HM04 FUERZA |HM05 DESTELLO |HM06 GOLPE ROCA |HM07 CASCADA |         - |
 94 Gengar        |TM01 ARMAD. ÁCIDA |TM02 IMPACTRUENO |TM03 GARRA METAL |TM04 PUÑODINÁMICO |               - |                - |TM07 ABSORBER |           - |          - |             - |              - |TM12 LENGÜETAZO |             - |TM14 BOTE |TM15 DESEO |              - |              - |TM18 PRESA |TM19 VOZARRÓN |TM20 PUÑO HIELO |TM21 LLANTO FALSO |TM22 RETROCESO |                - |TM24 DAÑO SECRETO |TM25 BOFETÓN LODO |            - |TM27 COLA VENENO |           - |TM29 CHIRRIDO |TM30 DESQUITE |TM31 PANTALLA LUZ |                - |TM33 TORBELLINO |TM34 HIDROCAÑÓN |            - |TM36 ELECTROCAÑÓN |              - |               - |               - |TM40 RUGIDO |             - |               - |          - |                - |TM45 LEGADO |         - |           - |TM48 MISMODESTINO |           - |TM50 BUCLE ARENA |HM01 CORTE |HM02 VUELO |        - |          - |HM05 DESTELLO |HM06 GOLPE ROCA |HM07 CASCADA |HM08 BUCEO |
 95 Onix          |                - |TM02 IMPACTRUENO |               - |TM04 PUÑODINÁMICO |TM05 V. CORTANTE |                - |TM07 ABSORBER |TM08 ATADURA |TM09 RENCOR |TM10 DETECCIÓN |              - |TM12 LENGÜETAZO |             - |TM14 BOTE |TM15 DESEO |              - |              - |         - |            - |              - |TM21 LLANTO FALSO |             - |                - |TM24 DAÑO SECRETO |TM25 BOFETÓN LODO |TM26 SORPRESA |TM27 COLA VENENO |           - |            - |TM30 DESQUITE |TM31 PANTALLA LUZ |TM32 DOBLE EQUIPO |              - |TM34 HIDROCAÑÓN |            - |TM36 ELECTROCAÑÓN |TM37 RESPLANDOR |               - |               - |TM40 RUGIDO |TM41 TINIEBLAS |               - |TM43 FISURA |TM44 ECO METÁLICO |          - |TM46 AZOTE |           - |TM48 MISMODESTINO |           - |               - |HM01 CORTE |HM02 VUELO |HM03 SURF |HM04 FUERZA |HM05 DESTELLO |              - |HM07 CASCADA |         - |
 96 Drowzee       |                - |               - |TM03 GARRA METAL |TM04 PUÑODINÁMICO |               - |TM06 COLMILLO VEN |TM07 ABSORBER |           - |TM09 RENCOR |             - |TM11 CONVERSIÓN |TM12 LENGÜETAZO |             - |        - |TM15 DESEO |TM16 GUILLOTINA |              - |TM18 PRESA |TM19 VOZARRÓN |TM20 PUÑO HIELO |                - |TM22 RETROCESO |                - |TM24 DAÑO SECRETO |TM25 BOFETÓN LODO |TM26 SORPRESA |TM27 COLA VENENO |           - |TM29 CHIRRIDO |            - |TM31 PANTALLA LUZ |TM32 DOBLE EQUIPO |TM33 TORBELLINO |              - |TM35 REFUERZO |TM36 ELECTROCAÑÓN |TM37 RESPLANDOR |               - |               - |TM40 RUGIDO |             - |               - |          - |                - |TM45 LEGADO |         - |           - |TM48 MISMODESTINO |           - |               - |HM01 CORTE |         - |HM03 SURF |          - |            - |HM06 GOLPE ROCA |           - |HM08 BUCEO |
 97 Hypno         |                - |TM02 IMPACTRUENO |TM03 GARRA METAL |                - |TM05 V. CORTANTE |                - |TM07 ABSORBER |TM08 ATADURA |TM09 RENCOR |             - |TM11 CONVERSIÓN |TM12 LENGÜETAZO |TM13 CONFUSIÓN |TM14 BOTE |TM15 DESEO |TM16 GUILLOTINA |              - |TM18 PRESA |            - |              - |TM21 LLANTO FALSO |TM22 RETROCESO |                - |TM24 DAÑO SECRETO |                - |            - |               - |           - |TM29 CHIRRIDO |TM30 DESQUITE |TM31 PANTALLA LUZ |TM32 DOBLE EQUIPO |TM33 TORBELLINO |              - |TM35 REFUERZO |TM36 ELECTROCAÑÓN |              - |               - |               - |          - |TM41 TINIEBLAS |TM42 COME SUEÑOS |TM43 FISURA |TM44 ECO METÁLICO |          - |         - |           - |                - |           - |               - |HM01 CORTE |         - |HM03 SURF |HM04 FUERZA |HM05 DESTELLO |              - |HM07 CASCADA |         - |
 98 Krabby        |TM01 ARMAD. ÁCIDA |TM02 IMPACTRUENO |TM03 GARRA METAL |TM04 PUÑODINÁMICO |TM05 V. CORTANTE |TM06 COLMILLO VEN |            - |TM08 ATADURA |TM09 RENCOR |TM10 DETECCIÓN |              - |TM12 LENGÜETAZO |             - |        - |TM15 DESEO |TM16 GUILLOTINA |              - |TM18 PRESA |TM19 VOZARRÓN |TM20 PUÑO HIELO |TM21 LLANTO FALSO |TM22 RETROCESO |                - |                - |                - |TM26 SORPRESA |TM27 COLA VENENO |TM28 SILBATO |TM29 CHIRRIDO |            - |TM31 PANTALLA LUZ |TM32 DOBLE EQUIPO |              - |TM34 HIDROCAÑÓN |            - |                - |              - |               - |               - |TM40 RUGIDO |TM41 TINIEBLAS |TM42 COME SUEÑOS |          - |TM44 ECO METÁLICO |TM45 LEGADO |TM46 AZOTE |           - |                - |TM49 REFUGIO |TM50 BUCLE ARENA |HM01 CORTE |         - |        - |HM04 FUERZA |HM05 DESTELLO |HM06 GOLPE ROCA |HM07 CASCADA |HM08 BUCEO |
 99 Kingler       |                - |TM02 IMPACTRUENO |TM03 GARRA METAL |                - |               - |TM06 COLMILLO VEN |            - |TM08 ATADURA |          - |TM10 DETECCIÓN |              - |              - |             - |        - |         - |              - |TM17 CUCHILLADA |         - |            - |              - |TM21 LLANTO FALSO |             - |TM23 PANTALLAHUMO |TM24 DAÑO SECRETO |                - |            - |               - |           - |            - |TM30 DESQUITE |TM31 PANTALLA LUZ |TM32 DOBLE EQUIPO |TM33 TORBELLINO |TM34 HIDROCAÑÓN |            - |TM36 ELECTROCAÑÓN |TM37 RESPLANDOR |TM38 PATADA GIRO |               - |          - |             - |               - |TM43 FISURA |TM44 ECO METÁLICO |          - |         - |           - |TM48 MISMODESTINO |TM49 REFUGIO |TM50 BUCLE ARENA |HM01 CORTE |HM02 VUELO |        - |HM04 FUERZA |            - |              - |HM07 CASCADA |         - |
100 Voltorb       |                - |TM02 IMPACTRUENO |TM03 GARRA METAL |                - |               - |                - |            - |TM08 ATADURA |          - |             - |TM11 CONVERSIÓN |TM12 LENGÜETAZO |             - |        - |         - |              - |              - |TM18 PRESA |            - |TM20 PUÑO HIELO |TM21 LLANTO FALSO |TM22 RETROCESO |TM23 PANTALLAHUMO |                - |                - |            - |TM27 COLA VENENO |TM28 SILBATO |            - |            - |                - |                - |TM33 TORBELLINO |              - |            - |TM36 ELECTROCAÑÓN |              - |               - |               - |          - |TM41 TINIEBLAS |               - |TM43 FISURA |TM44 ECO METÁLICO |TM45 LEGADO |TM46 AZOTE |           - |TM48 MISMODESTINO |           - |TM50 BUCLE ARENA |HM01 CORTE |HM02 VUELO |HM03 SURF |          - |HM05 DESTELLO |              - |HM07 CASCADA |         - |
101 Electrode     |TM01 ARMAD. ÁCIDA |TM02 IMPACTRUENO |TM03 GARRA METAL |                - |               - |TM06 COLMILLO VEN |            - |           - |TM09 RENCOR |             - |              - |              - |             - |        - |         - |              - |TM17 CUCHILLADA |         - |            - |              - |TM21 LLANTO FALSO |TM22 RETROCESO |                - |                - |                - |            - |               - |           - |            - |TM30 DESQUITE |                - |TM32 DOBLE EQUIPO |TM33 TORBELLINO |TM34 HIDROCAÑÓN |TM35 REFUERZO |TM36 ELECTROCAÑÓN |              - |TM38 PATADA GIRO |               - |          - |TM41 TINIEBLAS |               - |          - |                - |          - |TM46 AZOTE |           - |                - |           - |TM50 BUCLE ARENA |         - |         - |        - |HM04 FUERZA |HM05 DESTELLO |HM06 GOLPE ROCA |           - |         - |
102 Exeggcute     |                - |TM02 IMPACTRUENO |TM03 GARRA METAL |TM04 PUÑODINÁMICO |TM05 V. CORTANTE |TM06 COLMILLO VEN |            - |TM08 ATADURA |          - |             - |TM11 CONVERSIÓN |TM12 LENGÜETAZO |             - |TM14 BOTE |         - |              - |TM17 CUCHILLADA |TM18 PRESA |            - |              - |                - |TM22 RETROCESO |TM23 PANTALLAHUMO |                - |                - |TM26 SORPRESA |TM27 COLA VENENO |           - |TM29 CHIRRIDO |            - |TM31 PANTALLA LUZ |                - |TM33 TORBELLINO |              - |TM35 REFUERZO |                - |              - |TM38 PATADA GIRO |               - |TM40 RUGIDO |TM41 TINIEBLAS |TM42 COME SUEÑOS |TM43 FISURA |                - |TM45 LEGADO |TM46 AZOTE |           - |                - |TM49 REFUGIO |TM50 BUCLE ARENA |HM01 CORTE |         - |HM03 SURF |HM04 FUERZA |            - |HM06 GOLPE ROCA |           - |         - |
103 Exeggutor     |                - |               - |               - |TM04 PUÑODINÁMICO |TM05 V. CORTANTE |                - |TM07 ABSORBER |           - |          - |TM10 DETECCIÓN |              - |TM12 LENGÜETAZO |TM13 CONFUSIÓN |TM14 BOTE |         - |              - |              - |         - |TM19 VOZARRÓN |TM20 PUÑO HIELO |TM21 LLANTO FALSO |TM22 RETROCESO |TM23 PANTALLAHUMO |TM24 DAÑO SECRETO |TM25 BOFETÓN LODO |TM26 SORPRESA |TM27 COLA VENENO |           - |TM29 CHIRRIDO |            - |                - |TM32 DOBLE EQUIPO |TM33 TORBELLINO |TM34 HIDROCAÑÓN |            - |                - |              - |TM38 PATADA GIRO |               - |TM40 RUGIDO |TM41 TINIEBLAS |TM42 COME SUEÑOS |          - |TM44 ECO METÁLICO |TM45 LEGADO |         - |TM47 PEDRADA |TM48 MISMODESTINO |           - |               - |HM01 CORTE |HM02 VUELO |HM03 SURF |HM04 FUERZA |HM05 DESTELLO |HM06 GOLPE ROCA |           - |         - |
104 Cubone        |TM01 ARMAD. ÁCIDA |TM02 IMPACTRUENO |               - |TM04 PUÑODINÁMICO |               - |TM06 COLMILLO VEN |            - |TM08 ATADURA |TM09 RENCOR |             - |TM11 CONVERSIÓN |TM12 LENGÜETAZO |TM13 CONFUSIÓN |TM14 BOTE |TM15 DESEO |TM16 GUILLOTINA |TM17 CUCHILLADA |TM18 PRESA |            - |TM20 PUÑO HIELO |                - |TM22 RETROCESO |TM23 PANTALLAHUMO |                - |TM25 BOFETÓN LODO |TM26 SORPRESA |               - |           - |            - |TM30 DESQUITE |TM31 PANTALLA LUZ |                - |              - |TM34 HIDROCAÑÓN |TM35 REFUERZO |TM36 ELECTROCAÑÓN |TM37 RESPLANDOR |               - |               - |TM40 RUGIDO |TM41 TINIEBLAS |               - |TM43 FISURA |TM44 ECO METÁLICO |          - |         - |           - |TM48 MISMODESTINO |TM49 REFUGIO |TM50 BUCLE ARENA |HM01 CORTE |         - |        - |          - |HM05 DESTELLO |HM06 GOLPE ROCA |           - |         - |
105 Marowak       |                - |TM02 IMPACTRUENO |TM03 GARRA METAL |TM04 PUÑODINÁMICO |               - |                - |            - |           - |          - |             - |TM11 CONVERSIÓN |TM12 LENGÜETAZO |TM13 CONFUSIÓN |        - |TM15 DESEO |TM16 GUILLOTINA |TM17 CUCHILLADA |TM18 PRESA |            - |TM20 PUÑO HIELO |TM21 LLANTO FALSO |TM22 RETROCESO |                - |                - |                - |TM26 SORPRESA |TM27 COLA VENENO |TM28 SILBATO |TM29 CHIRRIDO |            - |                - |TM32 DOBLE EQUIPO |              - |TM34 HIDROCAÑÓN |TM35 REFUERZO |                - |TM37 RESPLANDOR |TM38 PATADA GIRO |TM39 GANCHO ALTO |          - |             - |TM42 COME SUEÑOS |TM43 FISURA |TM44 ECO METÁLICO |          - |         - |TM47 PEDRADA |                - |           - |               - |HM01 CORTE |         - |        - |HM04 FUERZA |HM05 DESTELLO |HM06 GOLPE ROCA |HM07 CASCADA |         - |
106 Hitmonlee     |TM01 ARMAD. ÁCIDA |               - |TM03 GARRA METAL |TM04 PUÑODINÁMICO |               - |TM06 COLMILLO VEN |TM07 ABSORBER |           - |TM09 RENCOR |             - |TM11 CONVERSIÓN |TM12 LENGÜETAZO |             - |        - |TM15 DESEO |              - |              - |         - |TM19 VOZARRÓN |TM20 PUÑO HIELO |TM21 LLANTO FALSO |             - |                - |TM24 DAÑO SECRETO |                - |TM26 SORPRESA |               - |           - |            - |            - |TM31 PANTALLA LUZ |TM32 DOBLE EQUIPO |TM33 TORBELLINO |TM34 HIDROCAÑÓN |            - |                - |              - |               - |               - |TM40 RUGIDO |             - |TM42 COME SUEÑOS |          - |TM44 ECO METÁLICO |          - |TM46 AZOTE |           - |TM48 MISMODESTINO |TM49 REFUGIO |               - |         - |         - |HM03 SURF |          - |            - |HM06 GOLPE ROCA |HM07 CASCADA |         - |
107 Hitmonchan    |TM01 ARMAD. ÁCIDA |TM02 IMPACTRUENO |TM03 GARRA METAL |                - |               - |                - |            - |TM08 ATADURA |TM09 RENCOR |TM10 DETECCIÓN |TM11 CONVERSIÓN |TM12 LENGÜETAZO |             - |TM14 BOTE |TM15 DESEO |TM16 GUILLOTINA |              - |TM18 PRESA |TM19 VOZARRÓN |              - |TM21 LLANTO FALSO |             - |TM23 PANTALLAHUMO |                - |TM25 BOFETÓN LODO |            - |               - |           - |            - |TM30 DESQUITE |TM31 PANTALLA LUZ |                - |              - |              - |TM35 REFUERZO |                - |TM37 RESPLANDOR |               - |TM39 GANCHO ALTO |          - |TM41 TINIEBLAS |TM42 COME SUEÑOS |          - |TM44 ECO METÁLICO |TM45 LEGADO |         - |           - |TM48 MISMODESTINO |           - |TM50 BUCLE ARENA |HM01 CORTE |HM02 VUELO |HM03 SURF |HM04 FUERZA |HM05 DESTELLO |              - |           - |HM08 BUCEO |
108 Lickitung     |TM01 ARMAD. ÁCIDA |TM02 IMPACTRUENO |               - |TM04 PUÑODINÁMICO |TM05 V. CORTANTE |TM06 COLMILLO VEN |            - |           - |TM09 RENCOR |TM10 DETECCIÓN |              - |              - |TM13 CONFUSIÓN |TM14 BOTE |TM15 DESEO |TM16 GUILLOTINA |              - |TM18 PRESA |TM19 VOZARRÓN |TM20 PUÑO HIELO |TM21 LLANTO FALSO |             - |                - |                - |                - |            - |               - |           - |            - |TM30 DESQUITE |                - |TM32 DOBLE EQUIPO |TM33 TORBELLINO |              - |            - |                - |TM37 RESPLANDOR |               - |TM39 GANCHO ALTO |          - |             - |               - |          - |TM44 ECO METÁLICO |TM45 LEGADO |         - |           - |                - |           - |               - |HM01 CORTE |HM02 VUELO |HM03 SURF |HM04 FUERZA |HM05 DESTELLO |HM06 GOLPE ROCA |HM07 CASCADA |         - |
109 Koffing       |TM01 ARMAD. ÁCIDA |               - |TM03 GARRA METAL |                - |TM05 V. CORTANTE |                - |TM07 ABSORBER |TM08 ATADURA |          - |             - |TM11 CONVERSIÓN |              - |             - |TM14 BOTE |         - |              - |              - |TM18 PRESA |            - |TM20 PUÑO HIELO |TM21 LLANTO FALSO |TM22 RETROCESO |TM23 PANTALLAHUMO |                - |TM25 BOFETÓN LODO |            - |TM27 COLA VENENO |TM28 SILBATO |            - |TM30 DESQUITE |                - |                - |              - |TM34 HIDROCAÑÓN |            - |                - |TM37 RESPLANDOR |               - |TM39 GANCHO ALTO |          - |TM41 TINIEBLAS |TM42 COME SUEÑOS |TM43 FISURA |TM44 ECO METÁLICO |          - |TM46 AZOTE |           - |                - |TM49 REFUGIO |TM50 BUCLE ARENA |         - |HM02 VUELO |        - |          - |HM05 DESTELLO |              - |           - |HM08 BUCEO |
110 Weezing       |TM01 ARMAD. ÁCIDA |               - |TM03 GARRA METAL |TM04 PUÑODINÁMICO |TM05 V. CORTANTE |                - |            - |           - |          - |TM10 DETECCIÓN |              - |TM12 LENGÜETAZO |             - |TM14 BOTE |         - |TM16 GUILLOTINA |TM17 CUCHILLADA |         - |            - |TM20 PUÑO HIELO |TM21 LLANTO FALSO |             - |TM23 PANTALLAHUMO |TM24 DAÑO SECRETO |                - |TM26 SORPRESA |TM27 COLA VENENO |TM28 SILBATO |            - |            - |TM31 PANTALLA LUZ |TM32 DOBLE EQUIPO |TM33 TORBELLINO |TM34 HIDROCAÑÓN |TM35 REFUERZO |                - |              - |TM38 PATADA GIRO |               - |          - |TM41 TINIEBLAS |               - |          - |                - |          - |         - |           - |                - |           - |TM50 BUCLE ARENA |HM01 CORTE |         - |HM03 SURF |          - |HM05 DESTELLO |              - |           - |         - |
111 Rhyhorn       |TM01 ARMAD. ÁCIDA |               - |TM03 GARRA METAL |TM04 PUÑODINÁMICO |               - |TM06 COLMILLO VEN |TM07 ABSORBER |           - |          - |TM10 DETECCIÓN |TM11 CONVERSIÓN |              - |             - |        - |         - |              - |TM17 CUCHILLADA |         - |            - |TM20 PUÑO HIELO |TM21 LLANTO FALSO |TM22 RETROCESO |TM23 PANTALLAHUMO |                - |TM25 BOFETÓN LODO |            - |TM27 COLA VENENO |           - |TM29 CHIRRIDO |            - |                - |                - |              - |              - |            - |                - |              - |               - |               - |          - |TM41 TINIEBLAS |               - |          - |TM44 ECO METÁLICO |TM45 LEGADO |TM46 AZOTE |           - |                - |           - |TM50 BUCLE ARENA |HM01 CORTE |         - |HM03 SURF |          - |HM05 DESTELLO |HM06 GOLPE ROCA |HM07 CASCADA |HM08 BUCEO |
112 Rhydon        |TM01 ARMAD. ÁCIDA |               - |               - |TM04 PUÑODINÁMICO |TM05 V. CORTANTE |                - |            - |           - |TM09 RENCOR |             - |              - |TM12 LENGÜETAZO |TM13 CONFUSIÓN |        - |         - |TM16 GUILLOTINA |              - |         - |TM19 VOZARRÓN |              - |TM21 LLANTO FALSO |TM22 RETROCESO |TM23 PANTALLAHUMO |TM24 DAÑO SECRETO |                - |            - |TM27 COLA VENENO |           - |TM29 CHIRRIDO |            - |TM31 PANTALLA LUZ |                - |TM33 TORBELLINO |              - |TM35 REFUERZO |                - |TM37 RESPLANDOR |TM38 PATADA GIRO |               - |          - |TM41 TINIEBLAS |TM42 COME SUEÑOS |          - |                - |          - |TM46 AZOTE |TM47 PEDRADA |                - |           - |TM50 BUCLE ARENA |HM01 CORTE |HM02 VUELO |HM03 SURF |HM04 FUERZA |HM05 DESTELLO |HM06 GOLPE ROCA |HM07 CASCADA |HM08 BUCEO |
113 Chansey       |                - |               - |               - |                - |TM05 V. CORTANTE |TM06 COLMILLO VEN |TM07 ABSORBER |TM08 ATADURA |          - |             - |TM11 CONVERSIÓN |              - |TM13 CONFUSIÓN |TM14 BOTE |         - |TM16 GUILLOTINA |              - |         - |            - |TM20 PUÑO HIELO |                - |             - |                - |TM24 DAÑO SECRETO |TM25 BOFETÓN LODO |TM26 SORPRESA |TM27 COLA VENENO |TM28 SILBATO |            - |TM30 DESQUITE |                - |TM32 DOBLE EQUIPO |              - |TM34 HIDROCAÑÓN |            - |TM36 ELECTROCAÑÓN |              - |TM38 PATADA GIRO |               - |TM40 RUGIDO |             - |               - |TM43 FISURA |                - |          - |TM46 AZOTE |TM47 PEDRADA |                - |           - |               - |HM01 CORTE |HM02 VUELO |        - |HM04 FUERZA |            - |              - |           - |HM08 BUCEO |
114 Tangela       |                - |               - |TM03 GARRA METAL |TM04 PUÑODINÁMICO |               - |TM06 COLMILLO VEN |TM07 ABSORBER |TM08 ATADURA |TM09 RENCOR |TM10 DETECCIÓN |              - |              - |TM13 CONFUSIÓN |TM14 BOTE |         - |              - |              - |         - |TM19 VOZARRÓN |              - |TM21 LLANTO FALSO |             - |                - |TM24 DAÑO SECRETO |TM25 BOFETÓN LODO |            - |               - |TM28 SILBATO |TM29 CHIRRIDO |TM30 DESQUITE |                - |TM32 DOBLE EQUIPO |TM33 TORBELLINO |TM34 HIDROCAÑÓN |TM35 REFUERZO |                - |              - |TM38 PATADA GIRO |TM39 GANCHO ALTO |          - |             - |               - |          - |                - |          - |         - |TM47 PEDRADA |TM48 MISMODESTINO |TM49 REFUGIO |               - |HM01 CORTE |HM02 VUELO |        - |          - |            - |HM06 GOLPE ROCA |           - |HM08 BUCEO |
115 Kangaskhan    |                - |TM02 IMPACTRUENO |TM03 GARRA METAL |                - |               - |TM06 COLMILLO VEN |TM07 ABSORBER |TM08 ATADURA |          - |TM10 DETECCIÓN |TM11 CONVERSIÓN |              - |TM13 CONFUSIÓN |        - |TM15 DESEO |TM16 GUILLOTINA |              - |         - |            - |TM20 PUÑO HIELO |                - |             - |                - |                - |                - |            - |TM27 COLA VENENO |           - |            - |            - |TM31 PANTALLA LUZ |                - |TM33 TORBELLINO |TM34 HIDROCAÑÓN |            - |TM36 ELECTROCAÑÓN |TM37 RESPLANDOR |               - |TM39 GANCHO ALTO |TM40 RUGIDO |TM41 TINIEBLAS |               - |          - |TM44 ECO METÁLICO |          - |         - |           - |                - |TM49 REFUGIO |               - |HM01 CORTE |         - |HM03 SURF |          - |            - |HM06 GOLPE ROCA |HM07 CASCADA |HM08 BUCEO |
116 Horsea        |                - |TM02 IMPACTRUENO |               - |                - |               - |                - |            - |           - |TM09 RENCOR |             - |              - |              - |TM13 CONFUSIÓN |        - |         - |              - |              - |         - |            - |TM20 PUÑO HIELO |                - |             - |TM23 PANTALLAHUMO |                - |                - |TM26 SORPRESA |TM27 COLA VENENO |TM28 SILBATO |            - |            - |                - |TM32 DOBLE EQUIPO |TM33 TORBELLINO |              - |            - |TM36 ELECTROCAÑÓN |TM37 RESPLANDOR |TM38 PATADA GIRO |TM39 GANCHO ALTO |          - |TM41 TINIEBLAS |TM42 COME SUEÑOS |          - |TM44 ECO METÁLICO |          - |         - |TM47 PEDRADA |                - |TM49 REFUGIO |               - |HM01 CORTE |         - |        - |HM04 FUERZA |HM05 DESTELLO |HM06 GOLPE ROCA |HM07 CASCADA |HM08 BUCEO |
117 Seadra        |                - |               - |               - |TM04 PUÑODINÁMICO |               - |TM06 COLMILLO VEN |            - |           - |          - |             - |              - |              - |             - |TM14 BOTE |TM15 DESEO |              - |TM17 CUCHILLADA |         - |TM19 VOZARRÓN |TM20 PUÑO HIELO |TM21 LLANTO FALSO |             - |                - |TM24 DAÑO SECRETO |                - |            - |TM27 COLA VENENO |TM28 SILBATO |            - |            - |TM31 PANTALLA LUZ |TM32 DOBLE EQUIPO |TM33 TORBELLINO |TM34 HIDROCAÑÓN |            - |                - |              - |               - |TM39 GANCHO ALTO |          - |TM41 TINIEBLAS |TM42 COME SUEÑOS |TM43 FISURA |                - |          - |         - |TM47 PEDRADA |                - |TM49 REFUGIO |TM50 BUCLE ARENA |HM01 CORTE |HM02 VUELO |        - |          - |HM05 DESTELLO |              - |HM07 CASCADA |HM08 BUCEO |
118 Goldeen       |TM01 ARMAD. ÁCIDA |               - |               - |TM04 PUÑODINÁMICO |               - |                - |TM07 ABSORBER |           - |TM09 RENCOR |             - |              - |              - |TM13 CONFUSIÓN |TM14 BOTE |TM15 DESEO |              - |TM17 CUCHILLADA |TM18 PRESA |TM19 VOZARRÓN |TM20 PUÑO HIELO |TM21 LLANTO FALSO |TM22 RETROCESO |                - |                - |TM25 BOFETÓN LODO |            - |               - |           - |            - |TM30 DESQUITE |                - |                - |              - |TM34 HIDROCAÑÓN |            - |                - |TM37 RESPLANDOR |               - |               - |TM40 RUGIDO |             - |TM42 COME SUEÑOS |          - |TM44 ECO METÁLICO |          - |         - |TM47 PEDRADA |TM48 MISMODESTINO |TM49 REFUGIO |TM50 BUCLE ARENA |HM01 CORTE |         - |HM03 SURF |HM04 FUERZA |HM05 DESTELLO |HM06 GOLPE ROCA |           - |HM08 BUCEO |
119 Seaking       |                - |               - |TM03 GARRA METAL |TM04 PUÑODINÁMICO |               - |                - |TM07 ABSORBER |TM08 ATADURA |          - |             - |              - |TM12 LENGÜETAZO |TM13 CONFUSIÓN |TM14 BOTE |TM15 DESEO |TM16 GUILLOTINA |TM17 CUCHILLADA |TM18 PRESA |TM19 VOZARRÓN |TM20 PUÑO HIELO |TM21 LLANTO FALSO |             - |TM23 PANTALLAHUMO |                - |TM25 BOFETÓN LODO |TM26 SORPRESA |TM27 COLA VENENO |           - |            - |            - |TM31 PANTALLA LUZ |                - |              - |TM34 HIDROCAÑÓN |TM35 REFUERZO |TM36 ELECTROCAÑÓN |TM37 RESPLANDOR |               - |               - |TM40 RUGIDO |             - |TM42 COME SUEÑOS |TM43 FISURA |                - |TM45 LEGADO |         - |TM47 PEDRADA |TM48 MISMODESTINO |TM49 REFUGIO |               - |HM01 CORTE |HM02 VUELO |HM03 SURF |          - |HM05 DESTELLO |              - |HM07 CASCADA |         - |
120 Staryu        |TM01 ARMAD. ÁCIDA |               - |TM03 GARRA METAL |TM04 PUÑODINÁMICO |TM05 V. CORTANTE |                - |            - |TM08 ATADURA |TM09 RENCOR |TM10 DETECCIÓN |              - |              - |             - |        - |         - |              - |TM17 CUCHILLADA |TM18 PRESA |            - |              - |                - |             - |TM23 PANTALLAHUMO |TM24 DAÑO SECRETO |TM25 BOFETÓN LODO |            - |               - |TM28 SILBATO |TM29 CHIRRIDO |            - |TM31 PANTALLA LUZ |                - |              - |              - |TM35 REFUERZO |                - |              - |               - |TM39 GANCHO ALTO |          - |TM41 TINIEBLAS |TM42 COME SUEÑOS |          - |                - |TM45 LEGADO |TM46 AZOTE |TM47 PEDRADA |                - |TM49 REFUGIO |               - |HM01 CORTE |         - |        - |          - |            - |HM06 GOLPE ROCA |           - |HM08 BUCEO |
121 Starmie       |                - |               - |TM03 GARRA METAL |TM04 PUÑODINÁMICO |               - |TM06 COLMILLO VEN |TM07 ABSORBER |TM08 ATADURA |TM09 RENCOR |             - |TM11 CONVERSIÓN |TM12 LENGÜETAZO |TM13 CONFUSIÓN |        - |TM15 DESEO |              - |              - |         - |            - |              - |TM21 LLANTO FALSO |             - |TM23 PANTALLAHUMO |TM24 DAÑO SECRETO |TM25 BOFETÓN LODO |TM26 SORPRESA |               - |TM28 SILBATO |            - |            - |                - |TM32 DOBLE EQUIPO |              - |              - |            - |TM36 ELECTROCAÑÓN |TM37 RESPLANDOR |TM38 PATADA GIRO |               - |          - |TM41 TINIEBLAS |TM42 COME SUEÑOS |TM43 FISURA |TM44 ECO METÁLICO |TM45 LEGADO |TM46 AZOTE |TM47 PEDRADA |TM48 MISMODESTINO |TM49 REFUGIO |               - |HM01 CORTE |         - |        - |HM04 FUERZA |HM05 DESTELLO |HM06 GOLPE ROCA |HM07 CASCADA |         - |
122 Mr. Mime      |                - |TM02 IMPACTRUENO |TM03 GARRA METAL |                - |TM05 V. CORTANTE |                - |            - |TM08 ATADURA |TM09 RENCOR |TM10 DETECCIÓN |              - |              - |TM13 CONFUSIÓN |        - |         - |TM16 GUILLOTINA |TM17 CUCHILLADA |         - |TM19 VOZARRÓN |              - |                - |TM22 RETROCESO |TM23 PANTALLAHUMO |                - |TM25 BOFETÓN LODO |TM26 SORPRESA |               - |TM28 SILBATO |TM29 CHIRRIDO |TM30 DESQUITE |                - |                - |TM33 TORBELLINO |              - |            - |                - |              - |               - |TM39 GANCHO ALTO |TM40 RUGIDO |TM41 TINIEBLAS |               - |TM43 FISURA |                - |TM45 LEGADO |TM46 AZOTE |           - |                - |           - |               - |HM01 CORTE |HM02 VUELO |HM03 SURF |HM04 FUERZA |            - |HM06 GOLPE ROCA |           - |         - |
123 Scyther       |TM01 ARMAD. ÁCIDA |               - |TM03 GARRA METAL |                - |TM05 V. CORTANTE |TM06 COLMILLO VEN |            - |           - |          - |             - |              - |              - |             - |        - |TM15 DESEO |TM16 GUILLOTINA |TM17 CUCHILLADA |TM18 PRESA |            - |              - |                - |             - |                - |                - |                - |TM26 SORPRESA |               - |TM28 SILBATO |            - |TM30 DESQUITE |                - |TM32 DOBLE EQUIPO |              - |              - |TM35 REFUERZO |                - |TM37 RESPLANDOR |               - |               - |          - |             - |               - |          - |TM44 ECO METÁLICO |TM45 LEGADO |TM46 AZOTE |           - |TM48 MISMODESTINO |           - |               - |HM01 CORTE |HM02 VUELO |HM03 SURF |          - |            - |              - |HM07 CASCADA |         - |
124 Jynx          |TM01 ARMAD. ÁCIDA |               - |TM03 GARRA METAL |                - |               - |                - |            - |           - |TM09 RENCOR |             - |              - |              - |TM13 CONFUSIÓN |TM14 BOTE |TM15 DESEO |TM16 GUILLOTINA |TM17 CUCHILLADA |         - |TM19 VOZARRÓN |TM20 PUÑO HIELO |                - |             - |                - |TM24 DAÑO SECRETO |TM25 BOFETÓN LODO |TM26 SORPRESA |TM27 COLA VENENO |           - |            - |            - |                - |TM32 DOBLE EQUIPO |TM33 TORBELLINO |              - |TM35 REFUERZO |TM36 ELECTROCAÑÓN |              - |TM38 PATADA GIRO |               - |          - |TM41 TINIEBLAS |TM42 COME SUEÑOS |          - |TM44 ECO METÁLICO |TM45 LEGADO |         - |           - |                - |TM49 REFUGIO |               - |HM01 CORTE |HM02 VUELO |        - |HM04 FUERZA |            - |              - |           - |         - |
125 Electabuzz    |TM01 ARMAD. ÁCIDA |TM02 IMPACTRUENO |TM03 GARRA METAL |TM04 PUÑODINÁMICO |TM05 V. CORTANTE |                - |TM07 ABSORBER |TM08 ATADURA |          - |TM10 DETECCIÓN |TM11 CONVERSIÓN |              - |TM13 CONFUSIÓN |TM14 BOTE |         - |TM16 GUILLOTINA |TM17 CUCHILLADA |         - |TM19 VOZARRÓN |              - |TM21 LLANTO FALSO |             - |                - |TM24 DAÑO SECRETO |TM25 BOFETÓN LODO |TM26 SORPRESA |TM27 COLA VENENO |TM28 SILBATO |TM29 CHIRRIDO |TM30 DESQUITE |                - |                - |              - |TM34 HIDROCAÑÓN |TM35 REFUERZO |TM36 ELECTROCAÑÓN |TM37 RESPLANDOR |               - |               - |          - |             - |TM42 COME SUEÑOS |TM43 FISURA |TM44 ECO METÁLICO |TM45 LEGADO |         - |TM47 PEDRADA |TM48 MISMODESTINO |TM49 REFUGIO |               - |HM01 CORTE |HM02 VUELO |        - |          - |HM05 DESTELLO |              - |           - |         - |
126 Magmar        |TM01 ARMAD. ÁCIDA |TM02 IMPACTRUENO |               - |                - |               - |TM06 COLMILLO VEN |TM07 ABSORBER |           - |TM09 RENCOR |             - |TM11 CONVERSIÓN |              - |             - |TM14 BOTE |         - |              - |              - |TM18 PRESA |            - |              - |                - |TM22 RETROCESO |TM23 PANTALLAHUMO |TM24 DAÑO SECRETO |                - |            - |TM27 COLA VENENO |           - |            - |            - |TM31 PANTALLA LUZ |                - |              - |              - |TM35 REFUERZO |                - |TM37 RESPLANDOR |TM38 PATADA GIRO |               - |          - |             - |               - |TM43 FISURA |                - |          - |         - |           - |                - |TM49 REFUGIO |               - |HM01 CORTE |HM02 VUELO |HM03 SURF |HM04 FUERZA |HM05 DESTELLO |HM06 GOLPE ROCA |           - |HM08 BUCEO |
127 Pinsir        |                - |               - |               - |                - |TM05 V. CORTANTE |TM06 COLMILLO VEN |            - |           - |          - |             - |TM11 CONVERSIÓN |              - |             - |        - |TM15 DESEO |              - |TM17 CUCHILLADA |TM18 PRESA |TM19 VOZARRÓN |              - |                - |             - |                - |                - |TM25 BOFETÓN LODO |TM26 SORPRESA |               - |           - |            - |TM30 DESQUITE |TM31 PANTALLA LUZ |                - |TM33 TORBELLINO |              - |            - |TM36 ELECTROCAÑÓN |TM37 RESPLANDOR |TM38 PATADA GIRO |               - |          - |TM41 TINIEBLAS |               - |TM43 FISURA |                - |          - |         - |TM47 PEDRADA |                - |TM49 REFUGIO |               - |         - |         - |        - |          - |HM05 DESTELLO |              - |HM07 CASCADA |         - |
128 Tauros        |                - |TM02 IMPACTRUENO |TM03 GARRA METAL |                - |TM05 V. CORTANTE |                - |            - |TM08 ATADURA |TM09 RENCOR |             - |              - |TM12 LENGÜETAZO |             - |        - |TM15 DESEO |              - |              - |TM18 PRESA |TM19 VOZARRÓN |TM20 PUÑO HIELO |                - |             - |TM23 PANTALLAHUMO |                - |                - |            - |TM27 COLA VENENO |           - |            - |TM30 DESQUITE |TM31 PANTALLA LUZ |TM32 DOBLE EQUIPO |              - |TM34 HIDROCAÑÓN |            - |                - |              - |               - |TM39 GANCHO ALTO |          - |             - |               - |TM43 FISURA |TM44 ECO METÁLICO |TM45 LEGADO |TM46 AZOTE |TM47 PEDRADA |TM48 MISMODESTINO |TM49 REFUGIO |TM50 BUCLE ARENA |HM01 CORTE |HM02 VUELO |        - |          - |            - |              - |HM07 CASCADA |         - |
129 Magikarp      |                - |               - |TM03 GARRA METAL |                - |TM05 V. CORTANTE |TM06 COLMILLO VEN |            - |TM08 ATADURA |TM09 RENCOR |TM10 DETECCIÓN |              - |TM12 LENGÜETAZO |TM13 CONFUSIÓN |TM14 BOTE |         - |TM16 GUILLOTINA |TM17 CUCHILLADA |TM18 PRESA |            - |TM20 PUÑO HIELO |                - |TM22 RETROCESO |                - |                - |TM25 BOFETÓN LODO |TM26 SORPRESA |               - |           - |            - |            - |TM31 PANTALLA LUZ |                - |TM33 TORBELLINO |TM34 HIDROCAÑÓN |TM35 REFUERZO |TM36 ELECTROCAÑÓN |              - |               - |               - |TM40 RUGIDO |             - |TM42 COME SUEÑOS |          - |                - |TM45 LEGADO |         - |           - |                - |           - |               - |HM01 CORTE |HM02 VUELO |HM03 SURF |          - |            - |              - |           - |         - |
130 Gyarados      |                - |TM02 IMPACTRUENO |               - |                - |               - |TM06 COLMILLO VEN |            - |           - |TM09 RENCOR |TM10 DETECCIÓN |              - |TM12 LENGÜETAZO |TM13 CONFUSIÓN |TM14 BOTE |         - |TM16 GUILLOTINA |TM17 CUCHILLADA |         - |            - |TM20 PUÑO HIELO |                - |             - |                - |                - |                - |TM26 SORPRESA |TM27 COLA VENENO |           - |            - |            - |TM31 PANTALLA LUZ |                - |TM33 TORBELLINO |              - |            - |TM36 ELECTROCAÑÓN |TM37 RESPLANDOR |               - |TM39 GANCHO ALTO |TM40 RUGIDO |             - |               - |          - |TM44 ECO METÁLICO |          - |TM46 AZOTE |           - |                - |           - |TM50 BUCLE ARENA |HM01 CORTE |HM02 VUELO |        - |          - |HM05 DESTELLO |              - |HM07 CASCADA |         - |
131 Lapras        |                - |TM02 IMPACTRUENO |TM03 GARRA METAL |TM04 PUÑODINÁMICO |TM05 V. CORTANTE |                - |            - |           - |          - |             - |              - |              - |TM13 CONFUSIÓN |        - |         - |TM16 GUILLOTINA |TM17 CUCHILLADA |         - |TM19 VOZARRÓN |TM20 PUÑO HIELO |                - |TM22 RETROCESO |                - |TM24 DAÑO SECRETO |TM25 BOFETÓN LODO |TM26 SORPRESA |               - |TM28 SILBATO |TM29 CHIRRIDO |            - |TM31 PANTALLA LUZ |TM32 DOBLE EQUIPO |              - |TM34 HIDROCAÑÓN |TM35 REFUERZO |TM36 ELECTROCAÑÓN |TM37 RESPLANDOR |TM38 PATADA GIRO |               - |          - |TM41 TINIEBLAS |TM42 COME SUEÑOS |          - |                - |TM45 LEGADO |         - |           - |                - |           - |TM50 BUCLE ARENA |HM01 CORTE |HM02 VUELO |HM03 SURF |          - |            - |HM06 GOLPE ROCA |HM07 CASCADA |         - |
132 Ditto         |TM01 ARMAD. ÁCIDA |               - |TM03 GARRA METAL |TM04 PUÑODINÁMICO |TM05 V. CORTANTE |TM06 COLMILLO VEN |TM07 ABSORBER |           - |          - |             - |TM11 CONVERSIÓN |TM12 LENGÜETAZO |             - |        - |TM15 DESEO |              - |              - |         - |TM19 VOZARRÓN |TM20 PUÑO HIELO |TM21 LLANTO FALSO |             - |TM23 PANTALLAHUMO |                - |                - |            - |TM27 COLA VENENO |           - |            - |            - |TM31 PANTALLA LUZ |TM32 DOBLE EQUIPO |              - |              - |            - |TM36 ELECTROCAÑÓN |TM37 RESPLANDOR |TM38 PATADA GIRO |TM39 GANCHO ALTO |TM40 RUGIDO |             - |               - |TM43 FISURA |                - |TM45 LEGADO |         - |TM47 PEDRADA |                - |TM49 REFUGIO |TM50 BUCLE ARENA |HM01 CORTE |HM02 VUELO |HM03 SURF |          - |HM05 DESTELLO |              - |           - |HM08 BUCEO |
133 Eevee         |TM01 ARMAD. ÁCIDA |TM02 IMPACTRUENO |TM03 GARRA METAL |TM04 PUÑODINÁMICO |TM05 V. CORTANTE |                - |TM07 ABSORBER |           - |          - |TM10 DETECCIÓN |TM11 CONVERSIÓN |TM12 LENGÜETAZO |             - |        - |TM15 DESEO |TM16 GUILLOTINA |TM17 CUCHILLADA |         - |TM19 VOZARRÓN |              - |                - |TM22 RETROCESO |                - |TM24 DAÑO SECRETO |TM25 BOFETÓN LODO |TM26 SORPRESA |               - |           - |TM29 CHIRRIDO |            - |TM31 PANTALLA LUZ |TM32 DOBLE EQUIPO |TM33 TORBELLINO |              - |TM35 REFUERZO |                - |TM37 RESPLANDOR |               - |TM39 GANCHO ALTO |          - |             - |               - |          - |TM44 ECO METÁLICO |          - |TM46 AZOTE |TM47 PEDRADA |TM48 MISMODESTINO |TM49 REFUGIO |TM50 BUCLE ARENA |HM01 CORTE |         - |        - |          - |            - |              - |HM07 CASCADA |         - |
134 Vaporeon      |                - |TM02 IMPACTRUENO |TM03 GARRA METAL |TM04 PUÑODINÁMICO |               - |                - |            - |TM08 ATADURA |          - |             - |              - |TM12 LENGÜETAZO |TM13 CONFUSIÓN |        - |TM15 DESEO |              - |TM17 CUCHILLADA |TM18 PRESA |            - |TM20 PUÑO HIELO |                - |             - |                - |TM24 DAÑO SECRETO |TM25 BOFETÓN LODO |TM26 SORPRESA |TM27 COLA VENENO |           - |TM29 CHIRRIDO |            - |TM31 PANTALLA LUZ |TM32 DOBLE EQUIPO |              - |TM34 HIDROCAÑÓN |            - |                - |TM37 RESPLANDOR |TM38 PATADA GIRO |               - |          - |TM41 TINIEBLAS |               - |TM43 FISURA |TM44 ECO METÁLICO |          - |         - |TM47 PEDRADA |TM48 MISMODESTINO |           - |TM50 BUCLE ARENA |HM01 CORTE |         - |        - |          - |            - |HM06 GOLPE ROCA |           - |HM08 BUCEO |
135 Jolteon       |TM01 ARMAD. ÁCIDA |TM02 IMPACTRUENO |TM03 GARRA METAL |                - |TM05 V. CORTANTE |TM06 COLMILLO VEN |            - |TM08 ATADURA |TM09 RENCOR |             - |              - |              - |             - |TM14 BOTE |         - |TM16 GUILLOTINA |TM17 CUCHILLADA |         - |TM19 VOZARRÓN |              - |                - |             - |                - |                - |                - |            - |               - |TM28 SILBATO |TM29 CHIRRIDO |TM30 DESQUITE |                - |                - |              - |              - |TM35 REFUERZO |TM36 ELECTROCAÑÓN |              - |               - |TM39 GANCHO ALTO |TM40 RUGIDO |             - |TM42 COME SUEÑOS |TM43 FISURA |TM44 ECO METÁLICO |TM45 LEGADO |TM46 AZOTE |TM47 PEDRADA |                - |           - |               - |HM01 CORTE |         - |HM03 SURF |          - |HM05 DESTELLO |              - |           - |HM08 BUCEO |
136 Flareon       |TM01 ARMAD. ÁCIDA |TM02 IMPACTRUENO |TM03 GARRA METAL |                - |               - |TM06 COLMILLO VEN |TM07 ABSORBER |TM08 ATADURA |          - |             - |              - |TM12 LENGÜETAZO |TM13 CONFUSIÓN |TM14 BOTE |TM15 DESEO |TM16 GUILLOTINA |TM17 CUCHILLADA |         - |TM19 VOZARRÓN |              - |                - |             - |TM23 PANTALLAHUMO |TM24 DAÑO SECRETO |                - |TM26 SORPRESA |               - |TM28 SILBATO |TM29 CHIRRIDO |TM30 DESQUITE |                - |                - |TM33 TORBELLINO |TM34 HIDROCAÑÓN |TM35 REFUERZO |TM36 ELECTROCAÑÓN |TM37 RESPLANDOR |               - |               - |          - |TM41 TINIEBLAS |               - |TM43 FISURA |TM44 ECO METÁLICO |TM45 LEGADO |         - |TM47 PEDRADA |TM48 MISMODESTINO |TM49 REFUGIO |               - |HM01 CORTE |HM02 VUELO |HM03 SURF |HM04 FUERZA |HM05 DESTELLO |              - |HM07 CASCADA |HM08 BUCEO |
137 Porygon       |TM01 ARMAD. ÁCIDA |               - |TM03 GARRA METAL |TM04 PUÑODINÁMICO |TM05 V. CORTANTE |TM06 COLMILLO VEN |            - |TM08 ATADURA |          - |TM10 DETECCIÓN |              - |              - |             - |TM14 BOTE |         - |TM16 GUILLOTINA |TM17 CUCHILLADA |         - |            - |              - |TM21 LLANTO FALSO |TM22 RETROCESO |TM23 PANTALLAHUMO |                - |TM25 BOFETÓN LODO |            - |TM27 COLA VENENO |TM28 SILBATO |TM29 CHIRRIDO |            - |TM31 PANTALLA LUZ |TM32 DOBLE EQUIPO |TM33 TORBELLINO |              - |TM35 REFUERZO |                - |              - |TM38 PATADA GIRO |TM39 GANCHO ALTO |TM40 RUGIDO |             - |TM42 COME SUEÑOS |          - |TM44 ECO METÁLICO |TM45 LEGADO |         - |TM47 PEDRADA |TM48 MISMODESTINO |           - |TM50 BUCLE ARENA |HM01 CORTE |HM02 VUELO |HM03 SURF |          - |HM05 DESTELLO |              - |HM07 CASCADA |HM08 BUCEO |
138 Omanyte       |                - |TM02 IMPACTRUENO |TM03 GARRA METAL |                - |TM05 V. CORTANTE |TM06 COLMILLO VEN |            - |TM08 ATADURA |TM09 RENCOR |             - |              - |TM12 LENGÜETAZO |             - |        - |TM15 DESEO |              - |TM17 CUCHILLADA |         - |TM19 VOZARRÓN |TM20 PUÑO HIELO |                - |             - |TM23 PANTALLAHUMO |TM24 DAÑO SECRETO |TM25 BOFETÓN LODO |TM26 SORPRESA |TM27 COLA VENENO |TM28 SILBATO |            - |TM30 DESQUITE |TM31 PANTALLA LUZ |                - |              - |TM34 HIDROCAÑÓN |TM35 REFUERZO |                - |TM37 RESPLANDOR |               - |               - |TM40 RUGIDO |             - |TM42 COME SUEÑOS |TM43 FISURA |                - |TM45 LEGADO |TM46 AZOTE |TM47 PEDRADA |                - |TM49 REFUGIO |TM50 BUCLE ARENA |HM01 CORTE |HM02 VUELO |        - |          - |HM05 DESTELLO |HM06 GOLPE ROCA |           - |         - |
139 Omastar       |                - |TM02 IMPACTRUENO |TM03 GARRA METAL |                - |               - |                - |            - |           - |          - |TM10 DETECCIÓN |TM11 CONVERSIÓN |              - |             - |        - |TM15 DESEO |TM16 GUILLOTINA |TM17 CUCHILLADA |TM18 PRESA |TM19 VOZARRÓN |TM20 PUÑO HIELO |                - |TM22 RETROCESO |                - |TM24 DAÑO SECRETO |                - |            - |TM27 COLA VENENO |TM28 SILBATO |            - |TM30 DESQUITE |                - |                - |              - |TM34 HIDROCAÑÓN |            - |                - |              - |TM38 PATADA GIRO |               - |          - |             - |               - |TM43 FISURA |                - |          - |         - |           - |                - |           - |TM50 BUCLE ARENA |HM01 CORTE |HM02 VUELO |        - |HM04 FUERZA |HM05 DESTELLO |HM06 GOLPE ROCA |HM07 CASCADA |HM08 BUCEO |
140 Kabuto        |                - |               - |TM03 GARRA METAL |                - |TM05 V. CORTANTE |                - |            - |TM08 ATADURA |TM09 RENCOR |TM10 DETECCIÓN |              - |TM12 LENGÜETAZO |             - |        - |TM15 DESEO |TM16 GUILLOTINA |              - |         - |TM19 VOZARRÓN |              - |TM21 LLANTO FALSO |TM22 RETROCESO |                - |TM24 DAÑO SECRETO |                - |TM26 SORPRESA |TM27 COLA VENENO |           - |TM29 CHIRRIDO |TM30 DESQUITE |TM31 PANTALLA LUZ |TM32 DOBLE EQUIPO |              - |TM34 HIDROCAÑÓN |TM35 REFUERZO |TM36 ELECTROCAÑÓN |              - |               - |               - |TM40 RUGIDO |TM41 TINIEBLAS |               - |          - |TM44 ECO METÁLICO |          - |         - |           - |TM48 MISMODESTINO |           - |               - |         - |         - |HM03 SURF |          - |            - |              - |           - |HM08 BUCEO |
141 Kabutops      |                - |TM02 IMPACTRUENO |               - |TM04 PUÑODINÁMICO |               - |                - |TM07 ABSORBER |TM08 ATADURA |          - |             - |              - |TM12 LENGÜETAZO |             - |TM14 BOTE |TM15 DESEO |TM16 GUILLOTINA |              - |TM18 PRESA |TM19 VOZARRÓN |TM20 PUÑO HIELO |                - |             - |TM23 PANTALLAHUMO |                - |                - |            - |               - |           - |            - |TM30 DESQUITE |TM31 PANTALLA LUZ |TM32 DOBLE EQUIPO |              - |              - |TM35 REFUERZO |                - |TM37 RESPLANDOR |TM38 PATADA GIRO |TM39 GANCHO ALTO |TM40 RUGIDO |             - |               - |TM43 FISURA |TM44 ECO METÁLICO |TM45 LEGADO |TM46 AZOTE |TM47 PEDRADA |                - |TM49 REFUGIO |               - |HM01 CORTE |HM02 VUELO |HM03 SURF |          - |HM05 DESTELLO |HM06 GOLPE ROCA |           - |         - |
142 Aerodactyl    |                - |TM02 IMPACTRUENO |TM03 GARRA METAL |TM04 PUÑODINÁMICO |               - |TM06 COLMILLO VEN |TM07 ABSORBER |TM08 ATADURA |TM09 RENCOR |             - |              - |              - |             - |TM14 BOTE |         - |              - |              - |TM18 PRESA |            - |              - |                - |             - |                - |                - |TM25 BOFETÓN LODO |TM26 SORPRESA |TM27 COLA VENENO |TM28 SILBATO |            - |            - |                - |TM32 DOBLE EQUIPO |TM33 TORBELLINO |              - |            - |                - |              - |TM38 PATADA GIRO |               - |          - |             - |               - |          - |TM44 ECO METÁLICO |TM45 LEGADO |         - |TM47 PEDRADA |                - |TM49 REFUGIO |TM50 BUCLE ARENA |HM01 CORTE |HM02 VUELO |HM03 SURF |HM04 FUERZA |            - |HM06 GOLPE ROCA |           - |HM08 BUCEO |
143 Snorlax       |TM01 ARMAD. ÁCIDA |TM02 IMPACTRUENO |               - |TM04 PUÑODINÁMICO |               - |TM06 COLMILLO VEN |TM07 ABSORBER |           - |TM09 RENCOR |TM10 DETECCIÓN |              - |TM12 LENGÜETAZO |TM13 CONFUSIÓN |TM14 BOTE |         - |TM16 GUILLOTINA |              - |TM18 PRESA |TM19 VOZARRÓN |TM20 PUÑO HIELO |                - |TM22 RETROCESO |                - |TM24 DAÑO SECRETO |                - |            - |               - |           - |TM29 CHIRRIDO |TM30 DESQUITE |                - |TM32 DOBLE EQUIPO |TM33 TORBELLINO |              - |            - |                - |              - |               - |               - |TM40 RUGIDO |TM41 TINIEBLAS |               - |TM43 FISURA |TM44 ECO METÁLICO |TM45 LEGADO |TM46 AZOTE |           - |TM48 MISMODESTINO |TM49 REFUGIO |TM50 BUCLE ARENA |HM01 CORTE |HM02 VUELO |        - |HM04 FUERZA |            - |HM06 GOLPE ROCA |           - |         - |
144 Articuno      |                - |               - |               - |TM04 PUÑODINÁMICO |TM05 V. CORTANTE |                - |            - |           - |          - |             - |              - |              - |             - |        - |TM15 DESEO |              - |              - |         - |            - |TM20 PUÑO HIELO |                - |             - |TM23 PANTALLAHUMO |TM24 DAÑO SECRETO |                - |TM26 SORPRESA |TM27 COLA VENENO |TM28 SILBATO |            - |TM30 DESQUITE |TM31 PANTALLA LUZ |                - |TM33 TORBELLINO |              - |            - |TM36 ELECTROCAÑÓN |              - |TM38 PATADA GIRO |               - |          - |             - |               - |TM43 FISURA |                - |TM45 LEGADO |TM46 AZOTE |TM47 PEDRADA |TM48 MISMODESTINO |           - |TM50 BUCLE ARENA |HM01 CORTE |         - |        - |HM04 FUERZA |            - |              - |           - |HM08 BUCEO |
145 Zapdos        |TM01 ARMAD. ÁCIDA |TM02 IMPACTRUENO |TM03 GARRA METAL |TM04 PUÑODINÁMICO |               - |TM06 COLMILLO VEN |            - |           - |          - |             - |              - |              - |TM13 CONFUSIÓN |        - |         - |TM16 GUILLOTINA |TM17 CUCHILLADA |TM18 PRESA |TM19 VOZARRÓN |              - |TM21 LLANTO FALSO |TM22 RETROCESO |                - |                - |                - |            - |               - |           - |TM29 CHIRRIDO |            - |                - |                - |TM33 TORBELLINO |              - |TM35 REFUERZO |                - |TM37 RESPLANDOR |               - |TM39 GANCHO ALTO |TM40 RUGIDO |             - |               - |TM43 FISURA |                - |TM45 LEGADO |TM46 AZOTE |           - |TM48 MISMODESTINO |TM49 REFUGIO |               - |HM01 CORTE |HM02 VUELO |HM03 SURF |          - |HM05 DESTELLO |              - |HM07 CASCADA |HM08 BUCEO |
146 Moltres       |                - |               - |TM03 GARRA METAL |                - |TM05 V. CORTANTE |TM06 COLMILLO VEN |TM07 ABSORBER |TM08 ATADURA |TM09 RENCOR |             - |TM11 CONVERSIÓN |TM12 LENGÜETAZO |TM13 CONFUSIÓN |TM14 BOTE |TM15 DESEO |TM16 GUILLOTINA |              - |         - |TM19 VOZARRÓN |TM20 PUÑO HIELO |TM21 LLANTO FALSO |TM22 RETROCESO |                - |TM24 DAÑO SECRETO |                - |            - |TM27 COLA VENENO |           - |TM29 CHIRRIDO |TM30 DESQUITE |TM31 PANTALLA LUZ |                - |TM33 TORBELLINO |              - |            - |TM36 ELECTROCAÑÓN |              - |TM38 PATADA GIRO |TM39 GANCHO ALTO |TM40 RUGIDO |             - |               - |TM43 FISURA |TM44 ECO METÁLICO |TM45 LEGADO |TM46 AZOTE |TM47 PEDRADA |TM48 MISMODESTINO |TM49 REFUGIO |               - |HM01 CORTE |         - |        - |HM04 FUERZA |HM05 DESTELLO |HM06 GOLPE ROCA |HM07 CASCADA |HM08 BUCEO |
147 Dratini       |TM01 ARMAD. ÁCIDA |               - |               - |TM04 PUÑODINÁMICO |TM05 V. CORTANTE |TM06 COLMILLO VEN |TM07 ABSORBER |TM08 ATADURA |TM09 RENCOR |             - |TM11 CONVERSIÓN |              - |             - |TM14 BOTE |         - |              - |TM17 CUCHILLADA |         - |TM19 VOZARRÓN |              - |TM21 LLANTO FALSO |TM22 RETROCESO |                - |TM24 DAÑO SECRETO |                - |            - |               - |           - |TM29 CHIRRIDO |TM30 DESQUITE |                - |TM32 DOBLE EQUIPO |TM33 TORBELLINO |              - |TM35 REFUERZO |                - |TM37 RESPLANDOR |               - |               - |          - |             - |TM42 COME SUEÑOS |          - |TM44 ECO METÁLICO |          - |TM46 AZOTE |TM47 PEDRADA |TM48 MISMODESTINO |           - |               - |HM01 CORTE |HM02 VUELO |HM03 SURF |          - |            - |              - |           - |         - |
148 Dragonair     |TM01 ARMAD. ÁCIDA |               - |TM03 GARRA METAL |                - |               - |                - |            - |           - |          - |             - |              - |              - |TM13 CONFUSIÓN |TM14 BOTE |TM15 DESEO |              - |              - |TM18 PRESA |TM19 VOZARRÓN |TM20 PUÑO HIELO |TM21 LLANTO FALSO |             - |                - |                - |                - |TM26 SORPRESA |TM27 COLA VENENO |           - |            - |TM30 DESQUITE |TM31 PANTALLA LUZ |                - |TM33 TORBELLINO |TM34 HIDROCAÑÓN |            - |TM36 ELECTROCAÑÓN |TM37 RESPLANDOR |               - |               - |          - |             - |TM42 COME SUEÑOS |TM43 FISURA |                - |          - |TM46 AZOTE |TM47 PEDRADA |                - |TM49 REFUGIO |               - |HM01 CORTE |HM02 VUELO |HM03 SURF |HM04 FUERZA |            - |HM06 GOLPE ROCA |HM07 CASCADA |HM08 BUCEO |
149 Dragonite     |TM01 ARMAD. ÁCIDA |TM02 IMPACTRUENO |TM03 GARRA METAL |TM04 PUÑODINÁMICO |               - |                - |TM07 ABSORBER |           - |TM09 RENCOR |TM10 DETECCIÓN |              - |              - |             - |        - |TM15 DESEO |TM16 GUILLOTINA |              - |         - |            - |              - |                - |TM22 RETROCESO |TM23 PANTALLAHUMO |TM24 DAÑO SECRETO |TM25 BOFETÓN LODO |TM26 SORPRESA |TM27 COLA VENENO |TM28 SILBATO |TM29 CHIRRIDO |            - |TM31 PANTALLA LUZ |TM32 DOBLE EQUIPO |TM33 TORBELLINO |TM34 HIDROCAÑÓN |            - |TM36 ELECTROCAÑÓN |TM37 RESPLANDOR |               - |               - |          - |TM41 TINIEBLAS |               - |          - |                - |TM45 LEGADO |TM46 AZOTE |TM47 PEDRADA |TM48 MISMODESTINO |TM49 REFUGIO |TM50 BUCLE ARENA |HM01 CORTE |         - |HM03 SURF |HM04 FUERZA |HM05 DESTELLO |HM06 GOLPE ROCA |HM07 CASCADA |HM08 BUCEO |
150 Mewtwo        |TM01 ARMAD. ÁCIDA |TM02 IMPACTRUENO |               - |                - |               - |                - |TM07 ABSORBER |TM08 ATADURA |TM09 RENCOR |TM10 DETECCIÓN |TM11 CONVERSIÓN |TM12 LENGÜETAZO |TM13 CONFUSIÓN |        - |         - |TM16 GUILLOTINA |TM17 CUCHILLADA |TM18 PRESA |TM19 VOZARRÓN |              - |                - |             - |                - |TM24 DAÑO SECRETO |TM25 BOFETÓN LODO |            - |               - |           - |TM29 CHIRRIDO |TM30 DESQUITE |                - |                - |              - |              - |            - |TM36 ELECTROCAÑÓN |              - |TM38 PATADA GIRO |               - |TM40 RUGIDO |             - |               - |          - |TM44 ECO METÁLICO |          - |         - |           - |                - |           - |               - |         - |HM02 VUELO |HM03 SURF |HM04 FUERZA |HM05 DESTELLO |              - |           - |HM08 BUCEO |
151 Mew           |TM01 ARMAD. ÁCIDA |TM02 IMPACTRUENO |               - |TM04 PUÑODINÁMICO |TM05 V. CORTANTE |TM06 COLMILLO VEN |            - |           - |          - |             - |              - |TM12 LENGÜETAZO |TM13 CONFUSIÓN |        - |TM15 DESEO |              - |TM17 CUCHILLADA |TM18 PRESA |            - |              - |TM21 LLANTO FALSO |             - |TM23 PANTALLAHUMO |                - |                - |TM26 SORPRESA |TM27 COLA VENENO |           - |            - |TM30 DESQUITE |                - |TM32 DOBLE EQUIPO |TM33 TORBELLINO |TM34 HIDROCAÑÓN |TM35 REFUERZO |                - |TM37 RESPLANDOR |TM38 PATADA GIRO |               - |TM40 RUGIDO |TM41 TINIEBLAS |               - |TM43 FISURA |TM44 ECO METÁLICO |TM45 LEGADO |         - |           - |                - |TM49 REFUGIO |               - |HM01 CORTE |HM02 VUELO |        - |          - |            - |              - |HM07 CASCADA |HM08 BUCEO |
152 Chikorita     |TM01 ARMAD. ÁCIDA |               - |               - |                - |               - |TM06 COLMILLO VEN |TM07 ABSORBER |           - |TM09 RENCOR |             - |TM11 CONVERSIÓN |TM12 LENGÜETAZO |             - |        - |         - |              - |              - |         - |            - |TM20 PUÑO HIELO |                - |TM22 RETROCESO |TM23 PANTALLAHUMO |TM24 DAÑO SECRETO |TM25 BOFETÓN LODO |TM26 SORPRESA |               - |TM28 SILBATO |TM29 CHIRRIDO |            - |TM31 PANTALLA LUZ |                - |              - |              - |            - |                - |              - |               - |TM39 GANCHO ALTO |TM40 RUGIDO |             - |               - |          - |                - |TM45 LEGADO |         - |TM47 PEDRADA |TM48 MISMODESTINO |           - |               - |HM01 CORTE |HM02 VUELO |        - |HM04 FUERZA |            - |              - |HM07 CASCADA |         - |
153 Bayleef       |TM01 ARMAD. ÁCIDA |               - |TM03 GARRA METAL |TM04 PUÑODINÁMICO |               - |                - |            - |           - |TM09 RENCOR |TM10 DETECCIÓN |              - |TM12 LENGÜETAZO |TM13 CONFUSIÓN |TM14 BOTE |         - |              - |TM17 CUCHILLADA |TM18 PRESA |TM19 VOZARRÓN |TM20 PUÑO HIELO |                - |TM22 RETROCESO |                - |TM24 DAÑO SECRETO |TM25 BOFETÓN LODO |TM26 SORPRESA |               - |TM28 SILBATO |TM29 CHIRRIDO |            - |TM31 PANTALLA LUZ |TM32 DOBLE EQUIPO |TM33 TORBELLINO |TM34 HIDROCAÑÓN |TM35 REFUERZO |                - |TM37 RESPLANDOR |TM38 PATADA GIRO |               - |TM40 RUGIDO |TM41 TINIEBLAS |TM42 COME SUEÑOS |          - |                - |          - |         - |           - |                - |TM49 REFUGIO |TM50 BUCLE ARENA |HM01 CORTE |HM02 VUELO |HM03 SURF |          - |            - |HM06 GOLPE ROCA |HM07 CASCADA |HM08 BUCEO |
154 Meganium      |TM01 ARMAD. ÁCIDA |               - |TM03 GARRA METAL |TM04 PUÑODINÁMICO |TM05 V. CORTANTE |                - |TM07 ABSORBER |           - |TM09 RENCOR |             - |TM11 CONVERSIÓN |TM12 LENGÜETAZO |TM13 CONFUSIÓN |TM14 BOTE |         - |TM16 GUILLOTINA |TM17 CUCHILLADA |         - |            - |TM20 PUÑO HIELO |TM21 LLANTO FALSO |             - |TM23 PANTALLAHUMO |TM24 DAÑO SECRETO |TM25 BOFETÓN LODO |TM26 SORPRESA |               - |           - |            - |TM30 DESQUITE |TM31 PANTALLA LUZ |                - |              - |TM34 HIDROCAÑÓN |TM35 REFUERZO |TM36 ELECTROCAÑÓN |              - |TM38 PATADA GIRO |TM39 GANCHO ALTO |TM40 RUGIDO |TM41 TINIEBLAS |TM42 COME SUEÑOS |          - |TM44 ECO METÁLICO |TM45 LEGADO |TM46 AZOTE |           - |                - |TM49 REFUGIO |TM50 BUCLE ARENA |HM01 CORTE |         - |        - |          - |            - |              - |           - |         - |
155 Cyndaquil     |TM01 ARMAD. ÁCIDA |TM02 IMPACTRUENO |TM03 GARRA METAL |                - |               - |                - |            - |           - |TM09 RENCOR |             - |TM11 CONVERSIÓN |TM12 LENGÜETAZO |             - |TM14 BOTE |         - |              - |TM17 CUCHILLADA |         - |TM19 VOZARRÓN |              - |TM21 LLANTO FALSO |TM22 RETROCESO |TM23 PANTALLAHUMO |                - |                - |TM26 SORPRESA |               - |TM28 SILBATO |            - |            - |                - |TM32 DOBLE EQUIPO |              - |              - |            - |TM36 ELECTROCAÑÓN |TM37 RESPLANDOR |TM38 PATADA GIRO |TM39 GANCHO ALTO |TM40 RUGIDO |             - |TM42 COME SUEÑOS |          - |                - |TM45 LEGADO |TM46 AZOTE |TM47 PEDRADA |                - |           - |               - |HM01 CORTE |         - |HM03 SURF |HM04 FUERZA |            - |HM06 GOLPE ROCA |HM07 CASCADA |HM08 BUCEO |
156 Quilava       |                - |TM02 IMPACTRUENO |TM03 GARRA METAL |                - |               - |                - |TM07 ABSORBER |TM08 ATADURA |TM09 RENCOR |TM10 DETECCIÓN |              - |              - |             - |        - |TM15 DESEO |TM16 GUILLOTINA |TM17 CUCHILLADA |TM18 PRESA |            - |              - |                - |             - |                - |TM24 DAÑO SECRETO |TM25 BOFETÓN LODO |            - |TM27 COLA VENENO |           - |TM29 CHIRRIDO |TM30 DESQUITE |TM31 PANTALLA LUZ |TM32 DOBLE EQUIPO |              - |TM34 HIDROCAÑÓN |TM35 REFUERZO |TM36 ELECTROCAÑÓN |              - |               - |TM39 GANCHO ALTO |          - |             - |               - |          - |TM44 ECO METÁLICO |          - |         - |TM47 PEDRADA |                - |TM49 REFUGIO |               - |         - |HM02 VUELO |HM03 SURF |          - |            - |              - |HM07 CASCADA |HM08 BUCEO |
157 Typhlosion    |                - |TM02 IMPACTRUENO |               - |                - |TM05 V. CORTANTE |TM06 COLMILLO VEN |TM07 ABSORBER |TM08 ATADURA |TM09 RENCOR |             - |              - |TM12 LENGÜETAZO |             - |        - |         - |              - |TM17 CUCHILLADA |         - |            - |TM20 PUÑO HIELO |                - |             - |                - |                - |                - |            - |TM27 COLA VENENO |           - |            - |            - |                - |TM32 DOBLE EQUIPO |              - |TM34 HIDROCAÑÓN |            - |                - |              - |               - |TM39 GANCHO ALTO |          - |             - |TM42 COME SUEÑOS |          - |                - |TM45 LEGADO |TM46 AZOTE |           - |                - |TM49 REFUGIO |TM50 BUCLE ARENA |HM01 CORTE |HM02 VUELO |HM03 SURF |          - |HM05 DESTELLO |              - |           - |HM08 BUCEO |
158 Totodile      |                - |TM02 IMPACTRUENO |TM03 GARRA METAL |TM04 PUÑODINÁMICO |TM05 V. CORTANTE |                - |            - |TM08 ATADURA |TM09 RENCOR |TM10 DETECCIÓN |TM11 CONVERSIÓN |              - |TM13 CONFUSIÓN |        - |         - |TM16 GUILLOTINA |TM17 CUCHILLADA |TM18 PRESA |TM19 VOZARRÓN |TM20 PUÑO HIELO |TM21 LLANTO FALSO |TM22 RETROCESO |                - |TM24 DAÑO SECRETO |                - |            - |TM27 COLA VENENO |TM28 SILBATO |TM29 CHIRRIDO |            - |TM31 PANTALLA LUZ |                - |              - |TM34 HIDROCAÑÓN |TM35 REFUERZO |                - |TM37 RESPLANDOR |               - |TM39 GANCHO ALTO |TM40 RUGIDO |             - |TM42 COME SUEÑOS |          - |TM44 ECO METÁLICO |TM45 LEGADO |         - |TM47 PEDRADA |                - |           - |               - |         - |HM02 VUELO |HM03 SURF |          - |            - |              - |HM07 CASCADA |         - |
159 Croconaw      |                - |TM02 IMPACTRUENO |TM03 GARRA METAL |TM04 PUÑODINÁMICO |               - |TM06 COLMILLO VEN |            - |           - |TM09 RENCOR |TM10 DETECCIÓN |              - |TM12 LENGÜETAZO |TM13 CONFUSIÓN |TM14 BOTE |         - |TM16 GUILLOTINA |TM17 CUCHILLADA |TM18 PRESA |TM19 VOZARRÓN |              - |                - |             - |                - |TM24 DAÑO SECRETO |TM25 BOFETÓN LODO |TM26 SORPRESA |               - |           - |            - |            - |TM31 PANTALLA LUZ |TM32 DOBLE EQUIPO |TM33 TORBELLINO |              - |            - |TM36 ELECTROCAÑÓN |TM37 RESPLANDOR |TM38 PATADA GIRO |TM39 GANCHO ALTO |          - |             - |TM42 COME SUEÑOS |TM43 FISURA |TM44 ECO METÁLICO |          - |TM46 AZOTE |TM47 PEDRADA |TM48 MISMODESTINO |           - |               - |HM01 CORTE |HM02 VUELO |        - |HM04 FUERZA |HM05 DESTELLO |              - |HM07 CASCADA |HM08 BUCEO |
160 Feraligatr    |TM01 ARMAD. ÁCIDA |               - |TM03 GARRA METAL |TM04 PUÑODINÁMICO |               - |TM06 COLMILLO VEN |            - |TM08 ATADURA |          - |             - |TM11 CONVERSIÓN |TM12 LENGÜETAZO |TM13 CONFUSIÓN |        - |TM15 DESEO |              - |TM17 CUCHILLADA |         - |            - |              - |                - |TM22 RETROCESO |                - |TM24 DAÑO SECRETO |TM25 BOFETÓN LODO |            - |TM27 COLA VENENO |TM28 SILBATO |TM29 CHIRRIDO |TM30 DESQUITE |TM31 PANTALLA LUZ |TM32 DOBLE EQUIPO |              - |TM34 HIDROCAÑÓN |TM35 REFUERZO |TM36 ELECTROCAÑÓN |              - |               - |               - |TM40 RUGIDO |             - |               - |          - |                - |          - |         - |           - |TM48 MISMODESTINO |TM49 REFUGIO |               - |HM01 CORTE |HM02 VUELO |HM03 SURF |HM04 FUERZA |HM05 DESTELLO |              - |           - |HM08 BUCEO |
161 Sentret       |TM01 ARMAD. ÁCIDA |TM02 IMPACTRUENO |TM03 GARRA METAL |TM04 PUÑODINÁMICO |TM05 V. CORTANTE |TM06 COLMILLO VEN |            - |           - |TM09 RENCOR |TM10 DETECCIÓN |              - |TM12 LENGÜETAZO |TM13 CONFUSIÓN |TM14 BOTE |         - |              - |              - |TM18 PRESA |TM19 VOZARRÓN |              - |TM21 LLANTO FALSO |             - |TM23 PANTALLAHUMO |                - |                - |            - |TM27 COLA VENENO |TM28 SILBATO |TM29 CHIRRIDO |TM30 DESQUITE |TM31 PANTALLA LUZ |                - |TM33 TORBELLINO |              - |TM35 REFUERZO |                - |              - |TM38 PATADA GIRO |TM39 GANCHO ALTO |TM40 RUGIDO |             - |               - |          - |TM44 ECO METÁLICO |TM45 LEGADO |TM46 AZOTE |           - |TM48 MISMODESTINO |TM49 REFUGIO |TM50 BUCLE ARENA |HM01 CORTE |HM02 VUELO |        - |          - |HM05 DESTELLO |HM06 GOLPE ROCA |HM07 CASCADA |         - |
162 Furret        |                - |TM02 IMPACTRUENO |               - |TM04 PUÑODINÁMICO |               - |                - |TM07 ABSORBER |TM08 ATADURA |TM09 RENCOR |TM10 DETECCIÓN |TM11 CONVERSIÓN |              - |             - |        - |         - |TM16 GUILLOTINA |              - |TM18 PRESA |            - |              - |                - |TM22 RETROCESO |                - |                - |                - |TM26 SORPRESA |TM27 COLA VENENO |           - |TM29 CHIRRIDO |TM30 DESQUITE |TM31 PANTALLA LUZ |                - |              - |TM34 HIDROCAÑÓN |TM35 REFUERZO |                - |              - |               - |TM39 GANCHO ALTO |          - |TM41 TINIEBLAS |               - |          - |TM44 ECO METÁLICO |TM45 LEGADO |         - |           - |                - |TM49 REFUGIO |TM50 BUCLE ARENA |         - |         - |        - |          - |            - |HM06 GOLPE ROCA |HM07 CASCADA |HM08 BUCEO |
163 Hoothoot      |                - |               - |               - |                - |TM05 V. CORTANTE |TM06 COLMILLO VEN |            - |TM08 ATADURA |TM09 RENCOR |TM10 DETECCIÓN |              - |              - |TM13 CONFUSIÓN |TM14 BOTE |         - |TM16 GUILLOTINA |TM17 CUCHILLADA |         - |            - |TM20 PUÑO HIELO |                - |TM22 RETROCESO |TM23 PANTALLAHUMO |TM24 DAÑO SECRETO |                - |            - |TM27 COLA VENENO |           - |TM29 CHIRRIDO |            - |TM31 PANTALLA LUZ |TM32 DOBLE EQUIPO |TM33 TORBELLINO |              - |            - |                - |TM37 RESPLANDOR |TM38 PATADA GIRO |TM39 GANCHO ALTO |TM40 RUGIDO |             - |TM42 COME SUEÑOS |          - |                - |TM45 LEGADO |         - |           - |                - |           - |TM50 BUCLE ARENA |         - |         - |        - |          - |HM05 DESTELLO |HM06 GOLPE ROCA |HM07 CASCADA |         - |
164 Noctowl       |                - |TM02 IMPACTRUENO |TM03 GARRA METAL |                - |               - |                - |            - |TM08 ATADURA |          - |TM10 DETECCIÓN |              - |TM12 LENGÜETAZO |             - |        - |TM15 DESEO |TM16 GUILLOTINA |TM17 CUCHILLADA |TM18 PRESA |            - |              - |                - |             - |                - |TM24 DAÑO SECRETO |                - |            - |TM27 COLA VENENO |TM28 SILBATO |TM29 CHIRRIDO |TM30 DESQUITE |TM31 PANTALLA LUZ |TM32 DOBLE EQUIPO |TM33 TORBELLINO |              - |            - |                - |              - |TM38 PATADA GIRO |TM39 GANCHO ALTO |          - |             - |TM42 COME SUEÑOS |          - |TM44 ECO METÁLICO |          - |TM46 AZOTE |           - |                - |           - |TM50 BUCLE ARENA |HM01 CORTE |HM02 VUELO |HM03 SURF |          - |            - |HM06 GOLPE ROCA |           - |HM08 BUCEO |
165 Ledyba        |TM01 ARMAD. ÁCIDA |TM02 IMPACTRUENO |               - |TM04 PUÑODINÁMICO |TM05 V. CORTANTE |TM06 COLMILLO VEN |TM07 ABSORBER |           - |          - |             - |              - |TM12 LENGÜETAZO |             - |TM14 BOTE |         - |              - |              - |         - |TM19 VOZARRÓN |              - |TM21 LLANTO FALSO |             - |TM23 PANTALLAHUMO |TM24 DAÑO SECRETO |TM25 BOFETÓN LODO |            - |TM27 COLA VENENO |           - |TM29 CHIRRIDO |TM30 DESQUITE |TM31 PANTALLA LUZ |TM32 DOBLE EQUIPO |              - |              - |            - |                - |              - |               - |               - |TM40 RUGIDO |             - |               - |          - |TM44 ECO METÁLICO |          - |TM46 AZOTE |           - |                - |           - |TM50 BUCLE ARENA |HM01 CORTE |         - |        - |          - |HM05 DESTELLO |HM06 GOLPE ROCA |HM07 CASCADA |HM08 BUCEO |
166 Ledian        |                - |TM02 IMPACTRUENO |TM03 GARRA METAL |                - |               - |                - |TM07 ABSORBER |           - |          - |             - |TM11 CONVERSIÓN |              - |             - |TM14 BOTE |         - |TM16 GUILLOTINA |              - |         - |            - |              - |TM21 LLANTO FALSO |TM22 RETROCESO |                - |TM24 DAÑO SECRETO |TM25 BOFETÓN LODO |            - |TM27 COLA VENENO |TM28 SILBATO |            - |            - |                - |                - |              - |TM34 HIDROCAÑÓN |            - |                - |              - |TM38 PATADA GIRO |TM39 GANCHO ALTO |TM40 RUGIDO |TM41 TINIEBLAS |               - |TM43 FISURA |                - |TM45 LEGADO |TM46 AZOTE |TM47 PEDRADA |                - |TM49 REFUGIO |               - |HM01 CORTE |         - |HM03 SURF |HM04 FUERZA |HM05 DESTELLO |              - |HM07 CASCADA |HM08 BUCEO |
167 Spinarak      |                - |TM02 IMPACTRUENO |               - |TM04 PUÑODINÁMICO |TM05 V. CORTANTE |                - |TM07 ABSORBER |TM08 ATADURA |TM09 RENCOR |TM10 DETECCIÓN |              - |              - |TM13 CONFUSIÓN |TM14 BOTE |TM15 DESEO |              - |              - |         - |            - |TM20 PUÑO HIELO |TM21 LLANTO FALSO |TM22 RETROCESO |TM23 PANTALLAHUMO |TM24 DAÑO SECRETO |TM25 BOFETÓN LODO |            - |               - |           - |            - |TM30 DESQUITE |                - |                - |TM33 TORBELLINO |TM34 HIDROCAÑÓN |            - |TM36 ELECTROCAÑÓN |              - |TM38 PATADA GIRO |               - |TM40 RUGIDO |TM41 TINIEBLAS |               - |TM43 FISURA |                - |TM45 LEGADO |         - |TM47 PEDRADA |TM48 MISMODESTINO |           - |TM50 BUCLE ARENA |HM01 CORTE |HM02 VUELO |        - |          - |HM05 DESTELLO |HM06 GOLPE ROCA |           - |         - |
168 Ariados       |                - |TM02 IMPACTRUENO |               - |TM04 PUÑODINÁMICO |TM05 V. CORTANTE |                - |TM07 ABSORBER |           - |TM09 RENCOR |             - |              - |TM12 LENGÜETAZO |TM13 CONFUSIÓN |TM14 BOTE |         - |              - |TM17 CUCHILLADA |         - |            - |              - |TM21 LLANTO FALSO |TM22 RETROCESO |TM23 PANTALLAHUMO |                - |TM25 BOFETÓN LODO |TM26 SORPRESA |               - |           - |            - |            - |                - |TM32 DOBLE EQUIPO |TM33 TORBELLINO |              - |            - |TM36 ELECTROCAÑÓN |TM37 RESPLANDOR |TM38 PATADA GIRO |               - |          - |             - |               - |TM43 FISURA |TM44 ECO METÁLICO |TM45 LEGADO |         - |TM47 PEDRADA |TM48 MISMODESTINO |           - |               - |HM01 CORTE |         - |HM03 SURF |HM04 FUERZA |HM05 DESTELLO |HM06 GOLPE ROCA |HM07 CASCADA |HM08 BUCEO |
169 Crobat        |TM01 ARMAD. ÁCIDA |               - |TM03 GARRA METAL |                - |               - |                - |            - |           - |TM09 RENCOR |             - |              - |TM12 LENGÜETAZO |TM13 CONFUSIÓN |        - |         - |              - |              - |         - |TM19 VOZARRÓN |TM20 PUÑO HIELO |                - |             - |TM23 PANTALLAHUMO |TM24 DAÑO SECRETO |TM25 BOFETÓN LODO |            - |               - |           - |            - |TM30 DESQUITE |                - |TM32 DOBLE EQUIPO |              - |              - |            - |                - |TM37 RESPLANDOR |TM38 PATADA GIRO |TM39 GANCHO ALTO |          - |TM41 TINIEBLAS |TM42 COME SUEÑOS |TM43 FISURA |TM44 ECO METÁLICO |TM45 LEGADO |TM46 AZOTE |TM47 PEDRADA |                - |TM49 REFUGIO |TM50 BUCLE ARENA |HM01 CORTE |HM02 VUELO |        - |          - |HM05 DESTELLO |              - |           - |HM08 BUCEO |
170 Chinchou      |TM01 ARMAD. ÁCIDA |               - |TM03 GARRA METAL |                - |               - |                - |            - |           - |          - |TM10 DETECCIÓN |TM11 CONVERSIÓN |              - |TM13 CONFUSIÓN |TM14 BOTE |         - |              - |              - |TM18 PRESA |TM19 VOZARRÓN |TM20 PUÑO HIELO |                - |             - |TM23 PANTALLAHUMO |TM24 DAÑO SECRETO |TM25 BOFETÓN LODO |            - |               - |TM28 SILBATO |            - |            - |                - |TM32 DOBLE EQUIPO |              - |              - |TM35 REFUERZO |                - |              - |               - |               - |          - |             - |TM42 COME SUEÑOS |          - |TM44 ECO METÁLICO |          - |         - |TM47 PEDRADA |TM48 MISMODESTINO |           - |               - |HM01 CORTE |HM02 VUELO |        - |          - |HM05 DESTELLO |HM06 GOLPE ROCA |           - |HM08 BUCEO |
171 Lanturn       |                - |               - |TM03 GARRA METAL |TM04 PUÑODINÁMICO |TM05 V. CORTANTE |                - |TM07 ABSORBER |TM08 ATADURA |TM09 RENCOR |TM10 DETECCIÓN |              - |              - |TM13 CONFUSIÓN |        - |TM15 DESEO |              - |              - |         - |            - |TM20 PUÑO HIELO |TM21 LLANTO FALSO |TM22 RETROCESO |                - |TM24 DAÑO SECRETO |TM25 BOFETÓN LODO |            - |TM27 COLA VENENO |TM28 SILBATO |            - |            - |                - |                - |              - |TM34 HIDROCAÑÓN |            - |                - |TM37 RESPLANDOR |TM38 PATADA GIRO |TM39 GANCHO ALTO |          - |TM41 TINIEBLAS |TM42 COME SUEÑOS |          - |TM44 ECO METÁLICO |TM45 LEGADO |         - |           - |                - |           - |TM50 BUCLE ARENA |HM01 CORTE |HM02 VUELO |HM03 SURF |HM04 FUERZA |            - |HM06 GOLPE ROCA |           - |         - |
172 Pichu         |TM01 ARMAD. ÁCIDA |TM02 IMPACTRUENO |               - |TM04 PUÑODINÁMICO |TM05 V. CORTANTE |                - |TM07 ABSORBER |TM08 ATADURA |          - |TM10 DETECCIÓN |TM11 CONVERSIÓN |TM12 LENGÜETAZO |TM13 CONFUSIÓN |TM14 BOTE |         - |              - |TM17 CUCHILLADA |TM18 PRESA |            - |              - |                - |             - |                - |                - |                - |TM26 SORPRESA |               - |           - |            - |TM30 DESQUITE |TM31 PANTALLA LUZ |TM32 DOBLE EQUIPO |TM33 TORBELLINO |              - |            - |TM36 ELECTROCAÑÓN |TM37 RESPLANDOR |               - |               - |          - |             - |TM42 COME SUEÑOS |TM43 FISURA |TM44 ECO METÁLICO |          - |         - |           - |                - |TM49 REFUGIO |               - |HM01 CORTE |HM02 VUELO |HM03 SURF |          - |            - |              - |HM07 CASCADA |         - |
173 Cleffa        |TM01 ARMAD. ÁCIDA |TM02 IMPACTRUENO |TM03 GARRA METAL |TM04 PUÑODINÁMICO |               - |TM06 COLMILLO VEN |TM07 ABSORBER |           - |          - |             - |              - |              - |TM13 CONFUSIÓN |        - |         - |TM16 GUILLOTINA |              - |TM18 PRESA |TM19 VOZARRÓN |              - |TM21 LLANTO FALSO |             - |                - |TM24 DAÑO SECRETO |                - |TM26 SORPRESA |               - |TM28 SILBATO |TM29 CHIRRIDO |TM30 DESQUITE |TM31 PANTALLA LUZ |TM32 DOBLE EQUIPO |              - |TM34 HIDROCAÑÓN |            - |                - |TM37 RESPLANDOR |               - |TM39 GANCHO ALTO |          - |TM41 TINIEBLAS |               - |TM43 FISURA |TM44 ECO METÁLICO |          - |         - |TM47 PEDRADA |                - |           - |TM50 BUCLE ARENA |HM01 CORTE |         - |        - |          - |            - |              - |HM07 CASCADA |         - |
174 Igglybuff     |                - |TM02 IMPACTRUENO |TM03 GARRA METAL |                - |TM05 V. CORTANTE |                - |            - |           - |TM09 RENCOR |TM10 DETECCIÓN |              - |              - |             - |TM14 BOTE |TM15 DESEO |TM16 GUILLOTINA |              - |TM18 PRESA |TM19 VOZARRÓN |              - |                - |             - |TM23 PANTALLAHUMO |TM24 DAÑO SECRETO |                - |TM26 SORPRESA |TM27 COLA VENENO |           - |            - |TM30 DESQUITE |                - |                - |TM33 TORBELLINO |              - |TM35 REFUERZO |                - |              - |               - |TM39 GANCHO ALTO |          - |             - |TM42 COME SUEÑOS |          - |TM44 ECO METÁLICO |TM45 LEGADO |TM46 AZOTE |TM47 PEDRADA |TM48 MISMODESTINO |           - |               - |HM01 CORTE |HM02 VUELO |        - |HM04 FUERZA |HM05 DESTELLO |HM06 GOLPE ROCA |           - |HM08 BUCEO |
175 Togepi        |                - |               - |TM03 GARRA METAL |                - |               - |                - |TM07 ABSORBER |TM08 ATADURA |TM09 RENCOR |             - |              - |TM12 LENGÜETAZO |             - |        - |TM15 DESEO |              - |              - |TM18 PRESA |TM19 VOZARRÓN |              - |TM21 LLANTO FALSO |TM22 RETROCESO |                - |                - |                - |            - |               - |           - |TM29 CHIRRIDO |            - |                - |                - |TM33 TORBELLINO |              - |TM35 REFUERZO |TM36 ELECTROCAÑÓN |              - |TM38 PATADA GIRO |TM39 GANCHO ALTO |TM40 RUGIDO |             - |TM42 COME SUEÑOS |          - |                - |TM45 LEGADO |TM46 AZOTE |TM47 PEDRADA |TM48 MISMODESTINO |TM49 REFUGIO |               - |HM01 CORTE |HM02 VUELO |        - |          - |            - |HM06 GOLPE ROCA |           - |         - |
176 Togetic       |TM01 ARMAD. ÁCIDA |               - |               - |                - |TM05 V. CORTANTE |                - |TM07 ABSORBER |TM08 ATADURA |TM09 RENCOR |             - |TM11 CONVERSIÓN |              - |TM13 CONFUSIÓN |        - |         - |TM16 GUILLOTINA |              - |         - |TM19 VOZARRÓN |TM20 PUÑO HIELO |                - |TM22 RETROCESO |                - |TM24 DAÑO SECRETO |TM25 BOFETÓN LODO |TM26 SORPRESA |TM27 COLA VENENO |TM28 SILBATO |            - |TM30 DESQUITE |TM31 PANTALLA LUZ |TM32 DOBLE EQUIPO |              - |              - |TM35 REFUERZO |TM36 ELECTROCAÑÓN |TM37 RESPLANDOR |TM38 PATADA GIRO |TM39 GANCHO ALTO |          - |TM41 TINIEBLAS |TM42 COME SUEÑOS |TM43 FISURA |                - |          - |TM46 AZOTE |           - |TM48 MISMODESTINO |TM49 REFUGIO |               - |HM01 CORTE |HM02 VUELO |HM03 SURF |HM04 FUERZA |            - |HM06 GOLPE ROCA |           - |HM08 BUCEO |
177 Natu          |TM01 ARMAD. ÁCIDA |TM02 IMPACTRUENO |TM03 GARRA METAL |                - |               - |                - |TM07 ABSORBER |TM08 ATADURA |TM09 RENCOR |             - |              - |              - |             - |TM14 BOTE |TM15 DESEO |TM16 GUILLOTINA |              - |         - |TM19 VOZARRÓN |TM20 PUÑO HIELO |                - |TM22 RETROCESO |TM23 PANTALLAHUMO |                - |TM25 BOFETÓN LODO |TM26 SORPRESA |               - |           - |TM29 CHIRRIDO |TM30 DESQUITE |                - |TM32 DOBLE EQUIPO |              - |              - |            - |TM36 ELECTROCAÑÓN |              - |TM38 PATADA GIRO |               - |          - |             - |TM42 COME SUEÑOS |          - |TM44 ECO METÁLICO |          - |         - |TM47 PEDRADA |                - |TM49 REFUGIO |               - |HM01 CORTE |         - |HM03 SURF |HM04 FUERZA |            - |              - |           - |         - |
178 Xatu          |TM01 ARMAD. ÁCIDA |TM02 IMPACTRUENO |               - |TM04 PUÑODINÁMICO |TM05 V. CORTANTE |                - |TM07 ABSORBER |TM08 ATADURA |          - |             - |              - |TM12 LENGÜETAZO |             - |TM14 BOTE |TM15 DESEO |TM16 GUILLOTINA |              - |TM18 PRESA |TM19 VOZARRÓN |TM20 PUÑO HIELO |                - |             - |                - |TM24 DAÑO SECRETO |TM25 BOFETÓN LODO |TM26 SORPRESA |               - |           - |            - |            - |                - |TM32 DOBLE EQUIPO |TM33 TORBELLINO |              - |            - |TM36 ELECTROCAÑÓN |TM37 RESPLANDOR |TM38 PATADA GIRO |TM39 GANCHO ALTO |TM40 RUGIDO |TM41 TINIEBLAS |TM42 COME SUEÑOS |TM43 FISURA |                - |TM45 LEGADO |         - |TM47 PEDRADA |                - |TM49 REFUGIO |               - |HM01 CORTE |HM02 VUELO |        - |HM04 FUERZA |HM05 DESTELLO |HM06 GOLPE ROCA |           - |HM08 BUCEO |
179 Mareep        |                - |               - |TM03 GARRA METAL |TM04 PUÑODINÁMICO |TM05 V. CORTANTE |                - |            - |TM08 ATADURA |TM09 RENCOR |             - |TM11 CONVERSIÓN |              - |TM13 CONFUSIÓN |TM14 BOTE |TM15 DESEO |TM16 GUILLOTINA |              - |TM18 PRESA |TM19 VOZARRÓN |              - |                - |TM22 RETROCESO |TM23 PANTALLAHUMO |TM24 DAÑO SECRETO |                - |            - |TM27 COLA VENENO |           - |            - |TM30 DESQUITE |                - |                - |TM33 TORBELLINO |              - |TM35 REFUERZO |TM36 ELECTROCAÑÓN |              - |TM38 PATADA GIRO |TM39 GANCHO ALTO |          - |             - |               - |TM43 FISURA |                - |          - |         - |TM47 PEDRADA |TM48 MISMODESTINO |           - |TM50 BUCLE ARENA |HM01 CORTE |         - |HM03 SURF |HM04 FUERZA |            - |              - |           - |         - |
180 Flaaffy       |TM01 ARMAD. ÁCIDA |TM02 IMPACTRUENO |               - |                - |TM05 V. CORTANTE |TM06 COLMILLO VEN |            - |           - |          - |TM10 DETECCIÓN |              - |              - |             - |        - |TM15 DESEO |              - |              - |TM18 PRESA |TM19 VOZARRÓN |TM20 PUÑO HIELO |TM21 LLANTO FALSO |TM22 RETROCESO |                - |                - |TM25 BOFETÓN LODO |TM26 SORPRESA |TM27 COLA VENENO |TM28 SILBATO |TM29 CHIRRIDO |            - |TM31 PANTALLA LUZ |                - |              - |TM34 HIDROCAÑÓN |TM35 REFUERZO |TM36 ELECTROCAÑÓN |              - |TM38 PATADA GIRO |TM39 GANCHO ALTO |TM40 RUGIDO |             - |TM42 COME SUEÑOS |          - |TM44 ECO METÁLICO |          - |         - |           - |                - |TM49 REFUGIO |TM50 BUCLE ARENA |HM01 CORTE |         - |        - |          - |HM05 DESTELLO |              - |HM07 CASCADA |         - |
181 Ampharos      |TM01 ARMAD. ÁCIDA |               - |TM03 GARRA METAL |TM04 PUÑODINÁMICO |TM05 V. CORTANTE |TM06 COLMILLO VEN |            - |TM08 ATADURA |          - |TM10 DETECCIÓN |              - |TM12 LENGÜETAZO |             - |TM14 BOTE |TM15 DESEO |TM16 GUILLOTINA |              - |TM18 PRESA |            - |              - |TM21 LLANTO FALSO |             - |                - |TM24 DAÑO SECRETO |                - |TM26 SORPRESA |TM27 COLA VENENO |TM28 SILBATO |TM29 CHIRRIDO |TM30 DESQUITE |TM31 PANTALLA LUZ |TM32 DOBLE EQUIPO |TM33 TORBELLINO |TM34 HIDROCAÑÓN |TM35 REFUERZO |TM36 ELECTROCAÑÓN |              - |               - |TM39 GANCHO ALTO |TM40 RUGIDO |TM41 TINIEBLAS |               - |          - |TM44 ECO METÁLICO |          - |TM46 AZOTE |           - |TM48 MISMODESTINO |           - |TM50 BUCLE ARENA |HM01 CORTE |         - |        - |          - |            - |              - |           - |HM08 BUCEO |
182 Bellossom     |                - |               - |               - |TM04 PUÑODINÁMICO |TM05 V. CORTANTE |                - |TM07 ABSORBER |           - |TM09 RENCOR |             - |              - |TM12 LENGÜETAZO |             - |TM14 BOTE |         - |TM16 GUILLOTINA |              - |TM18 PRESA |TM19 VOZARRÓN |TM20 PUÑO HIELO |                - |             - |TM23 PANTALLAHUMO |TM24 DAÑO SECRETO |TM25 BOFETÓN LODO |            - |               - |TM28 SILBATO |            - |            - |                - |                - |TM33 TORBELLINO |              - |TM35 REFUERZO |TM36 ELECTROCAÑÓN |              - |TM38 PATADA GIRO |TM39 GANCHO ALTO |TM40 RUGIDO |TM41 TINIEBLAS |TM42 COME SUEÑOS |TM43 FISURA |TM44 ECO METÁLICO |TM45 LEGADO |TM46 AZOTE |TM47 PEDRADA |                - |TM49 REFUGIO |TM50 BUCLE ARENA |HM01 CORTE |HM02 VUELO |        - |          - |HM05 DESTELLO |HM06 GOLPE ROCA |HM07 CASCADA |         - |
183 Marill        |TM01 ARMAD. ÁCIDA |TM02 IMPACTRUENO |TM03 GARRA METAL |                - |               - |                - |TM07 ABSORBER |TM08 ATADURA |TM09 RENCOR |             - |TM11 CONVERSIÓN |              - |TM13 CONFUSIÓN |        - |TM15 DESEO |TM16 GUILLOTINA |              - |TM18 PRESA |TM19 VOZARRÓN |              - |TM21 LLANTO FALSO |             - |                - |TM24 DAÑO SECRETO |TM25 BOFETÓN LODO |            - |               - |TM28 SILBATO |TM29 CHIRRIDO |TM30 DESQUITE |TM31 PANTALLA LUZ |                - |              - |TM34 HIDROCAÑÓN |            - |                - |              - |TM38 PATADA GIRO |               - |          - |TM41 TINIEBLAS |TM42 COME SUEÑOS |TM43 FISURA |                - |          - |         - |TM47 PEDRADA |TM48 MISMODESTINO |           - |TM50 BUCLE ARENA |HM01 CORTE |HM02 VUELO |HM03 SURF |          - |            - |HM06 GOLPE ROCA |           - |         - |
184 Azumarill     |                - |               - |               - |TM04 PUÑODINÁMICO |TM05 V. CORTANTE |                - |            - |           - |          - |             - |TM11 CONVERSIÓN |              - |TM13 CONFUSIÓN |TM14 BOTE |         - |              - |TM17 CUCHILLADA |TM18 PRESA |            - |              - |                - |             - |TM23 PANTALLAHUMO |                - |                - |            - |               - |TM28 SILBATO |            - |            - |TM31 PANTALLA LUZ |TM32 DOBLE EQUIPO |              - |              - |            - |TM36 ELECTROCAÑÓN |              - |               - |               - |TM40 RUGIDO |TM41 TINIEBLAS |TM42 COME SUEÑOS |          - |TM44 ECO METÁLICO |          - |TM46 AZOTE |           - |                - |TM49 REFUGIO |               - |HM01 CORTE |HM02 VUELO |        - |          - |HM05 DESTELLO |              - |           - |HM08 BUCEO |
185 Sudowoodo     |TM01 ARMAD. ÁCIDA |TM02 IMPACTRUENO |               - |                - |TM05 V. CORTANTE |                - |            - |TM08 ATADURA |          - |             - |TM11 CONVERSIÓN |              - |TM13 CONFUSIÓN |TM14 BOTE |TM15 DESEO |              - |              - |         - |TM19 VOZARRÓN |TM20 PUÑO HIELO |TM21 LLANTO FALSO |             - |TM23 PANTALLAHUMO |                - |                - |            - |TM27 COLA VENENO |           - |TM29 CHIRRIDO |            - |TM31 PANTALLA LUZ |                - |              - |TM34 HIDROCAÑÓN |            - |TM36 ELECTROCAÑÓN |TM37 RESPLANDOR |               - |TM39 GANCHO ALTO |          - |TM41 TINIEBLAS |TM42 COME SUEÑOS |TM43 FISURA |TM44 ECO METÁLICO |          - |         - |           - |                - |           - |TM50 BUCLE ARENA |HM01 CORTE |         - |HM03 SURF |          - |            - |HM06 GOLPE ROCA |           - |HM08 BUCEO |
186 Politoed      |                - |               - |TM03 GARRA METAL |TM04 PUÑODINÁMICO |               - |                - |TM07 ABSORBER |TM08 ATADURA |          - |TM10 DETECCIÓN |              - |              - |TM13 CONFUSIÓN |TM14 BOTE |TM15 DESEO |              - |TM17 CUCHILLADA |         - |            - |              - |TM21 LLANTO FALSO |             - |                - |                - |                - |TM26 SORPRESA |TM27 COLA VENENO |TM28 SILBATO |            - |            - |                - |TM32 DOBLE EQUIPO |              - |              - |TM35 REFUERZO |TM36 ELECTROCAÑÓN |TM37 RESPLANDOR |TM38 PATADA GIRO |TM39 GANCHO ALTO |TM40 RUGIDO |             - |               - |          - |TM44 ECO METÁLICO |TM45 LEGADO |TM46 AZOTE |           - |                - |           - |TM50 BUCLE ARENA |HM01 CORTE |HM02 VUELO |HM03 SURF |HM04 FUERZA |            - |              - |HM07 CASCADA |HM08 BUCEO |
187 Hoppip        |                - |TM02 IMPACTRUENO |               - |                - |               - |                - |TM07 ABSORBER |TM08 ATADURA |TM09 RENCOR |             - |              - |              - |TM13 CONFUSIÓN |        - |         - |TM16 GUILLOTINA |              - |TM18 PRESA |            - |              - |                - |TM22 RETROCESO |TM23 PANTALLAHUMO |                - |                - |            - |               - |TM28 SILBATO |TM29 CHIRRIDO |TM30 DESQUITE |                - |                - |TM33 TORBELLINO |              - |            - |TM36 ELECTROCAÑÓN |TM37 RESPLANDOR |TM38 PATADA GIRO |               - |TM40 RUGIDO |TM41 TINIEBLAS |TM42 COME SUEÑOS |          - |                - |TM45 LEGADO |TM46 AZOTE |TM47 PEDRADA |                - |TM49 REFUGIO |               - |HM01 CORTE |         - |        - |          - |            - |HM06 GOLPE ROCA |HM07 CASCADA |HM08 BUCEO |
188 Skiploom      |TM01 ARMAD. ÁCIDA |               - |TM03 GARRA METAL |TM04 PUÑODINÁMICO |               - |                - |TM07 ABSORBER |TM08 ATADURA |          - |TM10 DETECCIÓN |TM11 CONVERSIÓN |TM12 LENGÜETAZO |             - |        - |         - |TM16 GUILLOTINA |              - |TM18 PRESA |            - |              - |TM21 LLANTO FALSO |             - |                - |TM24 DAÑO SECRETO |TM25 BOFETÓN LODO |TM26 SORPRESA |               - |TM28 SILBATO |TM29 CHIRRIDO |            - |                - |                - |              - |              - |TM35 REFUERZO |TM36 ELECTROCAÑÓN |              - |               - |TM39 GANCHO ALTO |TM40 RUGIDO |             - |TM42 COME SUEÑOS |          - |                - |          - |         - |           - |                - |           - |               - |HM01 CORTE |HM02 VUELO |        - |          - |HM05 DESTELLO |HM06 GOLPE ROCA |           - |HM08 BUCEO |
189 Jumpluff      |                - |               - |TM03 GARRA METAL |                - |TM05 V. CORTANTE |                - |TM07 ABSORBER |           - |          - |TM10 DETECCIÓN |              - |              - |TM13 CONFUSIÓN |TM14 BOTE |         - |              - |TM17 CUCHILLADA |TM18 PRESA |            - |              - |                - |TM22 RETROCESO |TM23 PANTALLAHUMO |                - |TM25 BOFETÓN LODO |TM26 SORPRESA |TM27 COLA VENENO |           - |            - |TM30 DESQUITE |TM31 PANTALLA LUZ |TM32 DOBLE EQUIPO |              - |              - |TM35 REFUERZO |TM36 ELECTROCAÑÓN |              - |TM38 PATADA GIRO |TM39 GANCHO ALTO |          - |             - |TM42 COME SUEÑOS |TM43 FISURA |                - |          - |         - |           - |                - |TM49 REFUGIO |               - |HM01 CORTE |HM02 VUELO |HM03 SURF |HM04 FUERZA |            - |HM06 GOLPE ROCA |           - |         - |
190 Aipom         |                - |TM02 IMPACTRUENO |TM03 GARRA METAL |                - |TM05 V. CORTANTE |                - |TM07 ABSORBER |           - |          - |             - |              - |TM12 LENGÜETAZO |TM13 CONFUSIÓN |TM14 BOTE |TM15 DESEO |              - |TM17 CUCHILLADA |         - |TM19 VOZARRÓN |              - |TM21 LLANTO FALSO |TM22 RETROCESO |                - |TM24 DAÑO SECRETO |                - |TM26 SORPRESA |               - |TM28 SILBATO |TM29 CHIRRIDO |TM30 DESQUITE |TM31 PANTALLA LUZ |TM32 DOBLE EQUIPO |              - |              - |TM35 REFUERZO |                - |TM37 RESPLANDOR |TM38 PATADA GIRO |TM39 GANCHO ALTO |          - |             - |TM42 COME SUEÑOS |TM43 FISURA |                - |TM45 LEGADO |TM46 AZOTE |TM47 PEDRADA |TM48 MISMODESTINO |           - |TM50 BUCLE ARENA |HM01 CORTE |HM02 VUELO |HM03 SURF |HM04 FUERZA |HM05 DESTELLO |              - |HM07 CASCADA |HM08 BUCEO |
191 Sunkern       |                - |               - |               - |                - |TM05 V. CORTANTE |TM06 COLMILLO VEN |TM07 ABSORBER |           - |TM09 RENCOR |TM10 DETECCIÓN |              - |              - |TM13 CONFUSIÓN |TM14 BOTE |TM15 DESEO |              - |              - |TM18 PRESA |TM19 VOZARRÓN |              - |TM21 LLANTO FALSO |             - |                - |                - |TM25 BOFETÓN LODO |            - |               - |           - |TM29 CHIRRIDO |            - |                - |TM32 DOBLE EQUIPO |              - |              - |TM35 REFUERZO |                - |TM37 RESPLANDOR |TM38 PATADA GIRO |TM39 GANCHO ALTO |          - |             - |TM42 COME SUEÑOS |TM43 FISURA |                - |TM45 LEGADO |TM46 AZOTE |           - |TM48 MISMODESTINO |TM49 REFUGIO |TM50 BUCLE ARENA |HM01 CORTE |         - |HM03 SURF |          - |HM05 DESTELLO |HM06 GOLPE ROCA |           - |HM08 BUCEO |
192 Sunflora      |TM01 ARMAD. ÁCIDA |TM02 IMPACTRUENO |               - |                - |               - |                - |            - |TM08 ATADURA |          - |TM10 DETECCIÓN |              - |TM12 LENGÜETAZO |TM13 CONFUSIÓN |        - |         - |TM16 GUILLOTINA |TM17 CUCHILLADA |         - |TM19 VOZARRÓN |              - |TM21 LLANTO FALSO |TM22 RETROCESO |                - |TM24 DAÑO SECRETO |                - |            - |               - |           - |            - |TM30 DESQUITE |TM31 PANTALLA LUZ |TM32 DOBLE EQUIPO |              - |TM34 HIDROCAÑÓN |TM35 REFUERZO |TM36 ELECTROCAÑÓN |              - |               - |TM39 GANCHO ALTO |TM40 RUGIDO |TM41 TINIEBLAS |TM42 COME SUEÑOS |          - |                - |          - |TM46 AZOTE |TM47 PEDRADA |                - |           - |TM50 BUCLE ARENA |HM01 CORTE |HM02 VUELO |HM03 SURF |HM04 FUERZA |            - |              - |           - |         - |
193 Yanma         |                - |               - |               - |                - |               - |                - |TM07 ABSORBER |TM08 ATADURA |TM09 RENCOR |TM10 DETECCIÓN |              - |TM12 LENGÜETAZO |TM13 CONFUSIÓN |        - |TM15 DESEO |TM16 GUILLOTINA |TM17 CUCHILLADA |         - |TM19 VOZARRÓN |TM20 PUÑO HIELO |                - |TM22 RETROCESO |                - |                - |TM25 BOFETÓN LODO |TM26 SORPRESA |               - |TM28 SILBATO |            - |            - |                - |TM32 DOBLE EQUIPO |              - |              - |            - |                - |TM37 RESPLANDOR |               - |               - |TM40 RUGIDO |             - |               - |TM43 FISURA |                - |          - |TM46 AZOTE |           - |TM48 MISMODESTINO |TM49 REFUGIO |TM50 BUCLE ARENA |HM01 CORTE |         - |HM03 SURF |HM04 FUERZA |            - |HM06 GOLPE ROCA |           - |         - |
194 Wooper        |                - |               - |               - |TM04 PUÑODINÁMICO |               - |TM06 COLMILLO VEN |            - |TM08 ATADURA |TM09 RENCOR |TM10 DETECCIÓN |TM11 CONVERSIÓN |TM12 LENGÜETAZO |             - |TM14 BOTE |TM15 DESEO |              - |              - |TM18 PRESA |TM19 VOZARRÓN |TM20 PUÑO HIELO |TM21 LLANTO FALSO |TM22 RETROCESO |TM23 PANTALLAHUMO |                - |                - |TM26 SORPRESA |TM27 COLA VENENO |           - |TM29 CHIRRIDO |TM30 DESQUITE |                - |                - |TM33 TORBELLINO |              - |            - |TM36 ELECTROCAÑÓN |TM37 RESPLANDOR |               - |               - |TM40 RUGIDO |             - |               - |          - |                - |          - |         - |           - |                - |TM49 REFUGIO |TM50 BUCLE ARENA |         - |         - |        - |          - |HM05 DESTELLO |              - |HM07 CASCADA |HM08 BUCEO |
195 Quagsire      |                - |               - |TM03 GARRA METAL |                - |               - |                - |            - |           - |          - |TM10 DETECCIÓN |TM11 CONVERSIÓN |              - |TM13 CONFUSIÓN |TM14 BOTE |         - |              - |              - |TM18 PRESA |            - |              - |TM21 LLANTO FALSO |TM22 RETROCESO |                - |                - |                - |TM26 SORPRESA |TM27 COLA VENENO |           - |            - |TM30 DESQUITE |                - |TM32 DOBLE EQUIPO |TM33 TORBELLINO |TM34 HIDROCAÑÓN |            - |                - |              - |               - |               - |TM40 RUGIDO |             - |               - |          - |                - |TM45 LEGADO |         - |TM47 PEDRADA |                - |TM49 REFUGIO |               - |HM01 CORTE |         - |HM03 SURF |HM04 FUERZA |            - |              - |           - |HM08 BUCEO |
196 Espeon        |TM01 ARMAD. ÁCIDA |TM02 IMPACTRUENO |               - |                - |TM05 V. CORTANTE |                - |            - |TM08 ATADURA |          - |             - |              - |              - |             - |TM14 BOTE |TM15 DESEO |              - |TM17 CUCHILLADA |TM18 PRESA |TM19 VOZARRÓN |              - |                - |TM22 RETROCESO |TM23 PANTALLAHUMO |TM24 DAÑO SECRETO |                - |            - |TM27 COLA VENENO |           - |TM29 CHIRRIDO |TM30 DESQUITE |TM31 PANTALLA LUZ |TM32 DOBLE EQUIPO |TM33 TORBELLINO |TM34 HIDROCAÑÓN |TM35 REFUERZO |TM36 ELECTROCAÑÓN |              - |               - |               - |          - |             - |               - |          - |                - |          - |TM46 AZOTE |TM47 PEDRADA |TM48 MISMODESTINO |TM49 REFUGIO |               - |HM01 CORTE |HM02 VUELO |        - |          - |            - |HM06 GOLPE ROCA |HM07 CASCADA |HM08 BUCEO |
197 Umbreon       |                - |TM02 IMPACTRUENO |               - |TM04 PUÑODINÁMICO |TM05 V. CORTANTE |TM06 COLMILLO VEN |            - |           - |          - |             - |              - |              - |             - |        - |         - |TM16 GUILLOTINA |TM17 CUCHILLADA |         - |            - |              - |TM21 LLANTO FALSO |TM22 RETROCESO |                - |                - |                - |TM26 SORPRESA |               - |           - |TM29 CHIRRIDO |            - |TM31 PANTALLA LUZ |TM32 DOBLE EQUIPO |TM33 TORBELLINO |              - |            - |TM36 ELECTROCAÑÓN |              - |               - |TM39 GANCHO ALTO |TM40 RUGIDO |TM41 TINIEBLAS |               - |TM43 FISURA |                - |          - |         - |TM47 PEDRADA |                - |TM49 REFUGIO |               - |HM01 CORTE |         - |        - |HM04 FUERZA |HM05 DESTELLO |HM06 GOLPE ROCA |           - |         - |
198 Murkrow       |TM01 ARMAD. ÁCIDA |TM02 IMPACTRUENO |               - |TM04 PUÑODINÁMICO |               - |                - |TM07 ABSORBER |           - |          - |TM10 DETECCIÓN |TM11 CONVERSIÓN |              - |             - |        - |         - |TM16 GUILLOTINA |              - |TM18 PRESA |TM19 VOZARRÓN |TM20 PUÑO HIELO |                - |TM22 RETROCESO |                - |TM24 DAÑO SECRETO |TM25 BOFETÓN LODO |TM26 SORPRESA |               - |TM28 SILBATO |TM29 CHIRRIDO |TM30 DESQUITE |TM31 PANTALLA LUZ |TM32 DOBLE EQUIPO |TM33 TORBELLINO |TM34 HIDROCAÑÓN |            - |                - |TM37 RESPLANDOR |               - |TM39 GANCHO ALTO |          - |             - |TM42 COME SUEÑOS |TM43 FISURA |                - |TM45 LEGADO |TM46 AZOTE |TM47 PEDRADA |TM48 MISMODESTINO |           - |TM50 BUCLE ARENA |HM01 CORTE |HM02 VUELO |HM03 SURF |          - |HM05 DESTELLO |              - |           - |HM08 BUCEO |
199 Slowking      |TM01 ARMAD. ÁCIDA |               - |               - |TM04 PUÑODINÁMICO |TM05 V. CORTANTE |TM06 COLMILLO VEN |            - |TM08 ATADURA |TM09 RENCOR |             - |TM11 CONVERSIÓN |TM12 LENGÜETAZO |TM13 CONFUSIÓN |TM14 BOTE |TM15 DESEO |              - |              - |         - |            - |              - |TM21 LLANTO FALSO |TM22 RETROCESO |                - |                - |                - |TM26 SORPRESA |               - |TM28 SILBATO |TM29 CHIRRIDO |TM30 DESQUITE |TM31 PANTALLA LUZ |                - |TM33 TORBELLINO |TM34 HIDROCAÑÓN |TM35 REFUERZO |TM36 ELECTROCAÑÓN |TM37 RESPLANDOR |               - |               - |TM40 RUGIDO |TM41 TINIEBLAS |               - |          - |TM44 ECO METÁLICO |TM45 LEGADO |TM46 AZOTE |TM47 PEDRADA |                - |           - |               - |         - |         - |        - |          - |            - |HM06 GOLPE ROCA |           - |         - |
200 Misdreavus    |TM01 ARMAD. ÁCIDA |TM02 IMPACTRUENO |               - |                - |TM05 V. CORTANTE |                - |            - |TM08 ATADURA |          - |             - |TM11 CONVERSIÓN |TM12 LENGÜETAZO |             - |        - |TM15 DESEO |              - |              - |         - |TM19 VOZARRÓN |TM20 PUÑO HIELO |TM21 LLANTO FALSO |TM22 RETROCESO |                - |                - |                - |TM26 SORPRESA |TM27 COLA VENENO |TM28 SILBATO |TM29 CHIRRIDO |            - |TM31 PANTALLA LUZ |TM32 DOBLE EQUIPO |              - |              - |TM35 REFUERZO |                - |              - |TM38 PATADA GIRO |TM39 GANCHO ALTO |          - |TM41 TINIEBLAS |TM42 COME SUEÑOS |          - |                - |TM45 LEGADO |         - |           - |TM48 MISMODESTINO |TM49 REFUGIO |TM50 BUCLE ARENA |HM01 CORTE |HM02 VUELO |HM03 SURF |HM04 FUERZA |            - |              - |HM07 CASCADA |HM08 BUCEO |
201 Unown         |TM01 ARMAD. ÁCIDA |               - |TM03 GARRA METAL |                - |TM05 V. CORTANTE |                - |TM07 ABSORBER |           - |          - |TM10 DETECCIÓN |              - |TM12 LENGÜETAZO |             - |TM14 BOTE |TM15 DESEO |              - |TM17 CUCHILLADA |TM18 PRESA |TM19 VOZARRÓN |TM20 PUÑO HIELO |                - |             - |TM23 PANTALLAHUMO |                - |                - |            - |TM27 COLA VENENO |           - |            - |TM30 DESQUITE |                - |                - |              - |TM34 HIDROCAÑÓN |            - |                - |TM37 RESPLANDOR |               - |TM39 GANCHO ALTO |          - |             - |TM42 COME SUEÑOS |TM43 FISURA |TM44 ECO METÁLICO |          - |TM46 AZOTE |TM47 PEDRADA |                - |TM49 REFUGIO |TM50 BUCLE ARENA |HM01 CORTE |HM02 VUELO |HM03 SURF |HM04 FUERZA |HM05 DESTELLO |              - |           - |         - |
202 Wobbuffet     |                - |TM02 IMPACTRUENO |               - |                - |               - |                - |TM07 ABSORBER |           - |          - |TM10 DETECCIÓN |TM11 CONVERSIÓN |TM12 LENGÜETAZO |             - |        - |TM15 DESEO |TM16 GUILLOTINA |TM17 CUCHILLADA |TM18 PRESA |TM19 VOZARRÓN |TM20 PUÑO HIELO |                - |TM22 RETROCESO |                - |                - |TM25 BOFETÓN LODO |TM26 SORPRESA |               - |           - |            - |            - |TM31 PANTALLA LUZ |TM32 DOBLE EQUIPO |              - |              - |TM35 REFUERZO |TM36 ELECTROCAÑÓN |TM37 RESPLANDOR |TM38 PATADA GIRO |TM39 GANCHO ALTO |          - |             - |               - |          - |TM44 ECO METÁLICO |TM45 LEGADO |         - |           - |                - |TM49 REFUGIO |TM50 BUCLE ARENA |HM01 CORTE |         - |HM03 SURF |          - |            - |HM06 GOLPE ROCA |           - |         - |
203 Girafarig     |                - |               - |               - |TM04 PUÑODINÁMICO |TM05 V. CORTANTE |                - |TM07 ABSORBER |           - |          - |             - |              - |              - |             - |TM14 BOTE |         - |              - |              - |         - |            - |TM20 PUÑO HIELO |                - |             - |                - |TM24 DAÑO SECRETO |                - |            - |TM27 COLA VENENO |TM28 SILBATO |TM29 CHIRRIDO |            - |                - |                - |TM33 TORBELLINO |              - |            - |                - |TM37 RESPLANDOR |               - |               - |          - |             - |TM42 COME SUEÑOS |          - |TM44 ECO METÁLICO |          - |TM46 AZOTE |TM47 PEDRADA |TM48 MISMODESTINO |           - |TM50 BUCLE ARENA |HM01 CORTE |HM02 VUELO |HM03 SURF |HM04 FUERZA |            - |HM06 GOLPE ROCA |HM07 CASCADA |         - |
204 Pineco        |TM01 ARMAD. ÁCIDA |TM02 IMPACTRUENO |TM03 GARRA METAL |                - |               - |TM06 COLMILLO VEN |TM07 ABSORBER |TM08 ATADURA |TM09 RENCOR |             - |TM11 CONVERSIÓN |TM12 LENGÜETAZO |             - |TM14 BOTE |TM15 DESEO |TM16 GUILLOTINA |TM17 CUCHILLADA |         - |TM19 VOZARRÓN |              - |TM21 LLANTO FALSO |TM22 RETROCESO |                - |TM24 DAÑO SECRETO |                - |            - |               - |TM28 SILBATO |            - |            - |TM31 PANTALLA LUZ |                - |              - |              - |TM35 REFUERZO |                - |              - |TM38 PATADA GIRO |               - |          - |             - |TM42 COME SUEÑOS |          - |                - |TM45 LEGADO |TM46 AZOTE |TM47 PEDRADA |TM48 MISMODESTINO |           - |               - |HM01 CORTE |         - |HM03 SURF |          - |            - |              - |HM07 CASCADA |         - |
205 Forretress    |TM01 ARMAD. ÁCIDA |TM02 IMPACTRUENO |TM03 GARRA METAL |                - |               - |TM06 COLMILLO VEN |            - |           - |TM09 RENCOR |TM10 DETECCIÓN |TM11 CONVERSIÓN |              - |             - |        - |         - |TM16 GUILLOTINA |              - |TM18 PRESA |TM19 VOZARRÓN |TM20 PUÑO HIELO |                - |TM22 RETROCESO |TM23 PANTALLAHUMO |                - |TM25 BOFETÓN LODO |            - |               - |TM28 SILBATO |            - |            - |                - |                - |              - |              - |TM35 REFUERZO |TM36 ELECTROCAÑÓN |              - |TM38 PATADA GIRO |               - |          - |TM41 TINIEBLAS |               - |TM43 FISURA |TM44 ECO METÁLICO |TM45 LEGADO |         - |           - |TM48 MISMODESTINO |           - |TM50 BUCLE ARENA |HM01 CORTE |HM02 VUELO |HM03 SURF |          - |            - |HM06 GOLPE ROCA |           - |         - |
206 Dunsparce     |TM01 ARMAD. ÁCIDA |TM02 IMPACTRUENO |               - |                - |TM05 V. CORTANTE |                - |TM07 ABSORBER |           - |TM09 RENCOR |TM10 DETECCIÓN |              - |TM12 LENGÜETAZO |             - |        - |         - |              - |TM17 CUCHILLADA |TM18 PRESA |TM19 VOZARRÓN |TM20 PUÑO HIELO |                - |             - |                - |TM24 DAÑO SECRETO |                - |TM26 SORPRESA |TM27 COLA VENENO |           - |TM29 CHIRRIDO |            - |TM31 PANTALLA LUZ |TM32 DOBLE EQUIPO |TM33 TORBELLINO |TM34 HIDROCAÑÓN |            - |TM36 ELECTROCAÑÓN |              - |TM38 PATADA GIRO |TM39 GANCHO ALTO |TM40 RUGIDO |             - |TM42 COME SUEÑOS |          - |TM44 ECO METÁLICO |TM45 LEGADO |         - |TM47 PEDRADA |TM48 MISMODESTINO |           - |               - |HM01 CORTE |HM02 VUELO |HM03 SURF |HM04 FUERZA |HM05 DESTELLO |HM06 GOLPE ROCA |           - |         - |
207 Gligar        |                - |               - |               - |                - |TM05 V. CORTANTE |TM06 COLMILLO VEN |            - |           - |          - |TM10 DETECCIÓN |TM11 CONVERSIÓN |              - |             - |        - |         - |              - |TM17 CUCHILLADA |TM18 PRESA |TM19 VOZARRÓN |TM20 PUÑO HIELO |TM21 LLANTO FALSO |TM22 RETROCESO |                - |                - |TM25 BOFETÓN LODO |TM26 SORPRESA |TM27 COLA VENENO |TM28 SILBATO |            - |            - |                - |                - |TM33 TORBELLINO |TM34 HIDROCAÑÓN |TM35 REFUERZO |                - |              - |TM38 PATADA GIRO |               - |TM40 RUGIDO |             - |               - |          - |                - |          - |TM46 AZOTE |           - |TM48 MISMODESTINO |TM49 REFUGIO |TM50 BUCLE ARENA |HM01 CORTE |         - |        - |HM04 FUERZA |            - |              - |HM07 CASCADA |         - |
208 Steelix       |TM01 ARMAD. ÁCIDA |TM02 IMPACTRUENO |               - |TM04 PUÑODINÁMICO |TM05 V. CORTANTE |                - |            - |           - |          - |TM10 DETECCIÓN |              - |              - |TM13 CONFUSIÓN |        - |         - |TM16 GUILLOTINA |              - |TM18 PRESA |TM19 VOZARRÓN |              - |                - |             - |                - |TM24 DAÑO SECRETO |TM25 BOFETÓN LODO |            - |TM27 COLA VENENO |TM28 SILBATO |TM29 CHIRRIDO |            - |TM31 PANTALLA LUZ |                - |TM33 TORBELLINO |TM34 HIDROCAÑÓN |            - |TM36 ELECTROCAÑÓN |TM37 RESPLANDOR |TM38 PATADA GIRO |               - |TM40 RUGIDO |TM41 TINIEBLAS |               - |          - |TM44 ECO METÁLICO |          - |         - |TM47 PEDRADA |                - |TM49 REFUGIO |               - |HM01 CORTE |         - |        - |          - |            - |HM06 GOLPE ROCA |           - |HM08 BUCEO |
209 Snubbull      |                - |TM02 IMPACTRUENO |TM03 GARRA METAL |TM04 PUÑODINÁMICO |TM05 V. CORTANTE |TM06 COLMILLO VEN |TM07 ABSORBER |TM08 ATADURA |          - |             - |TM11 CONVERSIÓN |TM12 LENGÜETAZO |             - |        - |         - |              - |TM17 CUCHILLADA |TM18 PRESA |            - |              - |TM21 LLANTO FALSO |TM22 RETROCESO |                - |                - |                - |            - |TM27 COLA VENENO |           - |TM29 CHIRRIDO |            - |                - |TM32 DOBLE EQUIPO |TM33 TORBELLINO |              - |TM35 REFUERZO |TM36 ELECTROCAÑÓN |TM37 RESPLANDOR |TM38 PATADA GIRO |TM39 GANCHO ALTO |          - |             - |               - |          - |                - |TM45 LEGADO |         - |           - |                - |           - |TM50 BUCLE ARENA |HM01 CORTE |HM02 VUELO |HM03 SURF |HM04 FUERZA |            - |              - |           - |         - |
210 Granbull      |TM01 ARMAD. ÁCIDA |               - |TM03 GARRA METAL |                - |               - |                - |            - |TM08 ATADURA |          - |             - |              - |TM12 LENGÜETAZO |TM13 CONFUSIÓN |TM14 BOTE |         - |TM16 GUILLOTINA |              - |         - |TM19 VOZARRÓN |TM20 PUÑO HIELO |TM21 LLANTO FALSO |TM22 RETROCESO |                - |TM24 DAÑO SECRETO |TM25 BOFETÓN LODO |            - |               - |           - |TM29 CHIRRIDO |            - |TM31 PANTALLA LUZ |                - |TM33 TORBELLINO |TM34 HIDROCAÑÓN |            - |TM36 ELECTROCAÑÓN |              - |TM38 PATADA GIRO |               - |TM40 RUGIDO |TM41 TINIEBLAS |TM42 COME SUEÑOS |          - |TM44 ECO METÁLICO |          - |TM46 AZOTE |           - |                - |           - |TM50 BUCLE ARENA |HM01 CORTE |HM02 VUELO |        - |HM04 FUERZA |            - |              - |           - |         - |
211 Qwilfish      |                - |               - |               - |TM04 PUÑODINÁMICO |TM05 V. CORTANTE |TM06 COLMILLO VEN |TM07 ABSORBER |           - |TM09 RENCOR |             - |TM11 CONVERSIÓN |              - |TM13 CONFUSIÓN |        - |TM15 DESEO |              - |TM17 CUCHILLADA |         - |            - |              - |TM21 LLANTO FALSO |             - |TM23 PANTALLAHUMO |                - |TM25 BOFETÓN LODO |TM26 SORPRESA |TM27 COLA VENENO |TM28 SILBATO |            - |            - |TM31 PANTALLA LUZ |TM32 DOBLE EQUIPO |TM33 TORBELLINO |              - |TM35 REFUERZO |                - |              - |               - |TM39 GANCHO ALTO |          - |TM41 TINIEBLAS |TM42 COME SUEÑOS |TM43 FISURA |                - |TM45 LEGADO |         - |           - |TM48 MISMODESTINO |           - |TM50 BUCLE ARENA |HM01 CORTE |         - |HM03 SURF |          - |HM05 DESTELLO |HM06 GOLPE ROCA |HM07 CASCADA |         - |
212 Scizor        |                - |               - |               - |                - |               - |TM06 COLMILLO VEN |            - |TM08 ATADURA |TM09 RENCOR |             - |              - |              - |TM13 CONFUSIÓN |        - |         - |TM16 GUILLOTINA |TM17 CUCHILLADA |         - |TM19 VOZARRÓN |TM20 PUÑO HIELO |                - |             - |                - |                - |TM25 BOFETÓN LODO |            - |TM27 COLA VENENO |           - |TM29 CHIRRIDO |TM30 DESQUITE |                - |                - |              - |TM34 HIDROCAÑÓN |            - |TM36 ELECTROCAÑÓN |              - |               - |TM39 GANCHO ALTO |          - |             - |               - |          - |TM44 ECO METÁLICO |TM45 LEGADO |         - |TM47 PEDRADA |                - |           - |TM50 BUCLE ARENA |HM01 CORTE |         - |HM03 SURF |          - |            - |              - |           - |HM08 BUCEO |
213 Shuckle       |TM01 ARMAD. ÁCIDA |TM02 IMPACTRUENO |TM03 GARRA METAL |TM04 PUÑODINÁMICO |               - |TM06 COLMILLO VEN |TM07 ABSORBER |           - |          - |             - |              - |TM12 LENGÜETAZO |             - |        - |TM15 DESEO |              - |TM17 CUCHILLADA |         - |TM19 VOZARRÓN |TM20 PUÑO HIELO |                - |             - |                - |TM24 DAÑO SECRETO |                - |            - |TM27 COLA VENENO |TM28 SILBATO |TM29 CHIRRIDO |            - |                - |                - |              - |              - |TM35 REFUERZO |TM36 ELECTROCAÑÓN |TM37 RESPLANDOR |TM38 PATADA GIRO |               - |TM40 RUGIDO |             - |TM42 COME SUEÑOS |TM43 FISURA |                - |          - |         - |           - |                - |           - |               - |HM01 CORTE |         - |        - |HM04 FUERZA |HM05 DESTELLO |              - |           - |         - |
214 Heracross     |                - |               - |TM03 GARRA METAL |TM04 PUÑODINÁMICO |               - |TM06 COLMILLO VEN |            - |TM08 ATADURA |TM09 RENCOR |             - |TM11 CONVERSIÓN |TM12 LENGÜETAZO |             - |TM14 BOTE |TM15 DESEO |              - |TM17 CUCHILLADA |TM18 PRESA |TM19 VOZARRÓN |              - |                - |             - |TM23 PANTALLAHUMO |TM24 DAÑO SECRETO |                - |            - |TM27 COLA VENENO |           - |            - |TM30 DESQUITE |TM31 PANTALLA LUZ |                - |              - |              - |TM35 REFUERZO |TM36 ELECTROCAÑÓN |              - |TM38 PATADA GIRO |TM39 GANCHO ALTO |          - |             - |TM42 COME SUEÑOS |          - |TM44 ECO METÁLICO |TM45 LEGADO |         - |TM47 PEDRADA |TM48 MISMODESTINO |TM49 REFUGIO |               - |HM01 CORTE |         - |        - |HM04 FUERZA |HM05 DESTELLO |HM06 GOLPE ROCA |           - |HM08 BUCEO |
215 Sneasel       |TM01 ARMAD. ÁCIDA |TM02 IMPACTRUENO |TM03 GARRA METAL |                - |TM05 V. CORTANTE |                - |            - |           - |TM09 RENCOR |             - |              - |TM12 LENGÜETAZO |             - |        - |TM15 DESEO |TM16 GUILLOTINA |TM17 CUCHILLADA |         - |            - |TM20 PUÑO HIELO |TM21 LLANTO FALSO |TM22 RETROCESO |TM23 PANTALLAHUMO |TM24 DAÑO SECRETO |TM25 BOFETÓN LODO |            - |TM27 COLA VENENO |           - |            - |TM30 DESQUITE |TM31 PANTALLA LUZ |TM32 DOBLE EQUIPO |              - |TM34 HIDROCAÑÓN |TM35 REFUERZO |TM36 ELECTROCAÑÓN |TM37 RESPLANDOR |               - |               - |          - |             - |TM42 COME SUEÑOS |          - |TM44 ECO METÁLICO |TM45 LEGADO |         - |TM47 PEDRADA |TM48 MISMODESTINO |           - |TM50 BUCLE ARENA |HM01 CORTE |         - |        - |          - |HM05 DESTELLO |HM06 GOLPE ROCA |HM07 CASCADA |         - |
216 Teddiursa     |TM01 ARMAD. ÁCIDA |TM02 IMPACTRUENO |               - |TM04 PUÑODINÁMICO |               - |TM06 COLMILLO VEN |TM07 ABSORBER |           - |TM09 RENCOR |TM10 DETECCIÓN |TM11 CONVERSIÓN |TM12 LENGÜETAZO |             - |        - |TM15 DESEO |TM16 GUILLOTINA |              - |TM18 PRESA |            - |TM20 PUÑO HIELO |                - |             - |TM23 PANTALLAHUMO |TM24 DAÑO SECRETO |                - |            - |TM27 COLA VENENO |           - |            - |TM30 DESQUITE |TM31 PANTALLA LUZ |TM32 DOBLE EQUIPO |TM33 TORBELLINO |              - |            - |TM36 ELECTROCAÑÓN |TM37 RESPLANDOR |TM38 PATADA GIRO |TM39 GANCHO ALTO |          - |TM41 TINIEBLAS |TM42 COME SUEÑOS |          - |                - |          - |TM46 AZOTE |TM47 PEDRADA |TM48 MISMODESTINO |TM49 REFUGIO |TM50 BUCLE ARENA |HM01 CORTE |HM02 VUELO |HM03 SURF |          - |HM05 DESTELLO |HM06 GOLPE ROCA |HM07 CASCADA |         - |
217 Ursaring      |                - |               - |               - |TM04 PUÑODINÁMICO |TM05 V. CORTANTE |                - |TM07 ABSORBER |TM08 ATADURA |TM09 RENCOR |TM10 DETECCIÓN |TM11 CONVERSIÓN |TM12 LENGÜETAZO |TM13 CONFUSIÓN |TM14 BOTE |TM15 DESEO |              - |TM17 CUCHILLADA |TM18 PRESA |TM19 VOZARRÓN |              - |                - |TM22 RETROCESO |                - |TM24 DAÑO SECRETO |                - |            - |TM27 COLA VENENO |TM28 SILBATO |            - |TM30 DESQUITE |                - |                - |TM33 TORBELLINO |TM34 HIDROCAÑÓN |TM35 REFUERZO |TM36 ELECTROCAÑÓN |              - |TM38 PATADA GIRO |               - |          - |             - |TM42 COME SUEÑOS |          - |                - |TM45 LEGADO |         - |           - |                - |           - |TM50 BUCLE ARENA |HM01 CORTE |         - |        - |HM04 FUERZA |            - |HM06 GOLPE ROCA |HM07 CASCADA |         - |
218 Slugma        |TM01 ARMAD. ÁCIDA |TM02 IMPACTRUENO |               - |TM04 PUÑODINÁMICO |TM05 V. CORTANTE |TM06 COLMILLO VEN |TM07 ABSORBER |           - |          - |             - |TM11 CONVERSIÓN |TM12 LENGÜETAZO |             - |        - |TM15 DESEO |              - |              - |         - |TM19 VOZARRÓN |              - |TM21 LLANTO FALSO |TM22 RETROCESO |TM23 PANTALLAHUMO |                - |TM25 BOFETÓN LODO |            - |               - |TM28 SILBATO |TM29 CHIRRIDO |TM30 DESQUITE |TM31 PANTALLA LUZ |TM32 DOBLE EQUIPO |              - |              - |            - |                - |TM37 RESPLANDOR |               - |TM39 GANCHO ALTO |TM40 RUGIDO |TM41 TINIEBLAS |TM42 COME SUEÑOS |          - |TM44 ECO METÁLICO |TM45 LEGADO |         - |           - |TM48 MISMODESTINO |           - |               - |HM01 CORTE |HM02 VUELO |HM03 SURF |HM04 FUERZA |HM05 DESTELLO |              - |HM07 CASCADA |         - |
219 Magcargo      |TM01 ARMAD. ÁCIDA |TM02 IMPACTRUENO |               - |                - |               - |TM06 COLMILLO VEN |TM07 ABSORBER |TM08 ATADURA |TM09 RENCOR |TM10 DETECCIÓN |TM11 CONVERSIÓN |TM12 LENGÜETAZO |TM13 CONFUSIÓN |TM14 BOTE |         - |TM16 GUILLOTINA |TM17 CUCHILLADA |TM18 PRESA |            - |              - |TM21 LLANTO FALSO |TM22 RETROCESO |                - |TM24 DAÑO SECRETO |TM25 BOFETÓN LODO |TM26 SORPRESA |               - |TM28 SILBATO |            - |            - |TM31 PANTALLA LUZ |                - |TM33 TORBELLINO |              - |TM35 REFUERZO |                - |              - |               - |               - |          - |TM41 TINIEBLAS |TM42 COME SUEÑOS |TM43 FISURA |TM44 ECO METÁLICO |          - |TM46 AZOTE |TM47 PEDRADA |TM48 MISMODESTINO |TM49 REFUGIO |TM50 BUCLE ARENA |HM01 CORTE |         - |        - |          - |            - |HM06 GOLPE ROCA |           - |HM08 BUCEO |
220 Swinub        |                - |               - |               - |TM04 PUÑODINÁMICO |               - |TM06 COLMILLO VEN |TM07 ABSORBER |           - |TM09 RENCOR |             - |TM11 CONVERSIÓN |              - |             - |        - |TM15 DESEO |              - |TM17 CUCHILLADA |TM18 PRESA |            - |TM20 PUÑO HIELO |                - |             - |                - |TM24 DAÑO SECRETO |                - |TM26 SORPRESA |               - |           - |TM29 CHIRRIDO |TM30 DESQUITE |                - |                - |TM33 TORBELLINO |TM34 HIDROCAÑÓN |TM35 REFUERZO |TM36 ELECTROCAÑÓN |TM37 RESPLANDOR |TM38 PATADA GIRO |TM39 GANCHO ALTO |TM40 RUGIDO |TM41 TINIEBLAS |TM42 COME SUEÑOS |          - |                - |          - |         - |TM47 PEDRADA |TM48 MISMODESTINO |           - |TM50 BUCLE ARENA |HM01 CORTE |HM02 VUELO |        - |          - |            - |HM06 GOLPE ROCA |           - |HM08 BUCEO |
221 Piloswine     |                - |TM02 IMPACTRUENO |               - |TM04 PUÑODINÁMICO |               - |                - |            - |           - |          - |             - |TM11 CONVERSIÓN |TM12 LENGÜETAZO |             - |        - |TM15 DESEO |TM16 GUILLOTINA |              - |TM18 PRESA |TM19 VOZARRÓN |TM20 PUÑO HIELO |TM21 LLANTO FALSO |             - |TM23 PANTALLAHUMO |TM24 DAÑO SECRETO |                - |            - |               - |TM28 SILBATO |            - |TM30 DESQUITE |TM31 PANTALLA LUZ |                - |TM33 TORBELLINO |TM34 HIDROCAÑÓN |TM35 REFUERZO |                - |TM37 RESPLANDOR |TM38 PATADA GIRO |TM39 GANCHO ALTO |TM40 RUGIDO |             - |TM42 COME SUEÑOS |          - |                - |          - |         - |           - |TM48 MISMODESTINO |           - |               - |HM01 CORTE |HM02 VUELO |        - |          - |HM05 DESTELLO |HM06 GOLPE ROCA |HM07 CASCADA |         - |
222 Corsola       |                - |TM02 IMPACTRUENO |               - |                - |TM05 V. CORTANTE |                - |TM07 ABSORBER |           - |TM09 RENCOR |             - |TM11 CONVERSIÓN |              - |             - |TM14 BOTE |TM15 DESEO |TM16 GUILLOTINA |              - |TM18 PRESA |TM19 VOZARRÓN |              - |                - |             - |                - |TM24 DAÑO SECRETO |                - |TM26 SORPRESA |               - |           - |            - |            - |                - |                - |              - |TM34 HIDROCAÑÓN |TM35 REFUERZO |                - |              - |               - |TM39 GANCHO ALTO |          - |             - |               - |          - |                - |TM45 LEGADO |         - |           - |                - |TM49 REFUGIO |TM50 BUCLE ARENA |         - |         - |        - |          - |            - |              - |HM07 CASCADA |         - |
223 Remoraid      |                - |               - |TM03 GARRA METAL |                - |TM05 V. CORTANTE |TM06 COLMILLO VEN |TM07 ABSORBER |TM08 ATADURA |TM09 RENCOR |TM10 DETECCIÓN |              - |TM12 LENGÜETAZO |TM13 CONFUSIÓN |        - |TM15 DESEO |              - |TM17 CUCHILLADA |TM18 PRESA |TM19 VOZARRÓN |TM20 PUÑO HIELO |                - |             - |                - |                - |                - |TM26 SORPRESA |               - |TM28 SILBATO |TM29 CHIRRIDO |TM30 DESQUITE |                - |                - |              - |TM34 HIDROCAÑÓN |            - |TM36 ELECTROCAÑÓN |TM37 RESPLANDOR |TM38 PATADA GIRO |TM39 GANCHO ALTO |          - |             - |TM42 COME SUEÑOS |TM43 FISURA |TM44 ECO METÁLICO |TM45 LEGADO |         - |           - |                - |TM49 REFUGIO |TM50 BUCLE ARENA |HM01 CORTE |HM02 VUELO |HM03 SURF |HM04 FUERZA |            - |HM06 GOLPE ROCA |HM07 CASCADA |HM08 BUCEO |
224 Octillery     |TM01 ARMAD. ÁCIDA |               - |TM03 GARRA METAL |                - |               - |TM06 COLMILLO VEN |            - |           - |          - |TM10 DETECCIÓN |              - |              - |TM13 CONFUSIÓN |        - |         - |TM16 GUILLOTINA |TM17 CUCHILLADA |         - |            - |TM20 PUÑO HIELO |                - |             - |TM23 PANTALLAHUMO |                - |TM25 BOFETÓN LODO |            - |               - |TM28 SILBATO |            - |            - |TM31 PANTALLA LUZ |TM32 DOBLE EQUIPO |              - |              - |            - |TM36 ELECTROCAÑÓN |TM37 RESPLANDOR |               - |               - |          - |TM41 TINIEBLAS |               - |TM43 FISURA |                - |          - |TM46 AZOTE |           - |TM48 MISMODESTINO |           - |               - |HM01 CORTE |         - |HM03 SURF |          - |            - |HM06 GOLPE ROCA |HM07 CASCADA |         - |
225 Delibird      |                - |TM02 IMPACTRUENO |TM03 GARRA METAL |TM04 PUÑODINÁMICO |               - |                - |            - |           - |          - |             - |              - |              - |TM13 CONFUSIÓN |        - |         - |              - |              - |         - |TM19 VOZARRÓN |              - |TM21 LLANTO FALSO |TM22 RETROCESO |                - |TM24 DAÑO SECRETO |TM25 BOFETÓN LODO |TM26 SORPRESA |               - |           - |TM29 CHIRRIDO |TM30 DESQUITE |TM31 PANTALLA LUZ |                - |              - |TM34 HIDROCAÑÓN |            - |TM36 ELECTROCAÑÓN |TM37 RESPLANDOR |TM38 PATADA GIRO |TM39 GANCHO ALTO |          - |             - |TM42 COME SUEÑOS |TM43 FISURA |TM44 ECO METÁLICO |TM45 LEGADO |TM46 AZOTE |TM47 PEDRADA |                - |TM49 REFUGIO |TM50 BUCLE ARENA |HM01 CORTE |         - |HM03 SURF |HM04 FUERZA |            - |HM06 GOLPE ROCA |           - |         - |
226 Mantine       |                - |               - |TM03 GARRA METAL |                - |TM05 V. CORTANTE |                - |TM07 ABSORBER |TM08 ATADURA |          - |             - |              - |TM12 LENGÜETAZO |             - |        - |TM15 DESEO |TM16 GUILLOTINA |              - |TM18 PRESA |TM19 VOZARRÓN |TM20 PUÑO HIELO |TM21 LLANTO FALSO |TM22 RETROCESO |TM23 PANTALLAHUMO |                - |                - |            - |               - |TM28 SILBATO |TM29 CHIRRIDO |TM30 DESQUITE |                - |                - |              - |TM34 HIDROCAÑÓN |            - |                - |TM37 RESPLANDOR |               - |               - |TM40 RUGIDO |             - |               - |TM43 FISURA |TM44 ECO METÁLICO |          - |         - |           - |                - |TM49 REFUGIO |TM50 BUCLE ARENA |         - |HM02 VUELO |        - |          - |HM05 DESTELLO |HM06 GOLPE ROCA |HM07 CASCADA |HM08 BUCEO |
227 Skarmory      |                - |               - |TM03 GARRA METAL |TM04 PUÑODINÁMICO |               - |                - |            - |TM08 ATADURA |TM09 RENCOR |TM10 DETECCIÓN |TM11 CONVERSIÓN |              - |             - |TM14 BOTE |         - |TM16 GUILLOTINA |TM17 CUCHILLADA |TM18 PRESA |TM19 VOZARRÓN |TM20 PUÑO HIELO |TM21 LLANTO FALSO |TM22 RETROCESO |TM23 PANTALLAHUMO |TM24 DAÑO SECRETO |                - |            - |               - |TM28 SILBATO |TM29 CHIRRIDO |            - |                - |TM32 DOBLE EQUIPO |              - |              - |TM35 REFUERZO |TM36 ELECTROCAÑÓN |              - |TM38 PATADA GIRO |               - |          - |             - |               - |          - |                - |TM45 LEGADO |         - |           - |TM48 MISMODESTINO |TM49 REFUGIO |               - |HM01 CORTE |         - |        - |HM04 FUERZA |HM05 DESTELLO |HM06 GOLPE ROCA |HM07 CASCADA |         - |
228 Houndour      |TM01 ARMAD. ÁCIDA |               - |               - |TM04 PUÑODINÁMICO |TM05 V. CORTANTE |TM06 COLMILLO VEN |TM07 ABSORBER |           - |          - |             - |              - |              - |             - |TM14 BOTE |         - |TM16 GUILLOTINA |              - |         - |TM19 VOZARRÓN |TM20 PUÑO HIELO |TM21 LLANTO FALSO |TM22 RETROCESO |                - |                - |                - |            - |               - |TM28 SILBATO |            - |TM30 DESQUITE |TM31 PANTALLA LUZ |                - |TM33 TORBELLINO |              - |TM35 REFUERZO |TM36 ELECTROCAÑÓN |              - |TM38 PATADA GIRO |TM39 GANCHO ALTO |          - |             - |TM42 COME SUEÑOS |          - |                - |TM45 LEGADO |TM46 AZOTE |TM47 PEDRADA |TM48 MISMODESTINO |           - |               - |HM01 CORTE |         - |HM03 SURF |HM04 FUERZA |            - |              - |HM07 CASCADA |HM08 BUCEO |
229 Houndoom      |TM01 ARMAD. ÁCIDA |TM02 IMPACTRUENO |               - |TM04 PUÑODINÁMICO |               - |TM06 COLMILLO VEN |TM07 ABSORBER |TM08 ATADURA |          - |TM10 DETECCIÓN |TM11 CONVERSIÓN |              - |TM13 CONFUSIÓN |        - |TM15 DESEO |TM16 GUILLOTINA |              - |         - |TM19 VOZARRÓN |              - |                - |             - |                - |TM24 DAÑO SECRETO |TM25 BOFETÓN LODO |TM26 SORPRESA |               - |TM28 SILBATO |            - |TM30 DESQUITE |TM31 PANTALLA LUZ |TM32 DOBLE EQUIPO |              - |TM34 HIDROCAÑÓN |            - |                - |TM37 RESPLANDOR |TM38 PATADA GIRO |TM39 GANCHO ALTO |          - |TM41 TINIEBLAS |               - |TM43 FISURA |TM44 ECO METÁLICO |          - |         - |TM47 PEDRADA |TM48 MISMODESTINO |           - |TM50 BUCLE ARENA |         - |         - |HM03 SURF |          - |HM05 DESTELLO |HM06 GOLPE ROCA |           - |HM08 BUCEO |
230 Kingdra       |                - |               - |               - |TM04 PUÑODINÁMICO |               - |TM06 COLMILLO VEN |            - |TM08 ATADURA |TM09 RENCOR |             - |TM11 CONVERSIÓN |TM12 LENGÜETAZO |TM13 CONFUSIÓN |        - |         - |TM16 GUILLOTINA |TM17 CUCHILLADA |TM18 PRESA |TM19 VOZARRÓN |TM20 PUÑO HIELO |TM21 LLANTO FALSO |             - |TM23 PANTALLAHUMO |TM24 DAÑO SECRETO |TM25 BOFETÓN LODO |            - |TM27 COLA VENENO |TM28 SILBATO |TM29 CHIRRIDO |TM30 DESQUITE |TM31 PANTALLA LUZ |TM32 DOBLE EQUIPO |TM33 TORBELLINO |              - |TM35 REFUERZO |                - |TM37 RESPLANDOR |               - |TM39 GANCHO ALTO |TM40 RUGIDO |TM41 TINIEBLAS |TM42 COME SUEÑOS |TM43 FISURA |TM44 ECO METÁLICO |          - |         - |           - |TM48 MISMODESTINO |           - |               - |HM01 CORTE |HM02 VUELO |        - |HM04 FUERZA |            - |HM06 GOLPE ROCA |           - |         - |
231 Phanpy        |                - |TM02 IMPACTRUENO |TM03 GARRA METAL |                - |TM05 V. CORTANTE |TM06 COLMILLO VEN |            - |           - |TM09 RENCOR |TM10 DETECCIÓN |              - |              - |             - |        - |TM15 DESEO |TM16 GUILLOTINA |TM17 CUCHILLADA |TM18 PRESA |TM19 VOZARRÓN |              - |TM21 LLANTO FALSO |TM22 RETROCESO |                - |TM24 DAÑO SECRETO |TM25 BOFETÓN LODO |            - |TM27 COLA VENENO |           - |TM29 CHIRRIDO |            - |                - |TM32 DOBLE EQUIPO |TM33 TORBELLINO |TM34 HIDROCAÑÓN |            - |                - |TM37 RESPLANDOR |TM38 PATADA GIRO |TM39 GANCHO ALTO |TM40 RUGIDO |TM41 TINIEBLAS |TM42 COME SUEÑOS |          - |                - |TM45 LEGADO |TM46 AZOTE |TM47 PEDRADA |                - |           - |               - |HM01 CORTE |HM02 VUELO |HM03 SURF |          - |HM05 DESTELLO |              - |HM07 CASCADA |         - |
232 Donphan       |                - |TM02 IMPACTRUENO |TM03 GARRA METAL |                - |TM05 V. CORTANTE |                - |            - |           - |TM09 RENCOR |TM10 DETECCIÓN |              - |TM12 LENGÜETAZO |TM13 CONFUSIÓN |TM14 BOTE |         - |TM16 GUILLOTINA |TM17 CUCHILLADA |         - |TM19 VOZARRÓN |TM20 PUÑO HIELO |TM21 LLANTO FALSO |TM22 RETROCESO |                - |TM24 DAÑO SECRETO |                - |            - |TM27 COLA VENENO |           - |            - |            - |TM31 PANTALLA LUZ |TM32 DOBLE EQUIPO |TM33 TORBELLINO |              - |            - |TM36 ELECTROCAÑÓN |              - |TM38 PATADA GIRO |TM39 GANCHO ALTO |          - |TM41 TINIEBLAS |TM42 COME SUEÑOS |TM43 FISURA |TM44 ECO METÁLICO |          - |         - |           - |                - |           - |               - |HM01 CORTE |         - |HM03 SURF |HM04 FUERZA |            - |HM06 GOLPE ROCA |           - |HM08 BUCEO |
233 Porygon2      |TM01 ARMAD. ÁCIDA |TM02 IMPACTRUENO |TM03 GARRA METAL |                - |TM05 V. CORTANTE |                - |TM07 ABSORBER |           - |TM09 RENCOR |             - |              - |TM12 LENGÜETAZO |             - |        - |TM15 DESEO |TM16 GUILLOTINA |TM17 CUCHILLADA |         - |TM19 VOZARRÓN |              - |                - |             - |                - |                - |                - |            - |TM27 COLA VENENO |TM28 SILBATO |            - |TM30 DESQUITE |                - |                - |TM33 TORBELLINO |              - |TM35 REFUERZO |                - |TM37 RESPLANDOR |TM38 PATADA GIRO |TM39 GANCHO ALTO |TM40 RUGIDO |             - |               - |          - |TM44 ECO METÁLICO |          - |         - |           - |TM48 MISMODESTINO |           - |               - |HM01 CORTE |HM02 VUELO |HM03 SURF |          - |HM05 DESTELLO |HM06 GOLPE ROCA |           - |         - |
234 Stantler      |TM01 ARMAD. ÁCIDA |               - |TM03 GARRA METAL |TM04 PUÑODINÁMICO |               - |                - |            - |TM08 ATADURA |          - |TM10 DETECCIÓN |TM11 CONVERSIÓN |              - |TM13 CONFUSIÓN |TM14 BOTE |TM15 DESEO |TM16 GUILLOTINA |              - |         - |            - |              - |TM21 LLANTO FALSO |TM22 RETROCESO |TM23 PANTALLAHUMO |TM24 DAÑO SECRETO |TM25 BOFETÓN LODO |            - |TM27 COLA VENENO |           - |TM29 CHIRRIDO |TM30 DESQUITE |TM31 PANTALLA LUZ |                - |              - |TM34 HIDROCAÑÓN |            - |                - |TM37 RESPLANDOR |TM38 PATADA GIRO |               - |          - |             - |               - |TM43 FISURA |TM44 ECO METÁLICO |          - |         - |           - |                - |TM49 REFUGIO |               - |HM01 CORTE |         - |HM03 SURF |          - |HM05 DESTELLO |              - |           - |HM08 BUCEO |
235 Smeargle      |TM01 ARMAD. ÁCIDA |TM02 IMPACTRUENO |TM03 GARRA METAL |TM04 PUÑODINÁMICO |               - |                - |            - |           - |          - |TM10 DETECCIÓN |              - |TM12 LENGÜETAZO |             - |        - |TM15 DESEO |TM16 GUILLOTINA |TM17 CUCHILLADA |         - |            - |              - |                - |TM22 RETROCESO |TM23 PANTALLAHUMO |TM24 DAÑO SECRETO |TM25 BOFETÓN LODO |TM26 SORPRESA |TM27 COLA VENENO |TM28 SILBATO |TM29 CHIRRIDO |            - |TM31 PANTALLA LUZ |                - |TM33 TORBELLINO |TM34 HIDROCAÑÓN |TM35 REFUERZO |TM36 ELECTROCAÑÓN |TM37 RESPLANDOR |               - |TM39 GANCHO ALTO |          - |             - |TM42 COME SUEÑOS |TM43 FISURA |TM44 ECO METÁLICO |          - |         - |           - |TM48 MISMODESTINO |TM49 REFUGIO |TM50 BUCLE ARENA |HM01 CORTE |HM02 VUELO |        - |HM04 FUERZA |HM05 DESTELLO |HM06 GOLPE ROCA |HM07 CASCADA |HM08 BUCEO |
236 Tyrogue       |                - |               - |TM03 GARRA METAL |                - |               - |                - |TM07 ABSORBER |           - |          - |             - |TM11 CONVERSIÓN |              - |TM13 CONFUSIÓN |TM14 BOTE |         - |              - |TM17 CUCHILLADA |         - |TM19 VOZARRÓN |              - |TM21 LLANTO FALSO |TM22 RETROCESO |TM23 PANTALLAHUMO |                - |TM25 BOFETÓN LODO |            - |               - |TM28 SILBATO |            - |            - |                - |TM32 DOBLE EQUIPO |TM33 TORBELLINO |TM34 HIDROCAÑÓN |            - |TM36 ELECTROCAÑÓN |TM37 RESPLANDOR |               - |TM39 GANCHO ALTO |TM40 RUGIDO |             - |               - |          - |                - |          - |         - |           - |                - |           - |               - |HM01 CORTE |         - |HM03 SURF |HM04 FUERZA |            - |HM06 GOLPE ROCA |           - |HM08 BUCEO |
237 Hitmontop     |TM01 ARMAD. ÁCIDA |               - |               - |                - |               - |                - |            - |TM08 ATADURA |TM09 RENCOR |             - |              - |              - |TM13 CONFUSIÓN |        - |         - |              - |              - |TM18 PRESA |            - |TM20 PUÑO HIELO |TM21 LLANTO FALSO |TM22 RETROCESO |TM23 PANTALLAHUMO |                - |                - |TM26 SORPRESA |TM27 COLA VENENO |TM28 SILBATO |            - |            - |TM31 PANTALLA LUZ |                - |TM33 TORBELLINO |TM34 HIDROCAÑÓN |TM35 REFUERZO |TM36 ELECTROCAÑÓN |TM37 RESPLANDOR |TM38 PATADA GIRO |               - |TM40 RUGIDO |TM41 TINIEBLAS |               - |TM43 FISURA |TM44 ECO METÁLICO |          - |TM46 AZOTE |           - |TM48 MISMODESTINO |           - |               - |HM01 CORTE |         - |HM03 SURF |HM04 FUERZA |            - |              - |HM07 CASCADA |HM08 BUCEO |
238 Smoochum      |                - |               - |               - |TM04 PUÑODINÁMICO |TM05 V. CORTANTE |                - |            - |TM08 ATADURA |TM09 RENCOR |             - |              - |TM12 LENGÜETAZO |             - |TM14 BOTE |TM15 DESEO |              - |TM17 CUCHILLADA |TM18 PRESA |TM19 VOZARRÓN |              - |TM21 LLANTO FALSO |             - |TM23 PANTALLAHUMO |TM24 DAÑO SECRETO |                - |            - |TM27 COLA VENENO |TM28 SILBATO |TM29 CHIRRIDO |TM30 DESQUITE |TM31 PANTALLA LUZ |TM32 DOBLE EQUIPO |TM33 TORBELLINO |TM34 HIDROCAÑÓN |TM35 REFUERZO |                - |              - |TM38 PATADA GIRO |               - |TM40 RUGIDO |TM41 TINIEBLAS |TM42 COME SUEÑOS |          - |                - |TM45 LEGADO |         - |           - |                - |           - |               - |HM01 CORTE |         - |        - |          - |            - |HM06 GOLPE ROCA |           - |HM08 BUCEO |
239 Elekid        |TM01 ARMAD. ÁCIDA |TM02 IMPACTRUENO |TM03 GARRA METAL |                - |               - |                - |TM07 ABSORBER |           - |TM09 RENCOR |TM10 DETECCIÓN |TM11 CONVERSIÓN |              - |TM13 CONFUSIÓN |TM14 BOTE |TM15 DESEO |              - |              - |TM18 PRESA |TM19 VOZARRÓN |              - |TM21 LLANTO FALSO |             - |TM23 PANTALLAHUMO |TM24 DAÑO SECRETO |                - |TM26 SORPRESA |TM27 COLA VENENO |TM28 SILBATO |            - |TM30 DESQUITE |TM31 PANTALLA LUZ |                - |TM33 TORBELLINO |TM34 HIDROCAÑÓN |TM35 REFUERZO |TM36 ELECTROCAÑÓN |              - |TM38 PATADA GIRO |TM39 GANCHO ALTO |TM40 RUGIDO |TM41 TINIEBLAS |TM42 COME SUEÑOS |TM43 FISURA |                - |TM45 LEGADO |TM46 AZOTE |           - |TM48 MISMODESTINO |TM49 REFUGIO |               - |HM01 CORTE |HM02 VUELO |HM03 SURF |          - |HM05 DESTELLO |              - |HM07 CASCADA |HM08 BUCEO |
240 Magby         |                - |               - |TM03 GARRA METAL |                - |TM05 V. CORTANTE |                - |            - |           - |TM09 RENCOR |TM10 DETECCIÓN |TM11 CONVERSIÓN |TM12 LENGÜETAZO |TM13 CONFUSIÓN |        - |         - |              - |              - |TM18 PRESA |TM19 VOZARRÓN |              - |                - |TM22 RETROCESO |                - |TM24 DAÑO SECRETO |TM25 BOFETÓN LODO |            - |               - |TM28 SILBATO |TM29 CHIRRIDO |            - |TM31 PANTALLA LUZ |                - |              - |TM34 HIDROCAÑÓN |            - |TM36 ELECTROCAÑÓN |              - |TM38 PATADA GIRO |TM39 GANCHO ALTO |          - |TM41 TINIEBLAS |TM42 COME SUEÑOS |          - |TM44 ECO METÁLICO |          - |TM46 AZOTE |TM47 PEDRADA |TM48 MISMODESTINO |TM49 REFUGIO |TM50 BUCLE ARENA |HM01 CORTE |         - |        - |          - |            - |              - |           - |HM08 BUCEO |
241 Miltank       |TM01 ARMAD. ÁCIDA |TM02 IMPACTRUENO |TM03 GARRA METAL |TM04 PUÑODINÁMICO |TM05 V. CORTANTE |                - |TM07 ABSORBER |           - |TM09 RENCOR |TM10 DETECCIÓN |              - |TM12 LENGÜETAZO |TM13 CONFUSIÓN |        - |         - |              - |TM17 CUCHILLADA |TM18 PRESA |            - |TM20 PUÑO HIELO |TM21 LLANTO FALSO |TM22 RETROCESO |                - |                - |                - |TM26 SORPRESA |               - |TM28 SILBATO |            - |            - |TM31 PANTALLA LUZ |                - |              - |TM34 HIDROCAÑÓN |TM35 REFUERZO |TM36 ELECTROCAÑÓN |              - |               - |TM39 GANCHO ALTO |TM40 RUGIDO |             - |               - |TM43 FISURA |TM44 ECO METÁLICO |          - |TM46 AZOTE |           - |                - |TM49 REFUGIO |TM50 BUCLE ARENA |HM01 CORTE |HM02 VUELO |HM03 SURF |HM04 FUERZA |            - |HM06 GOLPE ROCA |HM07 CASCADA |HM08 BUCEO |
242 Blissey       |TM01 ARMAD. ÁCIDA |               - |               - |                - |TM05 V. CORTANTE |TM06 COLMILLO VEN |TM07 ABSORBER |           - |          - |             - |TM11 CONVERSIÓN |TM12 LENGÜETAZO |             - |        - |         - |              - |TM17 CUCHILLADA |TM18 PRESA |            - |TM20 PUÑO HIELO |                - |TM22 RETROCESO |                - |                - |TM25 BOFETÓN LODO |            - |               - |TM28 SILBATO |TM29 CHIRRIDO |TM30 DESQUITE |TM31 PANTALLA LUZ |TM32 DOBLE EQUIPO |TM33 TORBELLINO |TM34 HIDROCAÑÓN |            - |TM36 ELECTROCAÑÓN |              - |               - |TM39 GANCHO ALTO |          - |             - |TM42 COME SUEÑOS |          - |                - |          - |TM46 AZOTE |TM47 PEDRADA |                - |TM49 REFUGIO |TM50 BUCLE ARENA |HM01 CORTE |         - |        - |HM04 FUERZA |            - |HM06 GOLPE ROCA |HM07 CASCADA |         - |
243 Raikou        |                - |               - |TM03 GARRA METAL |                - |TM05 V. CORTANTE |TM06 COLMILLO VEN |TM07 ABSORBER |TM08 ATADURA |TM09 RENCOR |             - |              - |              - |TM13 CONFUSIÓN |TM14 BOTE |TM15 DESEO |TM16 GUILLOTINA |TM17 CUCHILLADA |TM18 PRESA |            - |              - |                - |TM22 RETROCESO |                - |                - |TM25 BOFETÓN LODO |TM26 SORPRESA |               - |           - |            - |            - |                - |TM32 DOBLE EQUIPO |TM33 TORBELLINO |TM34 HIDROCAÑÓN |            - |                - |              - |               - |TM39 GANCHO ALTO |          - |TM41 TINIEBLAS |               - |          - |TM44 ECO METÁLICO |          - |TM46 AZOTE |TM47 PEDRADA |                - |TM49 REFUGIO |TM50 BUCLE ARENA |HM01 CORTE |         - |HM03 SURF |          - |            - |HM06 GOLPE ROCA |           - |         - |
244 Entei         |TM01 ARMAD. ÁCIDA |               - |TM03 GARRA METAL |                - |               - |                - |TM07 ABSORBER |TM08 ATADURA |TM09 RENCOR |             - |TM11 CONVERSIÓN |TM12 LENGÜETAZO |             - |        - |         - |TM16 GUILLOTINA |              - |         - |            - |              - |TM21 LLANTO FALSO |TM22 RETROCESO |TM23 PANTALLAHUMO |TM24 DAÑO SECRETO |TM25 BOFETÓN LODO |            - |TM27 COLA VENENO |           - |            - |            - |                - |                - |              - |TM34 HIDROCAÑÓN |TM35 REFUERZO |                - |              - |TM38 PATADA GIRO |               - |          - |             - |TM42 COME SUEÑOS |          - |                - |          - |TM46 AZOTE |           - |TM48 MISMODESTINO |TM49 REFUGIO |               - |HM01 CORTE |HM02 VUELO |        - |          - |            - |HM06 GOLPE ROCA |           - |         - |
245 Suicune       |                - |TM02 IMPACTRUENO |               - |                - |               - |                - |TM07 ABSORBER |TM08 ATADURA |TM09 RENCOR |TM10 DETECCIÓN |              - |              - |TM13 CONFUSIÓN |        - |TM15 DESEO |              - |              - |         - |TM19 VOZARRÓN |TM20 PUÑO HIELO |                - |             - |TM23 PANTALLAHUMO |TM24 DAÑO SECRETO |TM25 BOFETÓN LODO |TM26 SORPRESA |TM27 COLA VENENO |TM28 SILBATO |            - |            - |                - |TM32 DOBLE EQUIPO |TM33 TORBELLINO |TM34 HIDROCAÑÓN |            - |                - |TM37 RESPLANDOR |TM38 PATADA GIRO |TM39 GANCHO ALTO |TM40 RUGIDO |TM41 TINIEBLAS |TM42 COME SUEÑOS |          - |                - |          - |TM46 AZOTE |           - |TM48 MISMODESTINO |TM49 REFUGIO |TM50 BUCLE ARENA |HM01 CORTE |HM02 VUELO |HM03 SURF |          - |            - |              - |           - |         - |
246 Larvitar      |TM01 ARMAD. ÁCIDA |               - |TM03 GARRA METAL |TM04 PUÑODINÁMICO |TM05 V. CORTANTE |TM06 COLMILLO VEN |            - |           - |TM09 RENCOR |             - |              - |              - |             - |TM14 BOTE |TM15 DESEO |              - |              - |TM18 PRESA |TM19 VOZARRÓN |TM20 PUÑO HIELO |                - |             - |TM23 PANTALLAHUMO |                - |TM25 BOFETÓN LODO |TM26 SORPRESA |               - |           - |TM29 CHIRRIDO |TM30 DESQUITE |                - |TM32 DOBLE EQUIPO |TM33 TORBELLINO |              - |            - |                - |              - |               - |TM39 GANCHO ALTO |          - |             - |               - |          - |                - |          - |         - |TM47 PEDRADA |TM48 MISMODESTINO |TM49 REFUGIO |TM50 BUCLE ARENA |         - |HM02 VUELO |HM03 SURF |HM04 FUERZA |            - |              - |HM07 CASCADA |HM08 BUCEO |
247 Pupitar       |                - |               - |               - |                - |TM05 V. CORTANTE |                - |TM07 ABSORBER |TM08 ATADURA |TM09 RENCOR |             - |TM11 CONVERSIÓN |TM12 LENGÜETAZO |TM13 CONFUSIÓN |TM14 BOTE |TM15 DESEO |              - |              - |TM18 PRESA |            - |              - |TM21 LLANTO FALSO |TM22 RETROCESO |TM23 PANTALLAHUMO |                - |TM25 BOFETÓN LODO |            - |TM27 COLA VENENO |TM28 SILBATO |TM29 CHIRRIDO |TM30 DESQUITE |TM31 PANTALLA LUZ |TM32 DOBLE EQUIPO |              - |TM34 HIDROCAÑÓN |            - |                - |              - |               - |TM39 GANCHO ALTO |TM40 RUGIDO |TM41 TINIEBLAS |TM42 COME SUEÑOS |TM43 FISURA |                - |TM45 LEGADO |TM46 AZOTE |           - |                - |           - |               - |HM01 CORTE |         - |HM03 SURF |HM04 FUERZA |HM05 DESTELLO |HM06 GOLPE ROCA |HM07 CASCADA |HM08 BUCEO |
248 Tyranitar     |                - |TM02 IMPACTRUENO |TM03 GARRA METAL |TM04 PUÑODINÁMICO |TM05 V. CORTANTE |TM06 COLMILLO VEN |            - |           - |          - |TM10 DETECCIÓN |TM11 CONVERSIÓN |TM12 LENGÜETAZO |             - |        - |TM15 DESEO |              - |TM17 CUCHILLADA |TM18 PRESA |            - |TM20 PUÑO HIELO |TM21 LLANTO FALSO |TM22 RETROCESO |                - |TM24 DAÑO SECRETO |TM25 BOFETÓN LODO |TM26 SORPRESA |               - |           - |TM29 CHIRRIDO |TM30 DESQUITE |TM31 PANTALLA LUZ |TM32 DOBLE EQUIPO |TM33 TORBELLINO |              - |            - |TM36 ELECTROCAÑÓN |TM37 RESPLANDOR |TM38 PATADA GIRO |TM39 GANCHO ALTO |TM40 RUGIDO |             - |TM42 COME SUEÑOS |TM43 FISURA |                - |TM45 LEGADO |         - |TM47 PEDRADA |TM48 MISMODESTINO |           - |               - |HM01 CORTE |         - |        - |HM04 FUERZA |HM05 DESTELLO |              - |           - |         - |
249 Lugia         |TM01 ARMAD. ÁCIDA |               - |TM03 GARRA METAL |TM04 PUÑODINÁMICO |TM05 V. CORTANTE |                - |TM07 ABSORBER |           - |          - |             - |TM11 CONVERSIÓN |TM12 LENGÜETAZO |TM13 CONFUSIÓN |TM14 BOTE |TM15 DESEO |TM16 GUILLOTINA |TM17 CUCHILLADA |TM18 PRESA |TM19 VOZARRÓN |TM20 PUÑO HIELO |TM21 LLANTO FALSO |TM22 RETROCESO |                - |TM24 DAÑO SECRETO |                - |TM26 SORPRESA |               - |           - |TM29 CHIRRIDO |TM30 DESQUITE |                - |                - |              - |              - |TM35 REFUERZO |                - |TM37 RESPLANDOR |               - |               - |          - |             - |               - |TM43 FISURA |                - |          - |         - |           - |TM48 MISMODESTINO |           - |               - |HM01 CORTE |HM02 VUELO |HM03 SURF |HM04 FUERZA |HM05 DESTELLO |              - |           - |         - |
250 Ho-Oh         |                - |               - |               - |TM04 PUÑODINÁMICO |               - |                - |TM07 ABSORBER |           - |TM09 RENCOR |TM10 DETECCIÓN |TM11 CONVERSIÓN |TM12 LENGÜETAZO |             - |        - |TM15 DESEO |TM16 GUILLOTINA |TM17 CUCHILLADA |TM18 PRESA |TM19 VOZARRÓN |              - |TM21 LLANTO FALSO |TM22 RETROCESO |                - |                - |TM25 BOFETÓN LODO |TM26 SORPRESA |TM27 COLA VENENO |           - |            - |            - |TM31 PANTALLA LUZ |TM32 DOBLE EQUIPO |TM33 TORBELLINO |TM34 HIDROCAÑÓN |TM35 REFUERZO |TM36 ELECTROCAÑÓN |TM37 RESPLANDOR |               - |TM39 GANCHO ALTO |TM40 RUGIDO |             - |TM42 COME SUEÑOS |TM43 FISURA |                - |          - |TM46 AZOTE |TM47 PEDRADA |TM48 MISMODESTINO |TM49 REFUGIO |TM50 BUCLE ARENA |HM01 CORTE |         - |HM03 SURF |          - |HM05 DESTELLO |HM06 GOLPE ROCA |           - |HM08 BUCEO |
251 Celebi        |TM01 ARMAD. ÁCIDA |               - |               - |                - |TM05 V. CORTANTE |TM06 COLMILLO VEN |TM07 ABSORBER |TM08 ATADURA |          - |TM10 DETECCIÓN |              - |TM12 LENGÜETAZO |TM13 CONFUSIÓN |TM14 BOTE |         - |TM16 GUILLOTINA |              - |         - |            - |              - |                - |             - |                - |TM24 DAÑO SECRETO |TM25 BOFETÓN LODO |TM26 SORPRESA |               - |           - |TM29 CHIRRIDO |TM30 DESQUITE |TM31 PANTALLA LUZ |TM32 DOBLE EQUIPO |TM33 TORBELLINO |              - |            - |TM36 ELECTROCAÑÓN |              - |               - |               - |          - |             - |TM42 COME SUEÑOS |          - |TM44 ECO METÁLICO |TM45 LEGADO |         - |TM47 PEDRADA |TM48 MISMODESTINO |TM49 REFUGIO |               - |HM01 CORTE |         - |        - |          - |            - |              - |           - |         - |
252 Treecko       |                - |TM02 IMPACTRUENO |TM03 GARRA METAL |TM04 PUÑODINÁMICO |               - |                - |TM07 ABSORBER |           - |          - |             - |TM11 CONVERSIÓN |              - |TM13 CONFUSIÓN |TM14 BOTE |         - |              - |              - |         - |            - |              - |                - |TM22 RETROCESO |                - |TM24 DAÑO SECRETO |TM25 BOFETÓN LODO |            - |TM27 COLA VENENO |TM28 SILBATO |TM29 CHIRRIDO |            - |                - |                - |              - |TM34 HIDROCAÑÓN |TM35 REFUERZO |TM36 ELECTROCAÑÓN |TM37 RESPLANDOR |TM38 PATADA GIRO |TM39 GANCHO ALTO |TM40 RUGIDO |             - |TM42 COME SUEÑOS |TM43 FISURA |                - |TM45 LEGADO |TM46 AZOTE |TM47 PEDRADA |                - |           - |TM50 BUCLE ARENA |HM01 CORTE |HM02 VUELO |        - |          - |            - |HM06 GOLPE ROCA |HM07 CASCADA |         - |
253 Grovyle       |                - |TM02 IMPACTRUENO |               - |TM04 PUÑODINÁMICO |TM05 V. CORTANTE |                - |TM07 ABSORBER |           - |TM09 RENCOR |TM10 DETECCIÓN |TM11 CONVERSIÓN |TM12 LENGÜETAZO |TM13 CONFUSIÓN |TM14 BOTE |TM15 DESEO |              - |              - |TM18 PRESA |TM19 VOZARRÓN |TM20 PUÑO HIELO |                - |TM22 RETROCESO |TM23 PANTALLAHUMO |TM24 DAÑO SECRETO |TM25 BOFETÓN LODO |TM26 SORPRESA |               - |TM28 SILBATO |            - |TM30 DESQUITE |TM31 PANTALLA LUZ |TM32 DOBLE EQUIPO |              - |TM34 HIDROCAÑÓN |TM35 REFUERZO |                - |TM37 RESPLANDOR |TM38 PATADA GIRO |TM39 GANCHO ALTO |TM40 RUGIDO |TM41 TINIEBLAS |               - |          - |TM44 ECO METÁLICO |TM45 LEGADO |TM46 AZOTE |           - |TM48 MISMODESTINO |TM49 REFUGIO |               - |HM01 CORTE |         - |HM03 SURF |HM04 FUERZA |            - |              - |HM07 CASCADA |HM08 BUCEO |
254 Sceptile      |                - |               - |               - |TM04 PUÑODINÁMICO |               - |TM06 COLMILLO VEN |            - |TM08 ATADURA |TM09 RENCOR |TM10 DETECCIÓN |              - |              - |             - |TM14 BOTE |         - |TM16 GUILLOTINA |TM17 CUCHILLADA |         - |TM19 VOZARRÓN |              - |                - |TM22 RETROCESO |                - |                - |TM25 BOFETÓN LODO |            - |TM27 COLA VENENO |TM28 SILBATO |TM29 CHIRRIDO |            - |TM31 PANTALLA LUZ |TM32 DOBLE EQUIPO |              - |TM34 HIDROCAÑÓN |            - |TM36 ELECTROCAÑÓN |TM37 RESPLANDOR |               - |               - |          - |             - |TM42 COME SUEÑOS |TM43 FISURA |TM44 ECO METÁLICO |TM45 LEGADO |TM46 AZOTE |TM47 PEDRADA |                - |TM49 REFUGIO |               - |HM01 CORTE |         - |HM03 SURF |HM04 FUERZA |HM05 DESTELLO |HM06 GOLPE ROCA |           - |         - |
255 Torchic       |TM01 ARMAD. ÁCIDA |TM02 IMPACTRUENO |TM03 GARRA METAL |TM04 PUÑODINÁMICO |               - |                - |            - |           - |TM09 RENCOR |             - |TM11 CONVERSIÓN |              - |             - |TM14 BOTE |         - |              - |              - |TM18 PRESA |            - |TM20 PUÑO HIELO |                - |             - |TM23 PANTALLAHUMO |TM24 DAÑO SECRETO |                - |            - |               - |TM28 SILBATO |TM29 CHIRRIDO |TM30 DESQUITE |TM31 PANTALLA LUZ |                - |              - |              - |            - |TM36 ELECTROCAÑÓN |TM37 RESPLANDOR |               - |TM39 GANCHO ALTO |TM40 RUGIDO |             - |TM42 COME SUEÑOS |          - |TM44 ECO METÁLICO |          - |TM46 AZOTE |           - |TM48 MISMODESTINO |           - |               - |HM01 CORTE |HM02 VUELO |HM03 SURF |HM04 FUERZA |            - |              - |HM07 CASCADA |HM08 BUCEO |
256 Combusken     |                - |               - |               - |                - |               - |                - |            - |TM08 ATADURA |          - |             - |              - |TM12 LENGÜETAZO |             - |TM14 BOTE |TM15 DESEO |TM16 GUILLOTINA |TM17 CUCHILLADA |         - |TM19 VOZARRÓN |              - |TM21 LLANTO FALSO |             - |TM23 PANTALLAHUMO |                - |                - |TM26 SORPRESA |TM27 COLA VENENO |TM28 SILBATO |            - |TM30 DESQUITE |                - |TM32 DOBLE EQUIPO |              - |              - |            - |                - |TM37 RESPLANDOR |TM38 PATADA GIRO |               - |TM40 RUGIDO |             - |TM42 COME SUEÑOS |          - |TM44 ECO METÁLICO |          - |         - |           - |TM48 MISMODESTINO |           - |TM50 BUCLE ARENA |HM01 CORTE |HM02 VUELO |        - |          - |            - |HM06 GOLPE ROCA |HM07 CASCADA |HM08 BUCEO |
257 Blaziken      |                - |TM02 IMPACTRUENO |               - |TM04 PUÑODINÁMICO |               - |TM06 COLMILLO VEN |            - |TM08 ATADURA |TM09 RENCOR |TM10 DETECCIÓN |TM11 CONVERSIÓN |TM12 LENGÜETAZO |TM13 CONFUSIÓN |        - |         - |TM16 GUILLOTINA |              - |TM18 PRESA |TM19 VOZARRÓN |TM20 PUÑO HIELO |                - |TM22 RETROCESO |                - |                - |TM25 BOFETÓN LODO |TM26 SORPRESA |               - |TM28 SILBATO |TM29 CHIRRIDO |            - |                - |TM32 DOBLE EQUIPO |              - |              - |            - |                - |TM37 RESPLANDOR |TM38 PATADA GIRO |TM39 GANCHO ALTO |          - |             - |TM42 COME SUEÑOS |          - |TM44 ECO METÁLICO |TM45 LEGADO |         - |TM47 PEDRADA |TM48 MISMODESTINO |           - |TM50 BUCLE ARENA |         - |         - |        - |HM04 FUERZA |            - |HM06 GOLPE ROCA |           - |HM08 BUCEO |
258 Mudkip        |TM01 ARMAD. ÁCIDA |               - |TM03 GARRA METAL |                - |TM05 V. CORTANTE |TM06 COLMILLO VEN |            - |           - |TM09 RENCOR |TM10 DETECCIÓN |              - |              - |             - |TM14 BOTE |TM15 DESEO |              - |              - |         - |            - |              - |TM21 LLANTO FALSO |TM22 RETROCESO |                - |                - |                - |TM26 SORPRESA |TM27 COLA VENENO |TM28 SILBATO |TM29 CHIRRIDO |            - |TM31 PANTALLA LUZ |                - |              - |TM34 HIDROCAÑÓN |            - |TM36 ELECTROCAÑÓN |              - |               - |TM39 GANCHO ALTO |          - |TM41 TINIEBLAS |TM42 COME SUEÑOS |          - |TM44 ECO METÁLICO |TM45 LEGADO |         - |           - |                - |TM49 REFUGIO |               - |HM01 CORTE |HM02 VUELO |HM03 SURF |          - |HM05 DESTELLO |HM06 GOLPE ROCA |HM07 CASCADA |HM08 BUCEO |
259 Marshtomp     |                - |               - |TM03 GARRA METAL |                - |               - |TM06 COLMILLO VEN |TM07 ABSORBER |           - |TM09 RENCOR |TM10 DETECCIÓN |              - |TM12 LENGÜETAZO |             - |TM14 BOTE |         - |              - |              - |         - |            - |              - |TM21 LLANTO FALSO |             - |TM23 PANTALLAHUMO |TM24 DAÑO SECRETO |TM25 BOFETÓN LODO |TM26 SORPRESA |               - |TM28 SILBATO |TM29 CHIRRIDO |TM30 DESQUITE |                - |TM32 DOBLE EQUIPO |              - |TM34 HIDROCAÑÓN |            - |                - |TM37 RESPLANDOR |               - |TM39 GANCHO ALTO |TM40 RUGIDO |             - |TM42 COME SUEÑOS |          - |TM44 ECO METÁLICO |          - |         - |TM47 PEDRADA |                - |TM49 REFUGIO |TM50 BUCLE ARENA |HM01 CORTE |HM02 VUELO |HM03 SURF |          - |HM05 DESTELLO |HM06 GOLPE ROCA |HM07 CASCADA |HM08 BUCEO |
260 Swampert      |TM01 ARMAD. ÁCIDA |TM02 IMPACTRUENO |TM03 GARRA METAL |                - |TM05 V. CORTANTE |                - |            - |TM08 ATADURA |TM09 RENCOR |             - |              - |              - |TM13 CONFUSIÓN |        - |         - |              - |TM17 CUCHILLADA |TM18 PRESA |            - |              - |TM21 LLANTO FALSO |TM22 RETROCESO |                - |                - |TM25 BOFETÓN LODO |            - |               - |TM28 SILBATO |            - |TM30 DESQUITE |                - |TM32 DOBLE EQUIPO |TM33 TORBELLINO |TM34 HIDROCAÑÓN |            - |                - |TM37 RESPLANDOR |               - |TM39 GANCHO ALTO |          - |             - |TM42 COME SUEÑOS |TM43 FISURA |                - |          - |TM46 AZOTE |TM47 PEDRADA |                - |TM49 REFUGIO |               - |HM01 CORTE |HM02 VUELO |        - |HM04 FUERZA |            - |              - |           - |HM08 BUCEO |
261 Poochyena     |TM01 ARMAD. ÁCIDA |TM02 IMPACTRUENO |TM03 GARRA METAL |                - |               - |                - |TM07 ABSORBER |           - |          - |TM10 DETECCIÓN |              - |              - |TM13 CONFUSIÓN |TM14 BOTE |         - |              - |TM17 CUCHILLADA |TM18 PRESA |            - |              - |                - |TM22 RETROCESO |                - |TM24 DAÑO SECRETO |TM25 BOFETÓN LODO |TM26 SORPRESA |TM27 COLA VENENO |           - |            - |TM30 DESQUITE |                - |                - |              - |              - |TM35 REFUERZO |                - |TM37 RESPLANDOR |               - |TM39 GANCHO ALTO |TM40 RUGIDO |             - |               - |TM43 FISURA |                - |          - |         - |TM47 PEDRADA |                - |           - |               - |HM01 CORTE |         - |HM03 SURF |HM04 FUERZA |            - |              - |           - |HM08 BUCEO |
262 Mightyena     |                - |               - |               - |TM04 PUÑODINÁMICO |               - |TM06 COLMILLO VEN |            - |TM08 ATADURA |          - |TM10 DETECCIÓN |TM11 CONVERSIÓN |              - |TM13 CONFUSIÓN |TM14 BOTE |TM15 DESEO |              - |              - |TM18 PRESA |TM19 VOZARRÓN |              - |TM21 LLANTO FALSO |TM22 RETROCESO |TM23 PANTALLAHUMO |                - |TM25 BOFETÓN LODO |            - |TM27 COLA VENENO |           - |TM29 CHIRRIDO |            - |                - |                - |              - |              - |            - |TM36 ELECTROCAÑÓN |              - |TM38 PATADA GIRO |               - |TM40 RUGIDO |TM41 TINIEBLAS |               - |          - |                - |TM45 LEGADO |TM46 AZOTE |TM47 PEDRADA |TM48 MISMODESTINO |           - |TM50 BUCLE ARENA |HM01 CORTE |         - |HM03 SURF |HM04 FUERZA |HM05 DESTELLO |              - |HM07 CASCADA |         - |
263 Zigzagoon     |                - |               - |TM03 GARRA METAL |TM04 PUÑODINÁMICO |               - |                - |TM07 ABSORBER |TM08 ATADURA |TM09 RENCOR |             - |              - |              - |             - |TM14 BOTE |         - |TM16 GUILLOTINA |              - |TM18 PRESA |            - |              - |                - |             - |                - |TM24 DAÑO SECRETO |                - |TM26 SORPRESA |               - |           - |TM29 CHIRRIDO |TM30 DESQUITE |TM31 PANTALLA LUZ |TM32 DOBLE EQUIPO |TM33 TORBELLINO |              - |TM35 REFUERZO |TM36 ELECTROCAÑÓN |TM37 RESPLANDOR |               - |TM39 GANCHO ALTO |          - |             - |TM42 COME SUEÑOS |          - |TM44 ECO METÁLICO |          - |         - |TM47 PEDRADA |TM48 MISMODESTINO |TM49 REFUGIO |TM50 BUCLE ARENA |HM01 CORTE |HM02 VUELO |HM03 SURF |HM04 FUERZA |            - |              - |HM07 CASCADA |HM08 BUCEO |
264 Linoone       |                - |TM02 IMPACTRUENO |               - |TM04 PUÑODINÁMICO |               - |TM06 COLMILLO VEN |            - |TM08 ATADURA |TM09 RENCOR |             - |              - |TM12 LENGÜETAZO |             - |        - |TM15 DESEO |              - |TM17 CUCHILLADA |         - |            - |              - |TM21 LLANTO FALSO |             - |TM23 PANTALLAHUMO |TM24 DAÑO SECRETO |                - |            - |               - |           - |            - |            - |                - |                - |              - |TM34 HIDROCAÑÓN |TM35 REFUERZO |                - |              - |TM38 PATADA GIRO |TM39 GANCHO ALTO |          - |             - |TM42 COME SUEÑOS |TM43 FISURA |TM44 ECO METÁLICO |TM45 LEGADO |         - |TM47 PEDRADA |TM48 MISMODESTINO |           - |               - |HM01 CORTE |         - |        - |          - |HM05 DESTELLO |              - |HM07 CASCADA |HM08 BUCEO |
265 Wurmple       |TM01 ARMAD. ÁCIDA |TM02 IMPACTRUENO |TM03 GARRA METAL |                - |               - |                - |            - |TM08 ATADURA |TM09 RENCOR |             - |              - |TM12 LENGÜETAZO |             - |TM14 BOTE |         - |TM16 GUILLOTINA |TM17 CUCHILLADA |         - |            - |              - |TM21 LLANTO FALSO |TM22 RETROCESO |TM23 PANTALLAHUMO |TM24 DAÑO SECRETO |                - |TM26 SORPRESA |TM27 COLA VENENO |TM28 SILBATO |            - |            - |                - |TM32 DOBLE EQUIPO |TM33 TORBELLINO |TM34 HIDROCAÑÓN |            - |TM36 ELECTROCAÑÓN |              - |               - |               - |          - |             - |               - |TM43 FISURA |                - |TM45 LEGADO |TM46 AZOTE |TM47 PEDRADA |                - |           - |               - |HM01 CORTE |         - |HM03 SURF |          - |HM05 DESTELLO |HM06 GOLPE ROCA |HM07 CASCADA |HM08 BUCEO |
266 Silcoon       |                - |TM02 IMPACTRUENO |TM03 GARRA METAL |TM04 PUÑODINÁMICO |TM05 V. CORTANTE |                - |TM07 ABSORBER |           - |          - |TM10 DETECCIÓN |TM11 CONVERSIÓN |TM12 LENGÜETAZO |TM13 CONFUSIÓN |TM14 BOTE |TM15 DESEO |              - |TM17 CUCHILLADA |         - |            - |TM20 PUÑO HIELO |                - |TM22 RETROCESO |TM23 PANTALLAHUMO |TM24 DAÑO SECRETO |                - |TM26 SORPRESA |TM27 COLA VENENO |           - |            - |            - |TM31 PANTALLA LUZ |                - |TM33 TORBELLINO |              - |TM35 REFUERZO |TM36 ELECTROCAÑÓN |TM37 RESPLANDOR |TM38 PATADA GIRO |TM39 GANCHO ALTO |          - |TM41 TINIEBLAS |TM42 COME SUEÑOS |TM43 FISURA |                - |TM45 LEGADO |TM46 AZOTE |TM47 PEDRADA |                - |           - |TM50 BUCLE ARENA |HM01 CORTE |HM02 VUELO |HM03 SURF |HM04 FUERZA |HM05 DESTELLO |HM06 GOLPE ROCA |HM07 CASCADA |         - |
267 Beautifly     |                - |TM02 IMPACTRUENO |TM03 GARRA METAL |TM04 PUÑODINÁMICO |               - |TM06 COLMILLO VEN |TM07 ABSORBER |           - |TM09 RENCOR |             - |              - |              - |             - |TM14 BOTE |TM15 DESEO |              - |TM17 CUCHILLADA |TM18 PRESA |            - |TM20 PUÑO HIELO |TM21 LLANTO FALSO |             - |TM23 PANTALLAHUMO |                - |                - |            - |TM27 COLA VENENO |           - |TM29 CHIRRIDO |TM30 DESQUITE |                - |TM32 DOBLE EQUIPO |              - |              - |            - |                - |TM37 RESPLANDOR |               - |TM39 GANCHO ALTO |TM40 RUGIDO |TM41 TINIEBLAS |               - |          - |TM44 ECO METÁLICO |          - |TM46 AZOTE |TM47 PEDRADA |TM48 MISMODESTINO |           - |TM50 BUCLE ARENA |HM01 CORTE |         - |        - |HM04 FUERZA |            - |HM06 GOLPE ROCA |           - |HM08 BUCEO |
268 Cascoon       |                - |               - |               - |                - |TM05 V. CORTANTE |TM06 COLMILLO VEN |TM07 ABSORBER |TM08 ATADURA |          - |             - |              - |              - |TM13 CONFUSIÓN |TM14 BOTE |TM15 DESEO |              - |              - |         - |TM19 VOZARRÓN |TM20 PUÑO HIELO |TM21 LLANTO FALSO |             - |TM23 PANTALLAHUMO |TM24 DAÑO SECRETO |                - |TM26 SORPRESA |TM27 COLA VENENO |           - |TM29 CHIRRIDO |            - |TM31 PANTALLA LUZ |                - |TM33 TORBELLINO |TM34 HIDROCAÑÓN |TM35 REFUERZO |TM36 ELECTROCAÑÓN |              - |               - |TM39 GANCHO ALTO |          - |             - |               - |          - |                - |          - |TM46 AZOTE |TM47 PEDRADA |                - |           - |TM50 BUCLE ARENA |HM01 CORTE |         - |        - |HM04 FUERZA |HM05 DESTELLO |              - |           - |HM08 BUCEO |
269 Dustox        |TM01 ARMAD. ÁCIDA |               - |               - |TM04 PUÑODINÁMICO |               - |TM06 COLMILLO VEN |            - |           - |          - |TM10 DETECCIÓN |TM11 CONVERSIÓN |              - |TM13 CONFUSIÓN |        - |         - |              - |              - |         - |            - |TM20 PUÑO HIELO |TM21 LLANTO FALSO |             - |                - |TM24 DAÑO SECRETO |TM25 BOFETÓN LODO |TM26 SORPRESA |               - |TM28 SILBATO |TM29 CHIRRIDO |            - |TM31 PANTALLA LUZ |                - |              - |              - |TM35 REFUERZO |TM36 ELECTROCAÑÓN |              - |               - |               - |          - |             - |TM42 COME SUEÑOS |TM43 FISURA |                - |TM45 LEGADO |TM46 AZOTE |TM47 PEDRADA |TM48 MISMODESTINO |           - |TM50 BUCLE ARENA |HM01 CORTE |         - |        - |          - |HM05 DESTELLO |HM06 GOLPE ROCA |HM07 CASCADA |HM08 BUCEO |
270 Lotad         |TM01 ARMAD. ÁCIDA |TM02 IMPACTRUENO |TM03 GARRA METAL |TM04 PUÑODINÁMICO |               - |                - |TM07 ABSORBER |           - |TM09 RENCOR |TM10 DETECCIÓN |TM11 CONVERSIÓN |              - |TM13 CONFUSIÓN |        - |TM15 DESEO |TM16 GUILLOTINA |              - |         - |TM19 VOZARRÓN |              - |                - |             - |TM23 PANTALLAHUMO |                - |                - |TM26 SORPRESA |               - |TM28 SILBATO |            - |            - |                - |                - |TM33 TORBELLINO |              - |            - |TM36 ELECTROCAÑÓN |TM37 RESPLANDOR |               - |               - |TM40 RUGIDO |             - |TM42 COME SUEÑOS |TM43 FISURA |TM44 ECO METÁLICO |TM45 LEGADO |         - |           - |TM48 MISMODESTINO |TM49 REFUGIO |TM50 BUCLE ARENA |         - |HM02 VUELO |HM03 SURF |          - |HM05 DESTELLO |              - |HM07 CASCADA |HM08 BUCEO |
271 Lombre        |TM01 ARMAD. ÁCIDA |TM02 IMPACTRUENO |               - |                - |TM05 V. CORTANTE |                - |            - |           - |          - |TM10 DETECCIÓN |              - |              - |TM13 CONFUSIÓN |        - |         - |              - |              - |TM18 PRESA |TM19 VOZARRÓN |              - |                - |             - |                - |TM24 DAÑO SECRETO |TM25 BOFETÓN LODO |TM26 SORPRESA |TM27 COLA VENENO |TM28 SILBATO |            - |TM30 DESQUITE |TM31 PANTALLA LUZ |                - |              - |TM34 HIDROCAÑÓN |TM35 REFUERZO |TM36 ELECTROCAÑÓN |TM37 RESPLANDOR |               - |               - |TM40 RUGIDO |             - |               - |TM43 FISURA |                - |          - |         - |TM47 PEDRADA |TM48 MISMODESTINO |TM49 REFUGIO |TM50 BUCLE ARENA |         - |HM02 VUELO |HM03 SURF |          - |            - |              - |HM07 CASCADA |HM08 BUCEO |
272 Ludicolo      |                - |TM02 IMPACTRUENO |TM03 GARRA METAL |                - |               - |                - |            - |           - |TM09 RENCOR |TM10 DETECCIÓN |TM11 CONVERSIÓN |TM12 LENGÜETAZO |TM13 CONFUSIÓN |        - |         - |              - |TM17 CUCHILLADA |         - |            - |              - |TM21 LLANTO FALSO |             - |                - |                - |                - |            - |               - |TM28 SILBATO |TM29 CHIRRIDO |TM30 DESQUITE |                - |TM32 DOBLE EQUIPO |              - |TM34 HIDROCAÑÓN |            - |TM36 ELECTROCAÑÓN |              - |TM38 PATADA GIRO |TM39 GANCHO ALTO |          - |TM41 TINIEBLAS |TM42 COME SUEÑOS |TM43 FISURA |TM44 ECO METÁLICO |TM45 LEGADO |         - |TM47 PEDRADA |TM48 MISMODESTINO |           - |TM50 BUCLE ARENA |HM01 CORTE |         - |HM03 SURF |HM04 FUERZA |            - |              - |HM07 CASCADA |HM08 BUCEO |
273 Seedot        |TM01 ARMAD. ÁCIDA |TM02 IMPACTRUENO |TM03 GARRA METAL |TM04 PUÑODINÁMICO |TM05 V. CORTANTE |                - |TM07 ABSORBER |TM08 ATADURA |TM09 RENCOR |TM10 DETECCIÓN |TM11 CONVERSIÓN |TM12 LENGÜETAZO |TM13 CONFUSIÓN |        - |         - |TM16 GUILLOTINA |              - |         - |            - |TM20 PUÑO HIELO |                - |             - |                - |                - |                - |            - |               - |           - |TM29 CHIRRIDO |TM30 DESQUITE |                - |TM32 DOBLE EQUIPO |TM33 TORBELLINO |TM34 HIDROCAÑÓN |TM35 REFUERZO |                - |TM37 RESPLANDOR |               - |TM39 GANCHO ALTO |          - |TM41 TINIEBLAS |TM42 COME SUEÑOS |TM43 FISURA |                - |          - |         - |           - |TM48 MISMODESTINO |TM49 REFUGIO |TM50 BUCLE ARENA |HM01 CORTE |HM02 VUELO |        - |HM04 FUERZA |HM05 DESTELLO |              - |HM07 CASCADA |HM08 BUCEO |
274 Nuzleaf       |                - |TM02 IMPACTRUENO |TM03 GARRA METAL |TM04 PUÑODINÁMICO |               - |TM06 COLMILLO VEN |TM07 ABSORBER |           - |TM09 RENCOR |             - |TM11 CONVERSIÓN |TM12 LENGÜETAZO |TM13 CONFUSIÓN |TM14 BOTE |TM15 DESEO |TM16 GUILLOTINA |TM17 CUCHILLADA |         - |TM19 VOZARRÓN |TM20 PUÑO HIELO |TM21 LLANTO FALSO |TM22 RETROCESO |TM23 PANTALLAHUMO |TM24 DAÑO SECRETO |TM25 BOFETÓN LODO |TM26 SORPRESA |               - |TM28 SILBATO |TM29 CHIRRIDO |            - |TM31 PANTALLA LUZ |                - |TM33 TORBELLINO |              - |TM35 REFUERZO |                - |TM37 RESPLANDOR |               - |TM39 GANCHO ALTO |          - |             - |               - |TM43 FISURA |                - |TM45 LEGADO |         - |TM47 PEDRADA |                - |           - |               - |         - |         - |HM03 SURF |HM04 FUERZA |HM05 DESTELLO |HM06 GOLPE ROCA |HM07 CASCADA |         - |
275 Shiftry       |                - |               - |TM03 GARRA METAL |                - |TM05 V. CORTANTE |TM06 COLMILLO VEN |            - |TM08 ATADURA |TM09 RENCOR |             - |              - |              - |TM13 CONFUSIÓN |        - |         - |TM16 GUILLOTINA |              - |         - |TM19 VOZARRÓN |TM20 PUÑO HIELO |                - |TM22 RETROCESO |TM23 PANTALLAHUMO |TM24 DAÑO SECRETO |                - |            - |TM27 COLA VENENO |           - |TM29 CHIRRIDO |TM30 DESQUITE |TM31 PANTALLA LUZ |                - |TM33 TORBELLINO |              - |TM35 REFUERZO |                - |TM37 RESPLANDOR |TM38 PATADA GIRO |               - |TM40 RUGIDO |             - |               - |          - |TM44 ECO METÁLICO |TM45 LEGADO |         - |           - |TM48 MISMODESTINO |           - |               - |HM01 CORTE |HM02 VUELO |        - |          - |            - |HM06 GOLPE ROCA |HM07 CASCADA |HM08 BUCEO |
276 Taillow       |TM01 ARMAD. ÁCIDA |               - |TM03 GARRA METAL |TM04 PUÑODINÁMICO |TM05 V. CORTANTE |                - |TM07 ABSORBER |           - |TM09 RENCOR |             - |TM11 CONVERSIÓN |              - |TM13 CONFUSIÓN |        - |TM15 DESEO |              - |TM17 CUCHILLADA |         - |            - |              - |                - |             - |TM23 PANTALLAHUMO |TM24 DAÑO SECRETO |                - |            - |TM27 COLA VENENO |           - |            - |            - |TM31 PANTALLA LUZ |TM32 DOBLE EQUIPO |TM33 TORBELLINO |TM34 HIDROCAÑÓN |            - |TM36 ELECTROCAÑÓN |TM37 RESPLANDOR |               - |               - |TM40 RUGIDO |             - |               - |TM43 FISURA |                - |          - |         - |           - |TM48 MISMODESTINO |           - |               - |HM01 CORTE |HM02 VUELO |HM03 SURF |HM04 FUERZA |HM05 DESTELLO |HM06 GOLPE ROCA |HM07 CASCADA |HM08 BUCEO |
277 Swellow       |TM01 ARMAD. ÁCIDA |               - |               - |TM04 PUÑODINÁMICO |TM05 V. CORTANTE |                - |TM07 ABSORBER |TM08 ATADURA |TM09 RENCOR |TM10 DETECCIÓN |              - |TM12 LENGÜETAZO |TM13 CONFUSIÓN |TM14 BOTE |         - |              - |              - |TM18 PRESA |            - |TM20 PUÑO HIELO |                - |TM22 RETROCESO |TM23 PANTALLAHUMO |                - |TM25 BOFETÓN LODO |            - |               - |TM28 SILBATO |TM29 CHIRRIDO |            - |                - |                - |              - |              - |TM35 REFUERZO |TM36 ELECTROCAÑÓN |TM37 RESPLANDOR |               - |               - |TM40 RUGIDO |TM41 TINIEBLAS |TM42 COME SUEÑOS |          - |                - |          - |TM46 AZOTE |           - |TM48 MISMODESTINO |           - |               - |HM01 CORTE |HM02 VUELO |        - |          - |HM05 DESTELLO |HM06 GOLPE ROCA |HM07 CASCADA |HM08 BUCEO |
278 Wingull       |TM01 ARMAD. ÁCIDA |               - |               - |                - |TM05 V. CORTANTE |                - |TM07 ABSORBER |           - |          - |TM10 DETECCIÓN |TM11 CONVERSIÓN |              - |TM13 CONFUSIÓN |TM14 BOTE |TM15 DESEO |TM16 GUILLOTINA |TM17 CUCHILLADA |TM18 PRESA |            - |TM20 PUÑO HIELO |TM21 LLANTO FALSO |             - |                - |                - |TM25 BOFETÓN LODO |TM26 SORPRESA |               - |TM28 SILBATO |            - |TM30 DESQUITE |TM31 PANTALLA LUZ |TM32 DOBLE EQUIPO |              - |TM34 HIDROCAÑÓN |            - |TM36 ELECTROCAÑÓN |TM37 RESPLANDOR |               - |               - |          - |             - |TM42 COME SUEÑOS |          - |                - |          - |         - |           - |TM48 MISMODESTINO |TM49 REFUGIO |TM50 BUCLE ARENA |HM01 CORTE |         - |HM03 SURF |          - |            - |              - |HM07 CASCADA |HM08 BUCEO |
279 Pelipper      |                - |               - |TM03 GARRA METAL |                - |               - |TM06 COLMILLO VEN |            - |           - |TM09 RENCOR |             - |TM11 CONVERSIÓN |TM12 LENGÜETAZO |TM13 CONFUSIÓN |        - |         - |              - |TM17 CUCHILLADA |         - |TM19 VOZARRÓN |TM20 PUÑO HIELO |TM21 LLANTO FALSO |TM22 RETROCESO |TM23 PANTALLAHUMO |TM24 DAÑO SECRETO |TM25 BOFETÓN LODO |TM26 SORPRESA |TM27 COLA VENENO |           - |TM29 CHIRRIDO |TM30 DESQUITE |TM31 PANTALLA LUZ |                - |              - |              - |TM35 REFUERZO |                - |              - |TM38 PATADA GIRO |TM39 GANCHO ALTO |          - |             - |TM42 COME SUEÑOS |          - |TM44 ECO METÁLICO |TM45 LEGADO |         - |TM47 PEDRADA |                - |TM49 REFUGIO |               - |HM01 CORTE |         - |HM03 SURF |          - |HM05 DESTELLO |HM06 GOLPE ROCA |HM07 CASCADA |HM08 BUCEO |
280 Ralts         |                - |TM02 IMPACTRUENO |               - |                - |TM05 V. CORTANTE |TM06 COLMILLO VEN |            - |           - |TM09 RENCOR |             - |TM11 CONVERSIÓN |TM12 LENGÜETAZO |TM13 CONFUSIÓN |        - |TM15 DESEO |TM16 GUILLOTINA |TM17 CUCHILLADA |         - |            - |              - |TM21 LLANTO FALSO |             - |TM23 PANTALLAHUMO |TM24 DAÑO SECRETO |TM25 BOFETÓN LODO |TM26 SORPRESA |TM27 COLA VENENO |TM28 SILBATO |            - |TM30 DESQUITE |                - |                - |TM33 TORBELLINO |TM34 HIDROCAÑÓN |            - |TM36 ELECTROCAÑÓN |              - |TM38 PATADA GIRO |               - |TM40 RUGIDO |TM41 TINIEBLAS |               - |TM43 FISURA |TM44 ECO METÁLICO |          - |         - |TM47 PEDRADA |TM48 MISMODESTINO |           - |               - |HM01 CORTE |HM02 VUELO |HM03 SURF |HM04 FUERZA |HM05 DESTELLO |              - |HM07 CASCADA |         - |
281 Kirlia        |TM01 ARMAD. ÁCIDA |               - |               - |                - |               - |                - |            - |           - |          - |             - |              - |              - |             - |        - |         - |TM16 GUILLOTINA |TM17 CUCHILLADA |TM18 PRESA |TM19 VOZARRÓN |              - |                - |             - |TM23 PANTALLAHUMO |                - |                - |TM26 SORPRESA |TM27 COLA VENENO |TM28 SILBATO |TM29 CHIRRIDO |TM30 DESQUITE |                - |TM32 DOBLE EQUIPO |              - |              - |            - |                - |TM37 RESPLANDOR |               - |TM39 GANCHO ALTO |          - |             - |               - |TM43 FISURA |TM44 ECO METÁLICO |          - |TM46 AZOTE |TM47 PEDRADA |                - |TM49 REFUGIO |               - |HM01 CORTE |         - |        - |          - |            - |              - |HM07 CASCADA |HM08 BUCEO |
282 Gardevoir     |TM01 ARMAD. ÁCIDA |               - |TM03 GARRA METAL |                - |TM05 V. CORTANTE |                - |            - |TM08 ATADURA |TM09 RENCOR |TM10 DETECCIÓN |              - |              - |             - |        - |         - |              - |              - |         - |TM19 VOZARRÓN |TM20 PUÑO HIELO |TM21 LLANTO FALSO |TM22 RETROCESO |TM23 PANTALLAHUMO |TM24 DAÑO SECRETO |                - |            - |TM27 COLA VENENO |TM28 SILBATO |            - |TM30 DESQUITE |TM31 PANTALLA LUZ |                - |              - |TM34 HIDROCAÑÓN |            - |TM36 ELECTROCAÑÓN |TM37 RESPLANDOR |TM38 PATADA GIRO |TM39 GANCHO ALTO |TM40 RUGIDO |             - |               - |          - |                - |          - |         - |           - |                - |           - |               - |HM01 CORTE |HM02 VUELO |        - |          - |            - |HM06 GOLPE ROCA |           - |         - |
283 Surskit       |TM01 ARMAD. ÁCIDA |TM02 IMPACTRUENO |TM03 GARRA METAL |TM04 PUÑODINÁMICO |               - |                - |            - |TM08 ATADURA |TM09 RENCOR |TM10 DETECCIÓN |TM11 CONVERSIÓN |              - |TM13 CONFUSIÓN |        - |         - |              - |              - |TM18 PRESA |            - |              - |TM21 LLANTO FALSO |             - |                - |                - |TM25 BOFETÓN LODO |            - |TM27 COLA VENENO |           - |            - |            - |                - |TM32 DOBLE EQUIPO |TM33 TORBELLINO |TM34 HIDROCAÑÓN |TM35 REFUERZO |TM36 ELECTROCAÑÓN |              - |               - |               - |          - |             - |               - |          - |TM44 ECO METÁLICO |          - |         - |TM47 PEDRADA |                - |TM49 REFUGIO |TM50 BUCLE ARENA |HM01 CORTE |         - |HM03 SURF |          - |HM05 DESTELLO |HM06 GOLPE ROCA |HM07 CASCADA |HM08 BUCEO |
284 Masquerain    |                - |               - |               - |TM04 PUÑODINÁMICO |               - |                - |TM07 ABSORBER |           - |TM09 RENCOR |             - |TM11 CONVERSIÓN |TM12 LENGÜETAZO |             - |        - |TM15 DESEO |TM16 GUILLOTINA |TM17 CUCHILLADA |         - |TM19 VOZARRÓN |TM20 PUÑO HIELO |TM21 LLANTO FALSO |TM22 RETROCESO |TM23 PANTALLAHUMO |TM24 DAÑO SECRETO |                - |TM26 SORPRESA |TM27 COLA VENENO |TM28 SILBATO |TM29 CHIRRIDO |            - |                - |                - |              - |              - |TM35 REFUERZO |TM36 ELECTROCAÑÓN |TM37 RESPLANDOR |               - |TM39 GANCHO ALTO |TM40 RUGIDO |TM41 TINIEBLAS |               - |TM43 FISURA |TM44 ECO METÁLICO |TM45 LEGADO |TM46 AZOTE |           - |                - |TM49 REFUGIO |TM50 BUCLE ARENA |HM01 CORTE |HM02 VUELO |        - |HM04 FUERZA |HM05 DESTELLO |HM06 GOLPE ROCA |HM07 CASCADA |         - |
285 Shroomish     |TM01 ARMAD. ÁCIDA |TM02 IMPACTRUENO |TM03 GARRA METAL |TM04 PUÑODINÁMICO |               - |                - |TM07 ABSORBER |TM08 ATADURA |          - |TM10 DETECCIÓN |TM11 CONVERSIÓN |TM12 LENGÜETAZO |TM13 CONFUSIÓN |TM14 BOTE |         - |              - |TM17 CUCHILLADA |TM18 PRESA |TM19 VOZARRÓN |              - |TM21 LLANTO FALSO |             - |                - |TM24 DAÑO SECRETO |TM25 BOFETÓN LODO |            - |               - |TM28 SILBATO |            - |TM30 DESQUITE |TM31 PANTALLA LUZ |                - |              - |TM34 HIDROCAÑÓN |            - |TM36 ELECTROCAÑÓN |TM37 RESPLANDOR |               - |TM39 GANCHO ALTO |TM40 RUGIDO |             - |TM42 COME SUEÑOS |TM43 FISURA |                - |TM45 LEGADO |         - |TM47 PEDRADA |TM48 MISMODESTINO |           - |               - |HM01 CORTE |         - |HM03 SURF |          - |HM05 DESTELLO |              - |HM07 CASCADA |         - |
286 Breloom       |TM01 ARMAD. ÁCIDA |TM02 IMPACTRUENO |TM03 GARRA METAL |                - |TM05 V. CORTANTE |                - |TM07 ABSORBER |TM08 ATADURA |TM09 RENCOR |             - |              - |TM12 LENGÜETAZO |TM13 CONFUSIÓN |TM14 BOTE |TM15 DESEO |              - |              - |         - |TM19 VOZARRÓN |              - |TM21 LLANTO FALSO |TM22 RETROCESO |TM23 PANTALLAHUMO |                - |TM25 BOFETÓN LODO |TM26 SORPRESA |               - |TM28 SILBATO |            - |            - |TM31 PANTALLA LUZ |                - |TM33 TORBELLINO |TM34 HIDROCAÑÓN |TM35 REFUERZO |TM36 ELECTROCAÑÓN |              - |               - |               - |TM40 RUGIDO |TM41 TINIEBLAS |               - |          - |                - |TM45 LEGADO |         - |           - |TM48 MISMODESTINO |           - |TM50 BUCLE ARENA |HM01 CORTE |HM02 VUELO |HM03 SURF |HM04 FUERZA |HM05 DESTELLO |HM06 GOLPE ROCA |HM07 CASCADA |         - |
287 Slakoth       |                - |TM02 IMPACTRUENO |               - |                - |               - |                - |TM07 ABSORBER |TM08 ATADURA |TM09 RENCOR |             - |              - |              - |TM13 CONFUSIÓN |        - |         - |TM16 GUILLOTINA |              - |TM18 PRESA |            - |TM20 PUÑO HIELO |TM21 LLANTO FALSO |             - |                - |                - |                - |TM26 SORPRESA |TM27 COLA VENENO |TM28 SILBATO |            - |TM30 DESQUITE |                - |TM32 DOBLE EQUIPO |              - |              - |            - |                - |TM37 RESPLANDOR |TM38 PATADA GIRO |TM39 GANCHO ALTO |TM40 RUGIDO |             - |               - |          - |                - |          - |         - |TM47 PEDRADA |TM48 MISMODESTINO |TM49 REFUGIO |               - |HM01 CORTE |         - |        - |HM04 FUERZA |            - |              - |           - |HM08 BUCEO |
288 Vigoroth      |                - |TM02 IMPACTRUENO |               - |TM04 PUÑODINÁMICO |               - |TM06 COLMILLO VEN |TM07 ABSORBER |TM08 ATADURA |TM09 RENCOR |             - |              - |              - |TM13 CONFUSIÓN |TM14 BOTE |TM15 DESEO |              - |              - |         - |TM19 VOZARRÓN |TM20 PUÑO HIELO |                - |             - |TM23 PANTALLAHUMO |                - |                - |            - |TM27 COLA VENENO |TM28 SILBATO |            - |            - |TM31 PANTALLA LUZ |                - |              - |TM34 HIDROCAÑÓN |            - |TM36 ELECTROCAÑÓN |TM37 RESPLANDOR |TM38 PATADA GIRO |               - |          - |             - |TM42 COME SUEÑOS |TM43 FISURA |TM44 ECO METÁLICO |          - |         - |TM47 PEDRADA |                - |TM49 REFUGIO |               - |HM01 CORTE |HM02 VUELO |HM03 SURF |HM04 FUERZA |            - |              - |           - |HM08 BUCEO |
289 Slaking       |                - |TM02 IMPACTRUENO |               - |TM04 PUÑODINÁMICO |TM05 V. CORTANTE |                - |            - |TM08 ATADURA |          - |TM10 DETECCIÓN |              - |              - |TM13 CONFUSIÓN |TM14 BOTE |         - |              - |              - |TM18 PRESA |TM19 VOZARRÓN |TM20 PUÑO HIELO |                - |             - |                - |                - |TM25 BOFETÓN LODO |            - |               - |TM28 SILBATO |TM29 CHIRRIDO |            - |                - |TM32 DOBLE EQUIPO |TM33 TORBELLINO |              - |            - |                - |TM37 RESPLANDOR |               - |TM39 GANCHO ALTO |          - |             - |TM42 COME SUEÑOS |TM43 FISURA |                - |TM45 LEGADO |         - |           - |TM48 MISMODESTINO |           - |               - |HM01 CORTE |HM02 VUELO |        - |HM04 FUERZA |HM05 DESTELLO |              - |           - |         - |
290 Nincada       |                - |               - |               - |                - |TM05 V. CORTANTE |TM06 COLMILLO VEN |TM07 ABSORBER |TM08 ATADURA |TM09 RENCOR |TM10 DETECCIÓN |              - |              - |             - |        - |TM15 DESEO |TM16 GUILLOTINA |              - |         - |            - |              - |                - |             - |                - |TM24 DAÑO SECRETO |TM25 BOFETÓN LODO |TM26 SORPRESA |TM27 COLA VENENO |TM28 SILBATO |            - |            - |TM31 PANTALLA LUZ |TM32 DOBLE EQUIPO |TM33 TORBELLINO |              - |TM35 REFUERZO |TM36 ELECTROCAÑÓN |              - |TM38 PATADA GIRO |TM39 GANCHO ALTO |          - |TM41 TINIEBLAS |               - |          - |TM44 ECO METÁLICO |TM45 LEGADO |         - |           - |                - |TM49 REFUGIO |               - |HM01 CORTE |         - |        - |          - |HM05 DESTELLO |HM06 GOLPE ROCA |           - |HM08 BUCEO |
291 Ninjask       |TM01 ARMAD. ÁCIDA |               - |               - |TM04 PUÑODINÁMICO |               - |                - |            - |TM08 ATADURA |TM09 RENCOR |TM10 DETECCIÓN |TM11 CONVERSIÓN |              - |             - |        - |TM15 DESEO |              - |TM17 CUCHILLADA |         - |            - |              - |                - |             - |TM23 PANTALLAHUMO |                - |TM25 BOFETÓN LODO |            - |               - |           - |TM29 CHIRRIDO |            - |                - |TM32 DOBLE EQUIPO |TM33 TORBELLINO |TM34 HIDROCAÑÓN |TM35 REFUERZO |TM36 ELECTROCAÑÓN |              - |TM38 PATADA GIRO |               - |          - |TM41 TINIEBLAS |TM42 COME SUEÑOS |TM43 FISURA |                - |          - |         - |TM47 PEDRADA |                - |           - |TM50 BUCLE ARENA |HM01 CORTE |         - |        - |HM04 FUERZA |            - |              - |           - |HM08 BUCEO |
292 Shedinja      |                - |               - |TM03 GARRA METAL |                - |               - |TM06 COLMILLO VEN |TM07 ABSORBER |           - |          - |             - |              - |              - |             - |        - |TM15 DESEO |TM16 GUILLOTINA |TM17 CUCHILLADA |TM18 PRESA |TM19 VOZARRÓN |TM20 PUÑO HIELO |                - |TM22 RETROCESO |TM23 PANTALLAHUMO |TM24 DAÑO SECRETO |                - |TM26 SORPRESA |               - |           - |            - |            - |TM31 PANTALLA LUZ |TM32 DOBLE EQUIPO |              - |TM34 HIDROCAÑÓN |            - |TM36 ELECTROCAÑÓN |TM37 RESPLANDOR |               - |TM39 GANCHO ALTO |TM40 RUGIDO |TM41 TINIEBLAS |               - |          - |TM44 ECO METÁLICO |          - |         - |           - |TM48 MISMODESTINO |           - |TM50 BUCLE ARENA |HM01 CORTE |         - |        - |HM04 FUERZA |HM05 DESTELLO |              - |HM07 CASCADA |         - |
293 Whismur       |TM01 ARMAD. ÁCIDA |TM02 IMPACTRUENO |               - |                - |TM05 V. CORTANTE |TM06 COLMILLO VEN |            - |           - |          - |             - |              - |              - |             - |        - |TM15 DESEO |TM16 GUILLOTINA |TM17 CUCHILLADA |         - |TM19 VOZARRÓN |              - |                - |             - |                - |TM24 DAÑO SECRETO |                - |TM26 SORPRESA |TM27 COLA VENENO |TM28 SILBATO |            - |            - |                - |                - |TM33 TORBELLINO |              - |TM35 REFUERZO |TM36 ELECTROCAÑÓN |TM37 RESPLANDOR |TM38 PATADA GIRO |TM39 GANCHO ALTO |TM40 RUGIDO |TM41 TINIEBLAS |               - |          - |TM44 ECO METÁLICO |TM45 LEGADO |TM46 AZOTE |TM47 PEDRADA |TM48 MISMODESTINO |TM49 REFUGIO |TM50 BUCLE ARENA |HM01 CORTE |         - |HM03 SURF |HM04 FUERZA |            - |              - |           - |HM08 BUCEO |
294 Loudred       |TM01 ARMAD. ÁCIDA |               - |TM03 GARRA METAL |                - |               - |                - |TM07 ABSORBER |TM08 ATADURA |TM09 RENCOR |TM10 DETECCIÓN |TM11 CONVERSIÓN |              - |TM13 CONFUSIÓN |TM14 BOTE |         - |              - |TM17 CUCHILLADA |TM18 PRESA |            - |              - |TM21 LLANTO FALSO |TM22 RETROCESO |TM23 PANTALLAHUMO |                - |                - |            - |TM27 COLA VENENO |           - |TM29 CHIRRIDO |TM30 DESQUITE |TM31 PANTALLA LUZ |TM32 DOBLE EQUIPO |              - |              - |            - |                - |TM37 RESPLANDOR |TM38 PATADA GIRO |               - |TM40 RUGIDO |             - |TM42 COME SUEÑOS |          - |                - |TM45 LEGADO |         - |           - |TM48 MISMODESTINO |TM49 REFUGIO |               - |HM01 CORTE |         - |        - |          - |            - |HM06 GOLPE ROCA |HM07 CASCADA |HM08 BUCEO |
295 Exploud       |                - |               - |               - |TM04 PUÑODINÁMICO |TM05 V. CORTANTE |TM06 COLMILLO VEN |TM07 ABSORBER |           - |          - |             - |              - |              - |TM13 CONFUSIÓN |        - |         - |TM16 GUILLOTINA |              - |TM18 PRESA |            - |TM20 PUÑO HIELO |                - |             - |TM23 PANTALLAHUMO |                - |                - |TM26 SORPRESA |TM27 COLA VENENO |           - |TM29 CHIRRIDO |TM30 DESQUITE |TM31 PANTALLA LUZ |TM32 DOBLE EQUIPO |              - |              - |            - |                - |TM37 RESPLANDOR |TM38 PATADA GIRO |TM39 GANCHO ALTO |TM40 RUGIDO |TM41 TINIEBLAS |TM42 COME SUEÑOS |          - |                - |          - |         - |TM47 PEDRADA |                - |           - |               - |HM01 CORTE |HM02 VUELO |        - |          - |            - |              - |HM07 CASCADA |         - |
296 Makuhita      |                - |TM02 IMPACTRUENO |               - |TM04 PUÑODINÁMICO |TM05 V. CORTANTE |TM06 COLMILLO VEN |            - |           - |          - |             - |              - |TM12 LENGÜETAZO |             - |        - |         - |              - |              - |TM18 PRESA |            - |              - |                - |             - |TM23 PANTALLAHUMO |TM24 DAÑO SECRETO |                - |            - |TM27 COLA VENENO |TM28 SILBATO |            - |TM30 DESQUITE |                - |TM32 DOBLE EQUIPO |TM33 TORBELLINO |TM34 HIDROCAÑÓN |TM35 REFUERZO |                - |TM37 RESPLANDOR |               - |TM39 GANCHO ALTO |TM40 RUGIDO |TM41 TINIEBLAS |TM42 COME SUEÑOS |          - |TM44 ECO METÁLICO |TM45 LEGADO |TM46 AZOTE |TM47 PEDRADA |                - |           - |TM50 BUCLE ARENA |HM01 CORTE |         - |HM03 SURF |HM04 FUERZA |HM05 DESTELLO |HM06 GOLPE ROCA |HM07 CASCADA |         - |
297 Hariyama      |TM01 ARMAD. ÁCIDA |TM02 IMPACTRUENO |               - |                - |               - |                - |            - |           - |TM09 RENCOR |TM10 DETECCIÓN |              - |              - |             - |TM14 BOTE |         - |              - |              - |TM18 PRESA |TM19 VOZARRÓN |              - |TM21 LLANTO FALSO |TM22 RETROCESO |                - |TM24 DAÑO SECRETO |TM25 BOFETÓN LODO |            - |               - |           - |            - |TM30 DESQUITE |                - |TM32 DOBLE EQUIPO |              - |TM34 HIDROCAÑÓN |TM35 REFUERZO |TM36 ELECTROCAÑÓN |TM37 RESPLANDOR |               - |               - |TM40 RUGIDO |             - |               - |TM43 FISURA |                - |          - |TM46 AZOTE |           - |                - |TM49 REFUGIO |               - |HM01 CORTE |HM02 VUELO |        - |HM04 FUERZA |HM05 DESTELLO |HM06 GOLPE ROCA |HM07 CASCADA |         - |
298 Azurill       |                - |               - |               - |                - |TM05 V. CORTANTE |                - |TM07 ABSORBER |           - |          - |             - |TM11 CONVERSIÓN |              - |             - |TM14 BOTE |TM15 DESEO |              - |TM17 CUCHILLADA |TM18 PRESA |TM19 VOZARRÓN |TM20 PUÑO HIELO |TM21 LLANTO FALSO |TM22 RETROCESO |TM23 PANTALLAHUMO |                - |                - |            - |               - |TM28 SILBATO |TM29 CHIRRIDO |TM30 DESQUITE |                - |                - |              - |              - |            - |TM36 ELECTROCAÑÓN |TM37 RESPLANDOR |               - |TM39 GANCHO ALTO |TM40 RUGIDO |             - |TM42 COME SUEÑOS |          - |TM44 ECO METÁLICO |TM45 LEGADO |TM46 AZOTE |           - |                - |           - |TM50 BUCLE ARENA |HM01 CORTE |         - |HM03 SURF |          - |            - |              - |           - |         - |
299 Nosepass      |                - |               - |               - |TM04 PUÑODINÁMICO |TM05 V. CORTANTE |                - |TM07 ABSORBER |           - |TM09 RENCOR |             - |              - |              - |TM13 CONFUSIÓN |        - |         - |              - |              - |         - |TM19 VOZARRÓN |              - |                - |             - |                - |                - |TM25 BOFETÓN LODO |TM26 SORPRESA |TM27 COLA VENENO |TM28 SILBATO |TM29 CHIRRIDO |TM30 DESQUITE |TM31 PANTALLA LUZ |                - |TM33 TORBELLINO |              - |            - |TM36 ELECTROCAÑÓN |TM37 RESPLANDOR |               - |               - |TM40 RUGIDO |             - |               - |          - |TM44 ECO METÁLICO |TM45 LEGADO |TM46 AZOTE |           - |TM48 MISMODESTINO |           - |TM50 BUCLE ARENA |HM01 CORTE |         - |HM03 SURF |          - |HM05 DESTELLO |HM06 GOLPE ROCA |HM07 CASCADA |HM08 BUCEO |
300 Skitty        |TM01 ARMAD. ÁCIDA |TM02 IMPACTRUENO |               - |                - |TM05 V. CORTANTE |                - |            - |           - |TM09 RENCOR |             - |TM11 CONVERSIÓN |TM12 LENGÜETAZO |TM13 CONFUSIÓN |TM14 BOTE |         - |TM16 GUILLOTINA |TM17 CUCHILLADA |TM18 PRESA |TM19 VOZARRÓN |              - |TM21 LLANTO FALSO |             - |                - |TM24 DAÑO SECRETO |                - |TM26 SORPRESA |               - |           - |TM29 CHIRRIDO |            - |TM31 PANTALLA LUZ |                - |              - |TM34 HIDROCAÑÓN |            - |TM36 ELECTROCAÑÓN |TM37 RESPLANDOR |TM38 PATADA GIRO |TM39 GANCHO ALTO |          - |             - |TM42 COME SUEÑOS |TM43 FISURA |                - |TM45 LEGADO |TM46 AZOTE |           - |                - |TM49 REFUGIO |TM50 BUCLE ARENA |HM01 CORTE |         - |HM03 SURF |HM04 FUERZA |            - |              - |           - |HM08 BUCEO |
301 Delcatty      |TM01 ARMAD. ÁCIDA |               - |TM03 GARRA METAL |TM04 PUÑODINÁMICO |TM05 V. CORTANTE |TM06 COLMILLO VEN |            - |           - |          - |             - |              - |TM12 LENGÜETAZO |             - |        - |TM15 DESEO |              - |              - |TM18 PRESA |            - |              - |TM21 LLANTO FALSO |             - |                - |                - |                - |            - |TM27 COLA VENENO |           - |            - |TM30 DESQUITE |                - |                - |TM33 TORBELLINO |              - |TM35 REFUERZO |                - |              - |TM38 PATADA GIRO |               - |          - |TM41 TINIEBLAS |               - |TM43 FISURA |                - |TM45 LEGADO |TM46 AZOTE |TM47 PEDRADA |TM48 MISMODESTINO |TM49 REFUGIO |TM50 BUCLE ARENA |         - |         - |        - |HM04 FUERZA |            - |HM06 GOLPE ROCA |HM07 CASCADA |HM08 BUCEO |
302 Sableye       |TM01 ARMAD. ÁCIDA |               - |TM03 GARRA METAL |TM04 PUÑODINÁMICO |               - |                - |TM07 ABSORBER |           - |          - |TM10 DETECCIÓN |              - |TM12 LENGÜETAZO |TM13 CONFUSIÓN |TM14 BOTE |         - |              - |TM17 CUCHILLADA |         - |TM19 VOZARRÓN |              - |TM21 LLANTO FALSO |             - |TM23 PANTALLAHUMO |                - |TM25 BOFETÓN LODO |            - |TM27 COLA VENENO |TM28 SILBATO |            - |            - |TM31 PANTALLA LUZ |TM32 DOBLE EQUIPO |              - |              - |            - |TM36 ELECTROCAÑÓN |TM37 RESPLANDOR |               - |TM39 GANCHO ALTO |TM40 RUGIDO |TM41 TINIEBLAS |TM42 COME SUEÑOS |TM43 FISURA |TM44 ECO METÁLICO |          - |         - |TM47 PEDRADA |TM48 MISMODESTINO |           - |               - |         - |         - |HM03 SURF |          - |            - |              - |           - |         - |
303 Mawile        |                - |               - |               - |                - |TM05 V. CORTANTE |TM06 COLMILLO VEN |TM07 ABSORBER |           - |          - |             - |TM11 CONVERSIÓN |TM12 LENGÜETAZO |TM13 CONFUSIÓN |        - |         - |TM16 GUILLOTINA |TM17 CUCHILLADA |TM18 PRESA |TM19 VOZARRÓN |              - |TM21 LLANTO FALSO |             - |TM23 PANTALLAHUMO |TM24 DAÑO SECRETO |TM25 BOFETÓN LODO |            - |               - |           - |TM29 CHIRRIDO |            - |                - |TM32 DOBLE EQUIPO |              - |              - |TM35 REFUERZO |                - |              - |               - |               - |TM40 RUGIDO |TM41 TINIEBLAS |TM42 COME SUEÑOS |TM43 FISURA |                - |TM45 LEGADO |TM46 AZOTE |           - |TM48 MISMODESTINO |           - |TM50 BUCLE ARENA |HM01 CORTE |HM02 VUELO |HM03 SURF |HM04 FUERZA |HM05 DESTELLO |              - |           - |         - |
304 Aron          |TM01 ARMAD. ÁCIDA |TM02 IMPACTRUENO |TM03 GARRA METAL |                - |               - |TM06 COLMILLO VEN |            - |           - |          - |TM10 DETECCIÓN |              - |              - |TM13 CONFUSIÓN |TM14 BOTE |         - |TM16 GUILLOTINA |              - |         - |            - |              - |                - |TM22 RETROCESO |TM23 PANTALLAHUMO |TM24 DAÑO SECRETO |                - |TM26 SORPRESA |               - |           - |            - |            - |TM31 PANTALLA LUZ |TM32 DOBLE EQUIPO |              - |TM34 HIDROCAÑÓN |TM35 REFUERZO |TM36 ELECTROCAÑÓN |              - |               - |               - |TM40 RUGIDO |TM41 TINIEBLAS |               - |TM43 FISURA |                - |TM45 LEGADO |         - |           - |TM48 MISMODESTINO |TM49 REFUGIO |TM50 BUCLE ARENA |HM01 CORTE |HM02 VUELO |        - |HM04 FUERZA |            - |HM06 GOLPE ROCA |HM07 CASCADA |         - |
305 Lairon        |                - |               - |               - |TM04 PUÑODINÁMICO |TM05 V. CORTANTE |                - |TM07 ABSORBER |TM08 ATADURA |          - |TM10 DETECCIÓN |              - |TM12 LENGÜETAZO |             - |        - |TM15 DESEO |TM16 GUILLOTINA |TM17 CUCHILLADA |         - |TM19 VOZARRÓN |TM20 PUÑO HIELO |                - |             - |TM23 PANTALLAHUMO |TM24 DAÑO SECRETO |                - |            - |               - |TM28 SILBATO |TM29 CHIRRIDO |TM30 DESQUITE |TM31 PANTALLA LUZ |TM32 DOBLE EQUIPO |              - |              - |            - |TM36 ELECTROCAÑÓN |TM37 RESPLANDOR |               - |TM39 GANCHO ALTO |          - |TM41 TINIEBLAS |TM42 COME SUEÑOS |TM43 FISURA |TM44 ECO METÁLICO |          - |TM46 AZOTE |           - |TM48 MISMODESTINO |TM49 REFUGIO |TM50 BUCLE ARENA |HM01 CORTE |HM02 VUELO |HM03 SURF |          - |HM05 DESTELLO |              - |           - |         - |
306 Aggron        |                - |TM02 IMPACTRUENO |TM03 GARRA METAL |TM04 PUÑODINÁMICO |TM05 V. CORTANTE |                - |TM07 ABSORBER |TM08 ATADURA |TM09 RENCOR |             - |              - |              - |             - |TM14 BOTE |         - |              - |              - |TM18 PRESA |            - |              - |                - |             - |TM23 PANTALLAHUMO |TM24 DAÑO SECRETO |                - |            - |               - |           - |            - |TM30 DESQUITE |TM31 PANTALLA LUZ |TM32 DOBLE EQUIPO |TM33 TORBELLINO |TM34 HIDROCAÑÓN |            - |TM36 ELECTROCAÑÓN |TM37 RESPLANDOR |TM38 PATADA GIRO |TM39 GANCHO ALTO |          - |             - |TM42 COME SUEÑOS |TM43 FISURA |TM44 ECO METÁLICO |TM45 LEGADO |TM46 AZOTE |TM47 PEDRADA |TM48 MISMODESTINO |           - |               - |HM01 CORTE |         - |HM03 SURF |HM04 FUERZA |HM05 DESTELLO |HM06 GOLPE ROCA |HM07 CASCADA |         - |
307 Meditite      |                - |               - |TM03 GARRA METAL |TM04 PUÑODINÁMICO |               - |TM06 COLMILLO VEN |TM07 ABSORBER |           - |          - |TM10 DETECCIÓN |              - |              - |TM13 CONFUSIÓN |        - |TM15 DESEO |              - |TM17 CUCHILLADA |         - |TM19 VOZARRÓN |TM20 PUÑO HIELO |                - |TM22 RETROCESO |                - |TM24 DAÑO SECRETO |TM25 BOFETÓN LODO |            - |TM27 COLA VENENO |TM28 SILBATO |            - |            - |                - |TM32 DOBLE EQUIPO |              - |TM34 HIDROCAÑÓN |TM35 REFUERZO |TM36 ELECTROCAÑÓN |TM37 RESPLANDOR |               - |TM39 GANCHO ALTO |          - |TM41 TINIEBLAS |TM42 COME SUEÑOS |          - |TM44 ECO METÁLICO |TM45 LEGADO |TM46 AZOTE |           - |TM48 MISMODESTINO |           - |TM50 BUCLE ARENA |HM01 CORTE |HM02 VUELO |        - |          - |HM05 DESTELLO |HM06 GOLPE ROCA |HM07 CASCADA |         - |
308 Medicham      |                - |TM02 IMPACTRUENO |               - |                - |TM05 V. CORTANTE |                - |            - |TM08 ATADURA |TM09 RENCOR |TM10 DETECCIÓN |TM11 CONVERSIÓN |              - |TM13 CONFUSIÓN |        - |TM15 DESEO |              - |              - |         - |            - |              - |                - |             - |TM23 PANTALLAHUMO |                - |TM25 BOFETÓN LODO |TM26 SORPRESA |               - |           - |TM29 CHIRRIDO |TM30 DESQUITE |                - |TM32 DOBLE EQUIPO |              - |              - |            - |TM36 ELECTROCAÑÓN |TM37 RESPLANDOR |TM38 PATADA GIRO |TM39 GANCHO ALTO |TM40 RUGIDO |TM41 TINIEBLAS |               - |TM43 FISURA |TM44 ECO METÁLICO |          - |TM46 AZOTE |           - |                - |TM49 REFUGIO |               - |HM01 CORTE |         - |        - |HM04 FUERZA |            - |              - |HM07 CASCADA |HM08 BUCEO |
309 Electrike     |                - |               - |               - |TM04 PUÑODINÁMICO |               - |TM06 COLMILLO VEN |TM07 ABSORBER |           - |TM09 RENCOR |TM10 DETECCIÓN |              - |              - |TM13 CONFUSIÓN |TM14 BOTE |         - |              - |TM17 CUCHILLADA |TM18 PRESA |TM19 VOZARRÓN |              - |TM21 LLANTO FALSO |             - |TM23 PANTALLAHUMO |TM24 DAÑO SECRETO |TM25 BOFETÓN LODO |TM26 SORPRESA |TM27 COLA VENENO |           - |            - |            - |TM31 PANTALLA LUZ |                - |TM33 TORBELLINO |TM34 HIDROCAÑÓN |            - |TM36 ELECTROCAÑÓN |              - |               - |               - |TM40 RUGIDO |TM41 TINIEBLAS |TM42 COME SUEÑOS |          - |                - |          - |TM46 AZOTE |TM47 PEDRADA |                - |           - |               - |HM01 CORTE |         - |HM03 SURF |          - |HM05 DESTELLO |HM06 GOLPE ROCA |HM07 CASCADA |HM08 BUCEO |
310 Manectric     |TM01 ARMAD. ÁCIDA |               - |TM03 GARRA METAL |TM04 PUÑODINÁMICO |TM05 V. CORTANTE |                - |TM07 ABSORBER |           - |TM09 RENCOR |TM10 DETECCIÓN |              - |              - |TM13 CONFUSIÓN |TM14 BOTE |         - |              - |TM17 CUCHILLADA |TM18 PRESA |TM19 VOZARRÓN |              - |                - |             - |TM23 PANTALLAHUMO |TM24 DAÑO SECRETO |TM25 BOFETÓN LODO |            - |               - |TM28 SILBATO |            - |TM30 DESQUITE |                - |                - |              - |TM34 HIDROCAÑÓN |TM35 REFUERZO |TM36 ELECTROCAÑÓN |TM37 RESPLANDOR |TM38 PATADA GIRO |TM39 GANCHO ALTO |          - |TM41 TINIEBLAS |               - |TM43 FISURA |TM44 ECO METÁLICO |TM45 LEGADO |TM46 AZOTE |           - |                - |           - |TM50 BUCLE ARENA |HM01 CORTE |         - |        - |          - |HM05 DESTELLO |HM06 GOLPE ROCA |HM07 CASCADA |         - |
311 Plusle        |TM01 ARMAD. ÁCIDA |               - |TM03 GARRA METAL |                - |TM05 V. CORTANTE |                - |TM07 ABSORBER |TM08 ATADURA |          - |             - |TM11 CONVERSIÓN |              - |TM13 CONFUSIÓN |        - |         - |              - |              - |TM18 PRESA |TM19 VOZARRÓN |              - |TM21 LLANTO FALSO |             - |                - |                - |TM25 BOFETÓN LODO |            - |               - |           - |TM29 CHIRRIDO |            - |TM31 PANTALLA LUZ |TM32 DOBLE EQUIPO |              - |TM34 HIDROCAÑÓN |TM35 REFUERZO |TM36 ELECTROCAÑÓN |              - |               - |TM39 GANCHO ALTO |          - |             - |TM42 COME SUEÑOS |          - |TM44 ECO METÁLICO |          - |         - |TM47 PEDRADA |                - |TM49 REFUGIO |TM50 BUCLE ARENA |HM01 CORTE |HM02 VUELO |HM03 SURF |HM04 FUERZA |HM05 DESTELLO |HM06 GOLPE ROCA |HM07 CASCADA |         - |
312 Minun         |                - |               - |TM03 GARRA METAL |TM04 PUÑODINÁMICO |TM05 V. CORTANTE |TM06 COLMILLO VEN |            - |           - |TM09 RENCOR |             - |              - |              - |TM13 CONFUSIÓN |        - |TM15 DESEO |              - |TM17 CUCHILLADA |         - |            - |              - |                - |TM22 RETROCESO |                - |TM24 DAÑO SECRETO |TM25 BOFETÓN LODO |TM26 SORPRESA |TM27 COLA VENENO |TM28 SILBATO |            - |TM30 DESQUITE |TM31 PANTALLA LUZ |TM32 DOBLE EQUIPO |TM33 TORBELLINO |              - |            - |TM36 ELECTROCAÑÓN |              - |               - |TM39 GANCHO ALTO |TM40 RUGIDO |             - |               - |          - |                - |TM45 LEGADO |TM46 AZOTE |TM47 PEDRADA |                - |TM49 REFUGIO |TM50 BUCLE ARENA |HM01 CORTE |HM02 VUELO |HM03 SURF |          - |HM05 DESTELLO |HM06 GOLPE ROCA |           - |         - |
313 Volbeat       |TM01 ARMAD. ÁCIDA |               - |               - |TM04 PUÑODINÁMICO |TM05 V. CORTANTE |TM06 COLMILLO VEN |            - |           - |          - |TM10 DETECCIÓN |TM11 CONVERSIÓN |              - |             - |        - |TM15 DESEO |TM16 GUILLOTINA |TM17 CUCHILLADA |TM18 PRESA |TM19 VOZARRÓN |TM20 PUÑO HIELO |                - |TM22 RETROCESO |TM23 PANTALLAHUMO |TM24 DAÑO SECRETO |                - |            - |TM27 COLA VENENO |           - |TM29 CHIRRIDO |TM30 DESQUITE |                - |TM32 DOBLE EQUIPO |TM33 TORBELLINO |TM34 HIDROCAÑÓN |TM35 REFUERZO |                - |              - |TM38 PATADA GIRO |TM39 GANCHO ALTO |TM40 RUGIDO |TM41 TINIEBLAS |TM42 COME SUEÑOS |TM43 FISURA |TM44 ECO METÁLICO |          - |         - |           - |TM48 MISMODESTINO |TM49 REFUGIO |TM50 BUCLE ARENA |HM01 CORTE |HM02 VUELO |        - |          - |            - |HM06 GOLPE ROCA |           - |HM08 BUCEO |
314 Illumise      |TM01 ARMAD. ÁCIDA |               - |TM03 GARRA METAL |                - |               - |                - |TM07 ABSORBER |           - |          - |TM10 DETECCIÓN |TM11 CONVERSIÓN |TM12 LENGÜETAZO |             - |TM14 BOTE |TM15 DESEO |TM16 GUILLOTINA |              - |TM18 PRESA |TM19 VOZARRÓN |TM20 PUÑO HIELO |TM21 LLANTO FALSO |TM22 RETROCESO |                - |                - |TM25 BOFETÓN LODO |            - |               - |           - |TM29 CHIRRIDO |            - |TM31 PANTALLA LUZ |TM32 DOBLE EQUIPO |TM33 TORBELLINO |TM34 HIDROCAÑÓN |            - |TM36 ELECTROCAÑÓN |TM37 RESPLANDOR |               - |TM39 GANCHO ALTO |          - |TM41 TINIEBLAS |TM42 COME SUEÑOS |          - |                - |TM45 LEGADO |TM46 AZOTE |           - |                - |TM49 REFUGIO |TM50 BUCLE ARENA |HM01 CORTE |         - |        - |HM04 FUERZA |HM05 DESTELLO |HM06 GOLPE ROCA |HM07 CASCADA |HM08 BUCEO |
315 Roselia       |                - |TM02 IMPACTRUENO |               - |TM04 PUÑODINÁMICO |               - |                - |TM07 ABSORBER |TM08 ATADURA |TM09 RENCOR |TM10 DETECCIÓN |              - |              - |TM13 CONFUSIÓN |TM14 BOTE |TM15 DESEO |TM16 GUILLOTINA |              - |TM18 PRESA |            - |              - |                - |TM22 RETROCESO |TM23 PANTALLAHUMO |                - |                - |            - |               - |TM28 SILBATO |TM29 CHIRRIDO |            - |TM31 PANTALLA LUZ |TM32 DOBLE EQUIPO |              - |              - |            - |                - |TM37 RESPLANDOR |               - |               - |          - |             - |TM42 COME SUEÑOS |          - |TM44 ECO METÁLICO |TM45 LEGADO |         - |           - |                - |TM49 REFUGIO |               - |HM01 CORTE |         - |HM03 SURF |HM04 FUERZA |            - |              - |           - |         - |
316 Gulpin        |                - |TM02 IMPACTRUENO |               - |TM04 PUÑODINÁMICO |TM05 V. CORTANTE |                - |TM07 ABSORBER |TM08 ATADURA |TM09 RENCOR |             - |TM11 CONVERSIÓN |TM12 LENGÜETAZO |TM13 CONFUSIÓN |        - |         - |              - |              - |TM18 PRESA |TM19 VOZARRÓN |TM20 PUÑO HIELO |                - |TM22 RETROCESO |                - |TM24 DAÑO SECRETO |TM25 BOFETÓN LODO |TM26 SORPRESA |TM27 COLA VENENO |TM28 SILBATO |            - |TM30 DESQUITE |                - |                - |TM33 TORBELLINO |              - |TM35 REFUERZO |TM36 ELECTROCAÑÓN |TM37 RESPLANDOR |TM38 PATADA GIRO |TM39 GANCHO ALTO |          - |TM41 TINIEBLAS |               - |          - |                - |          - |TM46 AZOTE |TM47 PEDRADA |                - |           - |TM50 BUCLE ARENA |HM01 CORTE |HM02 VUELO |HM03 SURF |HM04 FUERZA |HM05 DESTELLO |HM06 GOLPE ROCA |           - |         - |
317 Swalot        |                - |TM02 IMPACTRUENO |TM03 GARRA METAL |TM04 PUÑODINÁMICO |TM05 V. CORTANTE |TM06 COLMILLO VEN |            - |           - |          - |             - |TM11 CONVERSIÓN |TM12 LENGÜETAZO |TM13 CONFUSIÓN |        - |         - |TM16 GUILLOTINA |TM17 CUCHILLADA |TM18 PRESA |TM19 VOZARRÓN |TM20 PUÑO HIELO |TM21 LLANTO FALSO |             - |                - |                - |TM25 BOFETÓN LODO |TM26 SORPRESA |               - |           - |TM29 CHIRRIDO |TM30 DESQUITE |TM31 PANTALLA LUZ |                - |TM33 TORBELLINO |TM34 HIDROCAÑÓN |TM35 REFUERZO |TM36 ELECTROCAÑÓN |              - |               - |TM39 GANCHO ALTO |          - |TM41 TINIEBLAS |TM42 COME SUEÑOS |          - |                - |          - |         - |           - |TM48 MISMODESTINO |           - |               - |         - |         - |        - |          - |HM05 DESTELLO |HM06 GOLPE ROCA |HM07 CASCADA |         - |
318 Carvanha      |                - |               - |TM03 GARRA METAL |TM04 PUÑODINÁMICO |               - |                - |            - |TM08 ATADURA |TM09 RENCOR |             - |              - |TM12 LENGÜETAZO |TM13 CONFUSIÓN |TM14 BOTE |TM15 DESEO |TM16 GUILLOTINA |TM17 CUCHILLADA |         - |TM19 VOZARRÓN |TM20 PUÑO HIELO |TM21 LLANTO FALSO |TM22 RETROCESO |TM23 PANTALLAHUMO |                - |                - |            - |TM27 COLA VENENO |           - |            - |            - |TM31 PANTALLA LUZ |                - |TM33 TORBELLINO |              - |            - |                - |TM37 RESPLANDOR |TM38 PATADA GIRO |TM39 GANCHO ALTO |          - |             - |               - |          - |TM44 ECO METÁLICO |TM45 LEGADO |         - |TM47 PEDRADA |TM48 MISMODESTINO |           - |TM50 BUCLE ARENA |HM01 CORTE |         - |        - |HM04 FUERZA |            - |              - |           - |         - |
319 Sharpedo      |                - |TM02 IMPACTRUENO |TM03 GARRA METAL |TM04 PUÑODINÁMICO |               - |TM06 COLMILLO VEN |            - |TM08 ATADURA |          - |TM10 DETECCIÓN |TM11 CONVERSIÓN |              - |             - |        - |TM15 DESEO |              - |              - |TM18 PRESA |TM19 VOZARRÓN |              - |                - |             - |TM23 PANTALLAHUMO |TM24 DAÑO SECRETO |                - |TM26 SORPRESA |               - |           - |TM29 CHIRRIDO |TM30 DESQUITE |TM31 PANTALLA LUZ |                - |              - |              - |TM35 REFUERZO |                - |              - |TM38 PATADA GIRO |               - |TM40 RUGIDO |             - |TM42 COME SUEÑOS |TM43 FISURA |TM44 ECO METÁLICO |TM45 LEGADO |TM46 AZOTE |TM47 PEDRADA |TM48 MISMODESTINO |           - |TM50 BUCLE ARENA |HM01 CORTE |         - |HM03 SURF |          - |HM05 DESTELLO |HM06 GOLPE ROCA |           - |HM08 BUCEO |
320 Wailmer       |TM01 ARMAD. ÁCIDA |TM02 IMPACTRUENO |TM03 GARRA METAL |                - |               - |TM06 COLMILLO VEN |            - |           - |          - |TM10 DETECCIÓN |TM11 CONVERSIÓN |              - |             - |        - |         - |TM16 GUILLOTINA |              - |TM18 PRESA |            - |              - |TM21 LLANTO FALSO |TM22 RETROCESO |                - |                - |TM25 BOFETÓN LODO |            - |               - |TM28 SILBATO |            - |            - |                - |                - |              - |TM34 HIDROCAÑÓN |TM35 REFUERZO |                - |TM37 RESPLANDOR |               - |               - |          - |TM41 TINIEBLAS |               - |          - |TM44 ECO METÁLICO |          - |         - |TM47 PEDRADA |                - |TM49 REFUGIO |TM50 BUCLE ARENA |HM01 CORTE |         - |        - |HM04 FUERZA |HM05 DESTELLO |              - |           - |HM08 BUCEO |
321 Wailord       |                - |TM02 IMPACTRUENO |               - |TM04 PUÑODINÁMICO |               - |                - |TM07 ABSORBER |TM08 ATADURA |          - |TM10 DETECCIÓN |TM11 CONVERSIÓN |TM12 LENGÜETAZO |             - |TM14 BOTE |         - |TM16 GUILLOTINA |TM17 CUCHILLADA |TM18 PRESA |TM19 VOZARRÓN |              - |                - |TM22 RETROCESO |TM23 PANTALLAHUMO |                - |TM25 BOFETÓN LODO |            - |               - |TM28 SILBATO |TM29 CHIRRIDO |TM30 DESQUITE |                - |                - |TM33 TORBELLINO |              - |TM35 REFUERZO |TM36 ELECTROCAÑÓN |TM37 RESPLANDOR |               - |TM39 GANCHO ALTO |          - |             - |               - |          - |                - |TM45 LEGADO |TM46 AZOTE |           - |                - |TM49 REFUGIO |TM50 BUCLE ARENA |HM01 CORTE |HM02 VUELO |        - |          - |            - |              - |           - |         - |
322 Numel         |TM01 ARMAD. ÁCIDA |               - |TM03 GARRA METAL |                - |               - |                - |            - |TM08 ATADURA |TM09 RENCOR |             - |TM11 CONVERSIÓN |              - |TM13 CONFUSIÓN |TM14 BOTE |TM15 DESEO |              - |              - |         - |TM19 VOZARRÓN |              - |TM21 LLANTO FALSO |TM22 RETROCESO |                - |                - |                - |            - |               - |TM28 SILBATO |TM29 CHIRRIDO |TM30 DESQUITE |                - |TM32 DOBLE EQUIPO |TM33 TORBELLINO |TM34 HIDROCAÑÓN |TM35 REFUERZO |TM36 ELECTROCAÑÓN |TM37 RESPLANDOR |TM38 PATADA GIRO |TM39 GANCHO ALTO |TM40 RUGIDO |TM41 TINIEBLAS |               - |          - |TM44 ECO METÁLICO |          - |         - |           - |TM48 MISMODESTINO |TM49 REFUGIO |TM50 BUCLE ARENA |HM01 CORTE |HM02 VUELO |        - |HM04 FUERZA |            - |              - |           - |HM08 BUCEO |
323 Camerupt      |                - |               - |               - |                - |TM05 V. CORTANTE |TM06 COLMILLO VEN |            - |TM08 ATADURA |          - |TM10 DETECCIÓN |TM11 CONVERSIÓN |TM12 LENGÜETAZO |             - |        - |         - |              - |              - |TM18 PRESA |            - |              - |                - |TM22 RETROCESO |TM23 PANTALLAHUMO |TM24 DAÑO SECRETO |TM25 BOFETÓN LODO |            - |               - |TM28 SILBATO |            - |            - |TM31 PANTALLA LUZ |TM32 DOBLE EQUIPO |TM33 TORBELLINO |              - |TM35 REFUERZO |TM36 ELECTROCAÑÓN |TM37 RESPLANDOR |TM38 PATADA GIRO |               - |TM40 RUGIDO |             - |TM42 COME SUEÑOS |TM43 FISURA |TM44 ECO METÁLICO |          - |TM46 AZOTE |           - |                - |           - |TM50 BUCLE ARENA |         - |HM02 VUELO |        - |HM04 FUERZA |HM05 DESTELLO |              - |           - |         - |
324 Torkoal       |TM01 ARMAD. ÁCIDA |               - |TM03 GARRA METAL |TM04 PUÑODINÁMICO |TM05 V. CORTANTE |                - |            - |TM08 ATADURA |TM09 RENCOR |             - |              - |TM12 LENGÜETAZO |TM13 CONFUSIÓN |        - |         - |TM16 GUILLOTINA |TM17 CUCHILLADA |         - |TM19 VOZARRÓN |              - |TM21 LLANTO FALSO |             - |                - |TM24 DAÑO SECRETO |TM25 BOFETÓN LODO |TM26 SORPRESA |               - |           - |            - |TM30 DESQUITE |TM31 PANTALLA LUZ |                - |              - |              - |TM35 REFUERZO |TM36 ELECTROCAÑÓN |TM37 RESPLANDOR |TM38 PATADA GIRO |TM39 GANCHO ALTO |          - |             - |               - |          - |TM44 ECO METÁLICO |TM45 LEGADO |TM46 AZOTE |           - |TM48 MISMODESTINO |TM49 REFUGIO |               - |HM01 CORTE |         - |HM03 SURF |          - |HM05 DESTELLO |              - |HM07 CASCADA |         - |
325 Spoink        |                - |               - |               - |                - |               - |TM06 COLMILLO VEN |TM07 ABSORBER |           - |          - |             - |TM11 CONVERSIÓN |TM12 LENGÜETAZO |             - |        - |         - |              - |TM17 CUCHILLADA |         - |TM19 VOZARRÓN |              - |                - |TM22 RETROCESO |                - |                - |                - |TM26 SORPRESA |               - |TM28 SILBATO |            - |TM30 DESQUITE |                - |                - |              - |              - |            - |TM36 ELECTROCAÑÓN |TM37 RESPLANDOR |TM38 PATADA GIRO |TM39 GANCHO ALTO |          - |TM41 TINIEBLAS |               - |TM43 FISURA |                - |          - |         - |           - |                - |           - |TM50 BUCLE ARENA |HM01 CORTE |         - |        - |HM04 FUERZA |            - |              - |           - |         - |
326 Grumpig       |TM01 ARMAD. ÁCIDA |               - |TM03 GARRA METAL |TM04 PUÑODINÁMICO |               - |TM06 COLMILLO VEN |TM07 ABSORBER |           - |          - |             - |TM11 CONVERSIÓN |              - |             - |        - |TM15 DESEO |              - |              - |TM18 PRESA |            - |              - |TM21 LLANTO FALSO |             - |                - |TM24 DAÑO SECRETO |TM25 BOFETÓN LODO |            - |TM27 COLA VENENO |TM28 SILBATO |            - |TM30 DESQUITE |TM31 PANTALLA LUZ |                - |              - |TM34 HIDROCAÑÓN |            - |TM36 ELECTROCAÑÓN |              - |               - |TM39 GANCHO ALTO |TM40 RUGIDO |             - |TM42 COME SUEÑOS |TM43 FISURA |TM44 ECO METÁLICO |TM45 LEGADO |TM46 AZOTE |TM47 PEDRADA |TM48 MISMODESTINO |TM49 REFUGIO |TM50 BUCLE ARENA |HM01 CORTE |HM02 VUELO |        - |HM04 FUERZA |HM05 DESTELLO |HM06 GOLPE ROCA |HM07 CASCADA |HM08 BUCEO |
327 Spinda        |TM01 ARMAD. ÁCIDA |               - |TM03 GARRA METAL |TM04 PUÑODINÁMICO |TM05 V. CORTANTE |TM06 COLMILLO VEN |            - |           - |          - |             - |TM11 CONVERSIÓN |              - |TM13 CONFUSIÓN |TM14 BOTE |TM15 DESEO |              - |              - |         - |            - |              - |                - |TM22 RETROCESO |TM23 PANTALLAHUMO |TM24 DAÑO SECRETO |                - |TM26 SORPRESA |               - |           - |            - |TM30 DESQUITE |                - |TM32 DOBLE EQUIPO |TM33 TORBELLINO |              - |            - |TM36 ELECTROCAÑÓN |              - |TM38 PATADA GIRO |               - |TM40 RUGIDO |             - |TM42 COME SUEÑOS |          - |TM44 ECO METÁLICO |          - |         - |           - |TM48 MISMODESTINO |           - |               - |HM01 CORTE |         - |HM03 SURF |          - |HM05 DESTELLO |              - |           - |HM08 BUCEO |
328 Trapinch      |TM01 ARMAD. ÁCIDA |TM02 IMPACTRUENO |               - |                - |TM05 V. CORTANTE |                - |            - |TM08 ATADURA |          - |TM10 DETECCIÓN |              - |              - |TM13 CONFUSIÓN |        - |TM15 DESEO |              - |              - |TM18 PRESA |            - |TM20 PUÑO HIELO |                - |TM22 RETROCESO |TM23 PANTALLAHUMO |TM24 DAÑO SECRETO |TM25 BOFETÓN LODO |TM26 SORPRESA |               - |TM28 SILBATO |TM29 CHIRRIDO |            - |TM31 PANTALLA LUZ |                - |              - |TM34 HIDROCAÑÓN |            - |TM36 ELECTROCAÑÓN |TM37 RESPLANDOR |               - |               - |TM40 RUGIDO |TM41 TINIEBLAS |               - |TM43 FISURA |TM44 ECO METÁLICO |          - |TM46 AZOTE |           - |TM48 MISMODESTINO |           - |TM50 BUCLE ARENA |HM01 CORTE |HM02 VUELO |        - |HM04 FUERZA |HM05 DESTELLO |HM06 GOLPE ROCA |HM07 CASCADA |         - |
329 Vibrava       |                - |TM02 IMPACTRUENO |               - |                - |               - |TM06 COLMILLO VEN |            - |           - |TM09 RENCOR |TM10 DETECCIÓN |TM11 CONVERSIÓN |              - |TM13 CONFUSIÓN |        - |TM15 DESEO |              - |              - |TM18 PRESA |TM19 VOZARRÓN |TM20 PUÑO HIELO |TM21 LLANTO FALSO |TM22 RETROCESO |TM23 PANTALLAHUMO |TM24 DAÑO SECRETO |                - |TM26 SORPRESA |TM27 COLA VENENO |TM28 SILBATO |TM29 CHIRRIDO |TM30 DESQUITE |                - |                - |              - |              - |            - |TM36 ELECTROCAÑÓN |              - |TM38 PATADA GIRO |               - |TM40 RUGIDO |TM41 TINIEBLAS |TM42 COME SUEÑOS |TM43 FISURA |TM44 ECO METÁLICO |TM45 LEGADO |TM46 AZOTE |           - |                - |TM49 REFUGIO |TM50 BUCLE ARENA |HM01 CORTE |HM02 VUELO |HM03 SURF |HM04 FUERZA |HM05 DESTELLO |              - |HM07 CASCADA |         - |
330 Flygon        |                - |               - |TM03 GARRA METAL |TM04 PUÑODINÁMICO |               - |TM06 COLMILLO VEN |TM07 ABSORBER |TM08 ATADURA |          - |             - |TM11 CONVERSIÓN |TM12 LENGÜETAZO |TM13 CONFUSIÓN |TM14 BOTE |         - |              - |              - |         - |            - |              - |                - |TM22 RETROCESO |TM23 PANTALLAHUMO |                - |TM25 BOFETÓN LODO |TM26 SORPRESA |               - |TM28 SILBATO |TM29 CHIRRIDO |TM30 DESQUITE |TM31 PANTALLA LUZ |TM32 DOBLE EQUIPO |TM33 TORBELLINO |TM34 HIDROCAÑÓN |TM35 REFUERZO |TM36 ELECTROCAÑÓN |              - |TM38 PATADA GIRO |               - |          - |TM41 TINIEBLAS |               - |          - |                - |          - |TM46 AZOTE |           - |TM48 MISMODESTINO |TM49 REFUGIO |               - |HM01 CORTE |         - |        - |          - |HM05 DESTELLO |HM06 GOLPE ROCA |HM07 CASCADA |         - |
331 Cacnea        |                - |TM02 IMPACTRUENO |               - |                - |               - |TM06 COLMILLO VEN |TM07 ABSORBER |           - |          - |             - |TM11 CONVERSIÓN |TM12 LENGÜETAZO |TM13 CONFUSIÓN |TM14 BOTE |TM15 DESEO |TM16 GUILLOTINA |TM17 CUCHILLADA |TM18 PRESA |            - |              - |TM21 LLANTO FALSO |             - |                - |TM24 DAÑO SECRETO |                - |TM26 SORPRESA |               - |TM28 SILBATO |            - |TM30 DESQUITE |TM31 PANTALLA LUZ |                - |TM33 TORBELLINO |TM34 HIDROCAÑÓN |TM35 REFUERZO |TM36 ELECTROCAÑÓN |              - |               - |               - |TM40 RUGIDO |TM41 TINIEBLAS |TM42 COME SUEÑOS |          - |                - |          - |         - |TM47 PEDRADA |TM48 MISMODESTINO |TM49 REFUGIO |               - |HM01 CORTE |HM02 VUELO |HM03 SURF |HM04 FUERZA |            - |              - |           - |         - |
332 Cacturne      |TM01 ARMAD. ÁCIDA |               - |TM03 GARRA METAL |                - |TM05 V. CORTANTE |                - |            - |TM08 ATADURA |          - |TM10 DETECCIÓN |              - |              - |             - |TM14 BOTE |         - |              - |TM17 CUCHILLADA |TM18 PRESA |            - |              - |TM21 LLANTO FALSO |TM22 RETROCESO |TM23 PANTALLAHUMO |TM24 DAÑO SECRETO |TM25 BOFETÓN LODO |            - |TM27 COLA VENENO |TM28 SILBATO |            - |            - |                - |TM32 DOBLE EQUIPO |              - |              - |TM35 REFUERZO |TM36 ELECTROCAÑÓN |TM37 RESPLANDOR |TM38 PATADA GIRO |               - |          - |TM41 TINIEBLAS |               - |          - |                - |          - |TM46 AZOTE |TM47 PEDRADA |                - |TM49 REFUGIO |TM50 BUCLE ARENA |HM01 CORTE |HM02 VUELO |        - |          - |HM05 DESTELLO |              - |HM07 CASCADA |         - |
333 Swablu        |TM01 ARMAD. ÁCIDA |TM02 IMPACTRUENO |               - |TM04 PUÑODINÁMICO |TM05 V. CORTANTE |                - |            - |TM08 ATADURA |          - |             - |TM11 CONVERSIÓN |              - |             - |        - |TM15 DESEO |TM16 GUILLOTINA |              - |         - |            - |              - |                - |TM22 RETROCESO |TM23 PANTALLAHUMO |TM24 DAÑO SECRETO |                - |            - |               - |           - |TM29 CHIRRIDO |TM30 DESQUITE |                - |                - |              - |TM34 HIDROCAÑÓN |            - |TM36 ELECTROCAÑÓN |TM37 RESPLANDOR |TM38 PATADA GIRO |               - |          - |             - |TM42 COME SUEÑOS |          - |TM44 ECO METÁLICO |TM45 LEGADO |         - |TM47 PEDRADA |                - |TM49 REFUGIO |TM50 BUCLE ARENA |HM01 CORTE |         - |HM03 SURF |HM04 FUERZA |HM05 DESTELLO |HM06 GOLPE ROCA |           - |HM08 BUCEO |
334 Altaria       |                - |               - |               - |TM04 PUÑODINÁMICO |               - |TM06 COLMILLO VEN |TM07 ABSORBER |TM08 ATADURA |          - |             - |              - |              - |TM13 CONFUSIÓN |        - |TM15 DESEO |TM16 GUILLOTINA |              - |         - |TM19 VOZARRÓN |TM20 PUÑO HIELO |                - |             - |TM23 PANTALLAHUMO |                - |TM25 BOFETÓN LODO |            - |               - |           - |            - |            - |                - |                - |              - |TM34 HIDROCAÑÓN |TM35 REFUERZO |TM36 ELECTROCAÑÓN |              - |TM38 PATADA GIRO |               - |          - |             - |TM42 COME SUEÑOS |TM43 FISURA |                - |TM45 LEGADO |         - |           - |                - |           - |               - |         - |HM02 VUELO |HM03 SURF |          - |            - |              - |HM07 CASCADA |         - |
335 Zangoose      |                - |TM02 IMPACTRUENO |TM03 GARRA METAL |                - |TM05 V. CORTANTE |TM06 COLMILLO VEN |            - |           - |          - |TM10 DETECCIÓN |              - |              - |TM13 CONFUSIÓN |        - |         - |TM16 GUILLOTINA |              - |         - |TM19 VOZARRÓN |              - |                - |             - |TM23 PANTALLAHUMO |TM24 DAÑO SECRETO |TM25 BOFETÓN LODO |TM26 SORPRESA |TM27 COLA VENENO |TM28 SILBATO |            - |TM30 DESQUITE |                - |                - |TM33 TORBELLINO |TM34 HIDROCAÑÓN |TM35 REFUERZO |                - |              - |               - |               - |TM40 RUGIDO |TM41 TINIEBLAS |TM42 COME SUEÑOS |          - |                - |TM45 LEGADO |TM46 AZOTE |TM47 PEDRADA |TM48 MISMODESTINO |TM49 REFUGIO |               - |HM01 CORTE |         - |HM03 SURF |          - |            - |              - |HM07 CASCADA |         - |
336 Seviper       |                - |               - |               - |TM04 PUÑODINÁMICO |               - |                - |TM07 ABSORBER |TM08 ATADURA |TM09 RENCOR |TM10 DETECCIÓN |TM11 CONVERSIÓN |              - |             - |        - |TM15 DESEO |TM16 GUILLOTINA |TM17 CUCHILLADA |         - |            - |TM20 PUÑO HIELO |                - |TM22 RETROCESO |TM23 PANTALLAHUMO |                - |TM25 BOFETÓN LODO |            - |TM27 COLA VENENO |           - |TM29 CHIRRIDO |            - |TM31 PANTALLA LUZ |                - |              - |              - |TM35 REFUERZO |                - |              - |TM38 PATADA GIRO |TM39 GANCHO ALTO |TM40 RUGIDO |TM41 TINIEBLAS |TM42 COME SUEÑOS |          - |TM44 ECO METÁLICO |TM45 LEGADO |TM46 AZOTE |           - |TM48 MISMODESTINO |           - |TM50 BUCLE ARENA |HM01 CORTE |HM02 VUELO |        - |          - |HM05 DESTELLO |HM06 GOLPE ROCA |           - |         - |
337 Lunatone      |TM01 ARMAD. ÁCIDA |TM02 IMPACTRUENO |TM03 GARRA METAL |                - |               - |                - |            - |TM08 ATADURA |TM09 RENCOR |TM10 DETECCIÓN |              - |TM12 LENGÜETAZO |             - |        - |         - |TM16 GUILLOTINA |TM17 CUCHILLADA |         - |TM19 VOZARRÓN |TM20 PUÑO HIELO |TM21 LLANTO FALSO |             - |TM23 PANTALLAHUMO |                - |                - |            - |               - |           - |TM29 CHIRRIDO |            - |                - |TM32 DOBLE EQUIPO |TM33 TORBELLINO |              - |            - |                - |              - |               - |TM39 GANCHO ALTO |          - |             - |               - |          - |TM44 ECO METÁLICO |          - |         - |           - |                - |TM49 REFUGIO |TM50 BUCLE ARENA |HM01 CORTE |         - |HM03 SURF |HM04 FUERZA |HM05 DESTELLO |HM06 GOLPE ROCA |           - |         - |
338 Solrock       |TM01 ARMAD. ÁCIDA |               - |               - |TM04 PUÑODINÁMICO |               - |TM06 COLMILLO VEN |            - |TM08 ATADURA |TM09 RENCOR |             - |              - |TM12 LENGÜETAZO |TM13 CONFUSIÓN |TM14 BOTE |         - |TM16 GUILLOTINA |TM17 CUCHILLADA |         - |TM19 VOZARRÓN |TM20 PUÑO HIELO |                - |TM22 RETROCESO |                - |                - |                - |            - |TM27 COLA VENENO |TM28 SILBATO |            - |TM30 DESQUITE |                - |TM32 DOBLE EQUIPO |TM33 TORBELLINO |              - |TM35 REFUERZO |TM36 ELECTROCAÑÓN |TM37 RESPLANDOR |               - |               - |          - |TM41 TINIEBLAS |               - |          - |                - |TM45 LEGADO |TM46 AZOTE |TM47 PEDRADA |                - |           - |               - |HM01 CORTE |         - |HM03 SURF |HM04 FUERZA |HM05 DESTELLO |              - |           - |         - |
339 Barboach      |TM01 ARMAD. ÁCIDA |               - |               - |                - |TM05 V. CORTANTE |TM06 COLMILLO VEN |            - |TM08 ATADURA |TM09 RENCOR |TM10 DETECCIÓN |TM11 CONVERSIÓN |TM12 LENGÜETAZO |TM13 CONFUSIÓN |TM14 BOTE |TM15 DESEO |TM16 GUILLOTINA |              - |TM18 PRESA |            - |              - |TM21 LLANTO FALSO |             - |                - |TM24 DAÑO SECRETO |TM25 BOFETÓN LODO |            - |TM27 COLA VENENO |           - |            - |            - |TM31 PANTALLA LUZ |                - |              - |              - |TM35 REFUERZO |TM36 ELECTROCAÑÓN |              - |               - |TM39 GANCHO ALTO |          - |             - |TM42 COME SUEÑOS |TM43 FISURA |                - |          - |TM46 AZOTE |TM47 PEDRADA |TM48 MISMODESTINO |           - |               - |         - |         - |HM03 SURF |HM04 FUERZA |            - |HM06 GOLPE ROCA |           - |HM08 BUCEO |
340 Whiscash      |TM01 ARMAD. ÁCIDA |TM02 IMPACTRUENO |               - |TM04 PUÑODINÁMICO |               - |TM06 COLMILLO VEN |            - |TM08 ATADURA |TM09 RENCOR |             - |TM11 CONVERSIÓN |TM12 LENGÜETAZO |TM13 CONFUSIÓN |        - |         - |TM16 GUILLOTINA |TM17 CUCHILLADA |         - |            - |              - |                - |TM22 RETROCESO |TM23 PANTALLAHUMO |TM24 DAÑO SECRETO |                - |TM26 SORPRESA |               - |           - |            - |TM30 DESQUITE |TM31 PANTALLA LUZ |TM32 DOBLE EQUIPO |TM33 TORBELLINO |              - |            - |                - |              - |TM38 PATADA GIRO |               - |          - |TM41 TINIEBLAS |TM42 COME SUEÑOS |          - |TM44 ECO METÁLICO |TM45 LEGADO |         - |           - |                - |TM49 REFUGIO |TM50 BUCLE ARENA |HM01 CORTE |         - |        - |HM04 FUERZA |            - |HM06 GOLPE ROCA |HM07 CASCADA |HM08 BUCEO |
341 Corphish      |                - |               - |TM03 GARRA METAL |TM04 PUÑODINÁMICO |               - |                - |            - |           - |TM09 RENCOR |TM10 DETECCIÓN |              - |              - |TM13 CONFUSIÓN |TM14 BOTE |TM15 DESEO |              - |TM17 CUCHILLADA |         - |TM19 VOZARRÓN |TM20 PUÑO HIELO |TM21 LLANTO FALSO |TM22 RETROCESO |TM23 PANTALLAHUMO |TM24 DAÑO SECRETO |                - |TM26 SORPRESA |               - |           - |TM29 CHIRRIDO |TM30 DESQUITE |TM31 PANTALLA LUZ |TM32 DOBLE EQUIPO |              - |TM34 HIDROCAÑÓN |            - |TM36 ELECTROCAÑÓN |              - |               - |TM39 GANCHO ALTO |TM40 RUGIDO |             - |TM42 COME SUEÑOS |TM43 FISURA |                - |          - |         - |TM47 PEDRADA |TM48 MISMODESTINO |TM49 REFUGIO |TM50 BUCLE ARENA |HM01 CORTE |HM02 VUELO |HM03 SURF |HM04 FUERZA |            - |HM06 GOLPE ROCA |           - |HM08 BUCEO |
342 Crawdaunt     |                - |               - |TM03 GARRA METAL |                - |               - |                - |TM07 ABSORBER |           - |TM09 RENCOR |             - |TM11 CONVERSIÓN |              - |             - |TM14 BOTE |TM15 DESEO |TM16 GUILLOTINA |TM17 CUCHILLADA |TM18 PRESA |            - |TM20 PUÑO HIELO |TM21 LLANTO FALSO |TM22 RETROCESO |                - |TM24 DAÑO SECRETO |                - |            - |               - |TM28 SILBATO |TM29 CHIRRIDO |            - |                - |TM32 DOBLE EQUIPO |              - |              - |TM35 REFUERZO |TM36 ELECTROCAÑÓN |TM37 RESPLANDOR |TM38 PATADA GIRO |               - |          - |             - |               - |          - |                - |TM45 LEGADO |TM46 AZOTE |           - |                - |           - |TM50 BUCLE ARENA |HM01 CORTE |HM02 VUELO |        - |          - |            - |              - |HM07 CASCADA |HM08 BUCEO |
343 Baltoy        |TM01 ARMAD. ÁCIDA |TM02 IMPACTRUENO |TM03 GARRA METAL |                - |               - |                - |            - |           - |          - |TM10 DETECCIÓN |TM11 CONVERSIÓN |              - |             - |TM14 BOTE |TM15 DESEO |              - |TM17 CUCHILLADA |TM18 PRESA |            - |              - |                - |TM22 RETROCESO |                - |TM24 DAÑO SECRETO |                - |TM26 SORPRESA |TM27 COLA VENENO |           - |            - |            - |TM31 PANTALLA LUZ |TM32 DOBLE EQUIPO |TM33 TORBELLINO |              - |TM35 REFUERZO |                - |              - |               - |               - |          - |             - |               - |          - |TM44 ECO METÁLICO |TM45 LEGADO |         - |TM47 PEDRADA |                - |TM49 REFUGIO |TM50 BUCLE ARENA |         - |         - |        - |          - |HM05 DESTELLO |              - |           - |         - |
344 Claydol       |                - |TM02 IMPACTRUENO |               - |TM04 PUÑODINÁMICO |               - |                - |            - |TM08 ATADURA |          - |TM10 DETECCIÓN |              - |TM12 LENGÜETAZO |TM13 CONFUSIÓN |        - |TM15 DESEO |              - |TM17 CUCHILLADA |         - |TM19 VOZARRÓN |              - |                - |TM22 RETROCESO |                - |TM24 DAÑO SECRETO |TM25 BOFETÓN LODO |            - |               - |TM28 SILBATO |            - |TM30 DESQUITE |                - |                - |              - |              - |            - |                - |              - |               - |               - |          - |TM41 TINIEBLAS |               - |          - |TM44 ECO METÁLICO |          - |         - |           - |                - |           - |TM50 BUCLE ARENA |         - |HM02 VUELO |HM03 SURF |          - |HM05 DESTELLO |              - |           - |         - |
345 Lileep        |TM01 ARMAD. ÁCIDA |               - |TM03 GARRA METAL |                - |               - |TM06 COLMILLO VEN |            - |           - |          - |TM10 DETECCIÓN |TM11 CONVERSIÓN |TM12 LENGÜETAZO |             - |TM14 BOTE |         - |TM16 GUILLOTINA |TM17 CUCHILLADA |TM18 PRESA |            - |TM20 PUÑO HIELO |TM21 LLANTO FALSO |             - |                - |TM24 DAÑO SECRETO |TM25 BOFETÓN LODO |            - |               - |TM28 SILBATO |            - |            - |TM31 PANTALLA LUZ |TM32 DOBLE EQUIPO |              - |TM34 HIDROCAÑÓN |TM35 REFUERZO |                - |TM37 RESPLANDOR |               - |               - |          - |             - |TM42 COME SUEÑOS |          - |                - |TM45 LEGADO |         - |           - |                - |           - |               - |HM01 CORTE |HM02 VUELO |HM03 SURF |HM04 FUERZA |HM05 DESTELLO |HM06 GOLPE ROCA |HM07 CASCADA |HM08 BUCEO |
346 Cradily       |                - |               - |TM03 GARRA METAL |TM04 PUÑODINÁMICO |TM05 V. CORTANTE |TM06 COLMILLO VEN |TM07 ABSORBER |           - |          - |TM10 DETECCIÓN |TM11 CONVERSIÓN |TM12 LENGÜETAZO |TM13 CONFUSIÓN |        - |         - |              - |              - |TM18 PRESA |TM19 VOZARRÓN |TM20 PUÑO HIELO |TM21 LLANTO FALSO |TM22 RETROCESO |                - |                - |TM25 BOFETÓN LODO |TM26 SORPRESA |               - |TM28 SILBATO |TM29 CHIRRIDO |TM30 DESQUITE |TM31 PANTALLA LUZ |                - |              - |TM34 HIDROCAÑÓN |TM35 REFUERZO |TM36 ELECTROCAÑÓN |TM37 RESPLANDOR |TM38 PATADA GIRO |               - |          - |             - |TM42 COME SUEÑOS |          - |TM44 ECO METÁLICO |          - |TM46 AZOTE |           - |TM48 MISMODESTINO |TM49 REFUGIO |TM50 BUCLE ARENA |HM01 CORTE |HM02 VUELO |        - |HM04 FUERZA |HM05 DESTELLO |              - |HM07 CASCADA |HM08 BUCEO |
347 Anorith       |TM01 ARMAD. ÁCIDA |TM02 IMPACTRUENO |TM03 GARRA METAL |                - |               - |TM06 COLMILLO VEN |TM07 ABSORBER |TM08 ATADURA |TM09 RENCOR |TM10 DETECCIÓN |              - |              - |             - |TM14 BOTE |         - |TM16 GUILLOTINA |              - |         - |            - |              - |TM21 LLANTO FALSO |             - |TM23 PANTALLAHUMO |TM24 DAÑO SECRETO |TM25 BOFETÓN LODO |TM26 SORPRESA |TM27 COLA VENENO |TM28 SILBATO |            - |TM30 DESQUITE |                - |TM32 DOBLE EQUIPO |TM33 TORBELLINO |              - |            - |                - |TM37 RESPLANDOR |               - |TM39 GANCHO ALTO |TM40 RUGIDO |TM41 TINIEBLAS |TM42 COME SUEÑOS |          - |TM44 ECO METÁLICO |          - |         - |           - |                - |           - |TM50 BUCLE ARENA |HM01 CORTE |HM02 VUELO |HM03 SURF |          - |            - |HM06 GOLPE ROCA |           - |         - |
348 Armaldo       |TM01 ARMAD. ÁCIDA |TM02 IMPACTRUENO |               - |                - |               - |                - |            - |           - |          - |TM10 DETECCIÓN |TM11 CONVERSIÓN |TM12 LENGÜETAZO |TM13 CONFUSIÓN |TM14 BOTE |         - |              - |              - |         - |TM19 VOZARRÓN |TM20 PUÑO HIELO |TM21 LLANTO FALSO |TM22 RETROCESO |                - |                - |TM25 BOFETÓN LODO |TM26 SORPRESA |TM27 COLA VENENO |           - |            - |            - |TM31 PANTALLA LUZ |                - |TM33 TORBELLINO |              - |            - |                - |TM37 RESPLANDOR |               - |               - |TM40 RUGIDO |TM41 TINIEBLAS |               - |          - |TM44 ECO METÁLICO |          - |TM46 AZOTE |TM47 PEDRADA |                - |TM49 REFUGIO |TM50 BUCLE ARENA |HM01 CORTE |         - |HM03 SURF |HM04 FUERZA |            - |              - |           - |         - |
349 Feebas        |                - |TM02 IMPACTRUENO |TM03 GARRA METAL |                - |TM05 V. CORTANTE |TM06 COLMILLO VEN |            - |TM08 ATADURA |TM09 RENCOR |TM10 DETECCIÓN |              - |TM12 LENGÜETAZO |             - |TM14 BOTE |         - |TM16 GUILLOTINA |TM17 CUCHILLADA |         - |            - |              - |                - |TM22 RETROCESO |TM23 PANTALLAHUMO |TM24 DAÑO SECRETO |                - |            - |               - |TM28 SILBATO |TM29 CHIRRIDO |            - |                - |                - |TM33 TORBELLINO |TM34 HIDROCAÑÓN |TM35 REFUERZO |TM36 ELECTROCAÑÓN |              - |TM38 PATADA GIRO |               - |TM40 RUGIDO |TM41 TINIEBLAS |               - |          - |                - |          - |TM46 AZOTE |           - |TM48 MISMODESTINO |TM49 REFUGIO |TM50 BUCLE ARENA |HM01 CORTE |HM02 VUELO |        - |HM04 FUERZA |            - |HM06 GOLPE ROCA |           - |         - |
350 Milotic       |TM01 ARMAD. ÁCIDA |               - |               - |                - |               - |                - |TM07 ABSORBER |TM08 ATADURA |TM09 RENCOR |TM10 DETECCIÓN |TM11 CONVERSIÓN |TM12 LENGÜETAZO |TM13 CONFUSIÓN |TM14 BOTE |TM15 DESEO |              - |TM17 CUCHILLADA |TM18 PRESA |            - |TM20 PUÑO HIELO |                - |TM22 RETROCESO |                - |                - |TM25 BOFETÓN LODO |            - |               - |           - |TM29 CHIRRIDO |            - |                - |                - |TM33 TORBELLINO |TM34 HIDROCAÑÓN |TM35 REFUERZO |                - |              - |TM38 PATADA GIRO |TM39 GANCHO ALTO |TM40 RUGIDO |             - |               - |          - |                - |TM45 LEGADO |         - |TM47 PEDRADA |TM48 MISMODESTINO |           - |               - |HM01 CORTE |         - |HM03 SURF |HM04 FUERZA |            - |              - |HM07 CASCADA |         - |
351 Castform      |TM01 ARMAD. ÁCIDA |TM02 IMPACTRUENO |               - |TM04 PUÑODINÁMICO |TM05 V. CORTANTE |                - |            - |TM08 ATADURA |TM09 RENCOR |             - |              - |TM12 LENGÜETAZO |TM13 CONFUSIÓN |        - |TM15 DESEO |              - |              - |TM18 PRESA |TM19 VOZARRÓN |              - |                - |TM22 RETROCESO |TM23 PANTALLAHUMO |                - |TM25 BOFETÓN LODO |TM26 SORPRESA |TM27 COLA VENENO |TM28 SILBATO |TM29 CHIRRIDO |            - |TM31 PANTALLA LUZ |                - |              - |TM34 HIDROCAÑÓN |TM35 REFUERZO |TM36 ELECTROCAÑÓN |TM37 RESPLANDOR |TM38 PATADA GIRO |               - |TM40 RUGIDO |TM41 TINIEBLAS |               - |          - |                - |          - |         - |TM47 PEDRADA |                - |           - |               - |HM01 CORTE |HM02 VUELO |HM03 SURF |HM04 FUERZA |            - |HM06 GOLPE ROCA |HM07 CASCADA |HM08 BUCEO |
352 Kecleon       |                - |TM02 IMPACTRUENO |TM03 GARRA METAL |                - |               - |                - |TM07 ABSORBER |           - |TM09 RENCOR |             - |TM11 CONVERSIÓN |              - |TM13 CONFUSIÓN |        - |TM15 DESEO |TM16 GUILLOTINA |              - |TM18 PRESA |            - |TM20 PUÑO HIELO |                - |             - |                - |TM24 DAÑO SECRETO |                - |            - |TM27 COLA VENENO |           - |TM29 CHIRRIDO |            - |                - |TM32 DOBLE EQUIPO |              - |              - |TM35 REFUERZO |TM36 ELECTROCAÑÓN |              - |               - |TM39 GANCHO ALTO |          - |             - |TM42 COME SUEÑOS |          - |TM44 ECO METÁLICO |          - |         - |TM47 PEDRADA |                - |           - |               - |HM01 CORTE |         - |HM03 SURF |HM04 FUERZA |HM05 DESTELLO |              - |HM07 CASCADA |HM08 BUCEO |
353 Shuppet       |TM01 ARMAD. ÁCIDA |               - |TM03 GARRA METAL |TM04 PUÑODINÁMICO |TM05 V. CORTANTE |TM06 COLMILLO VEN |            - |TM08 ATADURA |TM09 RENCOR |             - |              - |TM12 LENGÜETAZO |             - |        - |         - |TM16 GUILLOTINA |              - |         - |TM19 VOZARRÓN |              - |TM21 LLANTO FALSO |TM22 RETROCESO |TM23 PANTALLAHUMO |                - |                - |            - |TM27 COLA VENENO |           - |            - |TM30 DESQUITE |                - |                - |              - |TM34 HIDROCAÑÓN |            - |TM36 ELECTROCAÑÓN |              - |               - |TM39 GANCHO ALTO |TM40 RUGIDO |             - |TM42 COME SUEÑOS |          - |TM44 ECO METÁLICO |          - |         - |           - |                - |TM49 REFUGIO |               - |HM01 CORTE |         - |        - |HM04 FUERZA |HM05 DESTELLO |HM06 GOLPE ROCA |           - |         - |
354 Banette       |                - |TM02 IMPACTRUENO |TM03 GARRA METAL |                - |               - |TM06 COLMILLO VEN |TM07 ABSORBER |           - |TM09 RENCOR |             - |              - |              - |             - |        - |TM15 DESEO |TM16 GUILLOTINA |              - |TM18 PRESA |            - |              - |                - |             - |                - |                - |                - |            - |TM27 COLA VENENO |           - |TM29 CHIRRIDO |            - |TM31 PANTALLA LUZ |                - |TM33 TORBELLINO |TM34 HIDROCAÑÓN |            - |TM36 ELECTROCAÑÓN |TM37 RESPLANDOR |               - |               - |TM40 RUGIDO |TM41 TINIEBLAS |TM42 COME SUEÑOS |TM43 FISURA |                - |TM45 LEGADO |TM46 AZOTE |TM47 PEDRADA |TM48 MISMODESTINO |TM49 REFUGIO |TM50 BUCLE ARENA |HM01 CORTE |HM02 VUELO |        - |HM04 FUERZA |HM05 DESTELLO |HM06 GOLPE ROCA |HM07 CASCADA |         - |
355 Duskull       |TM01 ARMAD. ÁCIDA |TM02 IMPACTRUENO |               - |TM04 PUÑODINÁMICO |               - |                - |            - |TM08 ATADURA |          - |             - |TM11 CONVERSIÓN |              - |TM13 CONFUSIÓN |TM14 BOTE |TM15 DESEO |              - |              - |TM18 PRESA |TM19 VOZARRÓN |TM20 PUÑO HIELO |TM21 LLANTO FALSO |             - |                - |TM24 DAÑO SECRETO |                - |TM26 SORPRESA |TM27 COLA VENENO |           - |            - |            - |                - |TM32 DOBLE EQUIPO |TM33 TORBELLINO |              - |            - |                - |              - |TM38 PATADA GIRO |               - |TM40 RUGIDO |             - |               - |TM43 FISURA |TM44 ECO METÁLICO |          - |         - |           - |TM48 MISMODESTINO |TM49 REFUGIO |               - |HM01 CORTE |         - |HM03 SURF |HM04 FUERZA |HM05 DESTELLO |              - |           - |HM08 BUCEO |
356 Dusclops      |TM01 ARMAD. ÁCIDA |               - |               - |TM04 PUÑODINÁMICO |               - |                - |            - |           - |          - |             - |              - |              - |TM13 CONFUSIÓN |        - |         - |              - |              - |TM18 PRESA |TM19 VOZARRÓN |              - |TM21 LLANTO FALSO |TM22 RETROCESO |TM23 PANTALLAHUMO |TM24 DAÑO SECRETO |TM25 BOFETÓN LODO |TM26 SORPRESA |               - |TM28 SILBATO |            - |            - |                - |                - |              - |TM34 HIDROCAÑÓN |TM35 REFUERZO |                - |              - |               - |               - |TM40 RUGIDO |TM41 TINIEBLAS |               - |          - |                - |          - |         - |TM47 PEDRADA |                - |           - |TM50 BUCLE ARENA |         - |HM02 VUELO |HM03 SURF |HM04 FUERZA |            - |HM06 GOLPE ROCA |           - |         - |
357 Tropius       |                - |               - |               - |TM04 PUÑODINÁMICO |TM05 V. CORTANTE |                - |TM07 ABSORBER |TM08 ATADURA |          - |             - |TM11 CONVERSIÓN |TM12 LENGÜETAZO |             - |TM14 BOTE |TM15 DESEO |TM16 GUILLOTINA |              - |TM18 PRESA |            - |              - |TM21 LLANTO FALSO |TM22 RETROCESO |TM23 PANTALLAHUMO |TM24 DAÑO SECRETO |TM25 BOFETÓN LODO |            - |               - |TM28 SILBATO |            - |            - |TM31 PANTALLA LUZ |                - |TM33 TORBELLINO |TM34 HIDROCAÑÓN |            - |TM36 ELECTROCAÑÓN |              - |TM38 PATADA GIRO |               - |          - |TM41 TINIEBLAS |               - |          - |                - |          - |TM46 AZOTE |TM47 PEDRADA |TM48 MISMODESTINO |           - |TM50 BUCLE ARENA |HM01 CORTE |HM02 VUELO |HM03 SURF |          - |HM05 DESTELLO |HM06 GOLPE ROCA |           - |         - |
358 Chimecho      |TM01 ARMAD. ÁCIDA |               - |TM03 GARRA METAL |                - |TM05 V. CORTANTE |TM06 COLMILLO VEN |            - |TM08 ATADURA |          - |             - |              - |              - |             - |TM14 BOTE |         - |TM16 GUILLOTINA |              - |         - |            - |TM20 PUÑO HIELO |                - |             - |TM23 PANTALLAHUMO |TM24 DAÑO SECRETO |TM25 BOFETÓN LODO |TM26 SORPRESA |               - |           - |TM29 CHIRRIDO |            - |TM31 PANTALLA LUZ |TM32 DOBLE EQUIPO |TM33 TORBELLINO |              - |TM35 REFUERZO |                - |              - |TM38 PATADA GIRO |TM39 GANCHO ALTO |TM40 RUGIDO |TM41 TINIEBLAS |               - |          - |TM44 ECO METÁLICO |          - |TM46 AZOTE |           - |                - |           - |TM50 BUCLE ARENA |HM01 CORTE |         - |HM03 SURF |HM04 FUERZA |HM05 DESTELLO |              - |           - |HM08 BUCEO |
359 Absol         |                - |TM02 IMPACTRUENO |TM03 GARRA METAL |TM04 PUÑODINÁMICO |               - |TM06 COLMILLO VEN |TM07 ABSORBER |           - |TM09 RENCOR |TM10 DETECCIÓN |TM11 CONVERSIÓN |TM12 LENGÜETAZO |TM13 CONFUSIÓN |        - |TM15 DESEO |TM16 GUILLOTINA |TM17 CUCHILLADA |TM18 PRESA |TM19 VOZARRÓN |              - |TM21 LLANTO FALSO |TM22 RETROCESO |TM23 PANTALLAHUMO |TM24 DAÑO SECRETO |                - |TM26 SORPRESA |TM27 COLA VENENO |           - |            - |TM30 DESQUITE |TM31 PANTALLA LUZ |TM32 DOBLE EQUIPO |TM33 TORBELLINO |TM34 HIDROCAÑÓN |            - |                - |TM37 RESPLANDOR |               - |               - |          - |TM41 TINIEBLAS |               - |TM43 FISURA |                - |TM45 LEGADO |TM46 AZOTE |TM47 PEDRADA |                - |           - |TM50 BUCLE ARENA |HM01 CORTE |         - |HM03 SURF |HM04 FUERZA |HM05 DESTELLO |              - |           - |         - |
360 Wynaut        |TM01 ARMAD. ÁCIDA |               - |TM03 GARRA METAL |TM04 PUÑODINÁMICO |               - |TM06 COLMILLO VEN |TM07 ABSORBER |TM08 ATADURA |          - |             - |              - |              - |             - |TM14 BOTE |         - |              - |              - |         - |            - |              - |TM21 LLANTO FALSO |             - |TM23 PANTALLAHUMO |                - |TM25 BOFETÓN LODO |            - |               - |           - |            - |            - |TM31 PANTALLA LUZ |TM32 DOBLE EQUIPO |              - |              - |TM35 REFUERZO |                - |              - |TM38 PATADA GIRO |TM39 GANCHO ALTO |TM40 RUGIDO |             - |TM42 COME SUEÑOS |          - |TM44 ECO METÁLICO |          - |         - |           - |TM48 MISMODESTINO |TM49 REFUGIO |TM50 BUCLE ARENA |HM01 CORTE |         - |HM03 SURF |          - |            - |              - |           - |         - |
361 Snorunt       |                - |               - |               - |                - |               - |                - |TM07 ABSORBER |TM08 ATADURA |TM09 RENCOR |             - |TM11 CONVERSIÓN |TM12 LENGÜETAZO |             - |TM14 BOTE |         - |TM16 GUILLOTINA |              - |         - |TM19 VOZARRÓN |              - |                - |             - |                - |TM24 DAÑO SECRETO |TM25 BOFETÓN LODO |TM26 SORPRESA |               - |           - |TM29 CHIRRIDO |TM30 DESQUITE |                - |                - |              - |TM34 HIDROCAÑÓN |            - |                - |TM37 RESPLANDOR |               - |               - |TM40 RUGIDO |             - |               - |TM43 FISURA |                - |TM45 LEGADO |         - |TM47 PEDRADA |                - |TM49 REFUGIO |TM50 BUCLE ARENA |HM01 CORTE |         - |HM03 SURF |          - |HM05 DESTELLO |              - |           - |         - |
362 Glalie        |                - |               - |               - |                - |               - |TM06 COLMILLO VEN |TM07 ABSORBER |TM08 ATADURA |TM09 RENCOR |             - |TM11 CONVERSIÓN |              - |TM13 CONFUSIÓN |TM14 BOTE |TM15 DESEO |TM16 GUILLOTINA |              - |         - |TM19 VOZARRÓN |TM20 PUÑO HIELO |                - |             - |                - |                - |TM25 BOFETÓN LODO |            - |TM27 COLA VENENO |TM28 SILBATO |TM29 CHIRRIDO |            - |                - |TM32 DOBLE EQUIPO |              - |TM34 HIDROCAÑÓN |TM35 REFUERZO |TM36 ELECTROCAÑÓN |              - |               - |               - |          - |             - |TM42 COME SUEÑOS |          - |                - |          - |TM46 AZOTE |           - |TM48 MISMODESTINO |TM49 REFUGIO |TM50 BUCLE ARENA |HM01 CORTE |HM02 VUELO |HM03 SURF |          - |HM05 DESTELLO |HM06 GOLPE ROCA |           - |         - |
363 Spheal        |                - |TM02 IMPACTRUENO |TM03 GARRA METAL |TM04 PUÑODINÁMICO |TM05 V. CORTANTE |                - |TM07 ABSORBER |           - |          - |TM10 DETECCIÓN |              - |              - |             - |        - |         - |TM16 GUILLOTINA |              - |         - |            - |TM20 PUÑO HIELO |TM21 LLANTO FALSO |TM22 RETROCESO |TM23 PANTALLAHUMO |TM24 DAÑO SECRETO |TM25 BOFETÓN LODO |            - |TM27 COLA VENENO |           - |            - |TM30 DESQUITE |TM31 PANTALLA LUZ |                - |TM33 TORBELLINO |              - |            - |                - |              - |TM38 PATADA GIRO |TM39 GANCHO ALTO |TM40 RUGIDO |             - |TM42 COME SUEÑOS |          - |                - |          - |         - |TM47 PEDRADA |TM48 MISMODESTINO |TM49 REFUGIO |               - |HM01 CORTE |         - |HM03 SURF |HM04 FUERZA |            - |HM06 GOLPE ROCA |           - |         - |
364 Sealeo        |TM01 ARMAD. ÁCIDA |               - |               - |TM04 PUÑODINÁMICO |               - |                - |            - |           - |TM09 RENCOR |             - |              - |TM12 LENGÜETAZO |             - |TM14 BOTE |         - |TM16 GUILLOTINA |              - |TM18 PRESA |TM19 VOZARRÓN |              - |TM21 LLANTO FALSO |TM22 RETROCESO |                - |TM24 DAÑO SECRETO |                - |TM26 SORPRESA |TM27 COLA VENENO |           - |TM29 CHIRRIDO |            - |TM31 PANTALLA LUZ |TM32 DOBLE EQUIPO |TM33 TORBELLINO |              - |            - |                - |TM37 RESPLANDOR |TM38 PATADA GIRO |TM39 GANCHO ALTO |TM40 RUGIDO |             - |TM42 COME SUEÑOS |          - |TM44 ECO METÁLICO |          - |         - |           - |TM48 MISMODESTINO |           - |               - |HM01 CORTE |HM02 VUELO |HM03 SURF |HM04 FUERZA |HM05 DESTELLO |              - |           - |         - |
365 Walrein       |                - |               - |TM03 GARRA METAL |                - |TM05 V. CORTANTE |TM06 COLMILLO VEN |TM07 ABSORBER |           - |          - |TM10 DETECCIÓN |              - |TM12 LENGÜETAZO |TM13 CONFUSIÓN |TM14 BOTE |         - |              - |TM17 CUCHILLADA |         - |TM19 VOZARRÓN |              - |TM21 LLANTO FALSO |TM22 RETROCESO |TM23 PANTALLAHUMO |TM24 DAÑO SECRETO |TM25 BOFETÓN LODO |TM26 SORPRESA |TM27 COLA VENENO |TM28 SILBATO |            - |TM30 DESQUITE |TM31 PANTALLA LUZ |                - |              - |              - |            - |                - |              - |TM38 PATADA GIRO |               - |TM40 RUGIDO |TM41 TINIEBLAS |               - |TM43 FISURA |                - |          - |         - |           - |                - |TM49 REFUGIO |               - |HM01 CORTE |HM02 VUELO |HM03 SURF |          - |            - |              - |           - |         - |
366 Clamperl      |                - |               - |TM03 GARRA METAL |TM04 PUÑODINÁMICO |TM05 V. CORTANTE |TM06 COLMILLO VEN |            - |           - |TM09 RENCOR |TM10 DETECCIÓN |TM11 CONVERSIÓN |TM12 LENGÜETAZO |TM13 CONFUSIÓN |TM14 BOTE |         - |TM16 GUILLOTINA |              - |TM18 PRESA |            - |TM20 PUÑO HIELO |TM21 LLANTO FALSO |TM22 RETROCESO |                - |TM24 DAÑO SECRETO |TM25 BOFETÓN LODO |TM26 SORPRESA |               - |TM28 SILBATO |TM29 CHIRRIDO |TM30 DESQUITE |                - |TM32 DOBLE EQUIPO |              - |TM34 HIDROCAÑÓN |            - |                - |TM37 RESPLANDOR |TM38 PATADA GIRO |               - |          - |             - |               - |          - |                - |TM45 LEGADO |TM46 AZOTE |           - |TM48 MISMODESTINO |           - |TM50 BUCLE ARENA |         - |         - |HM03 SURF |HM04 FUERZA |            - |              - |           - |         - |
367 Huntail       |                - |TM02 IMPACTRUENO |TM03 GARRA METAL |                - |               - |TM06 COLMILLO VEN |TM07 ABSORBER |TM08 ATADURA |TM09 RENCOR |             - |              - |              - |             - |        - |         - |              - |TM17 CUCHILLADA |TM18 PRESA |TM19 VOZARRÓN |TM20 PUÑO HIELO |TM21 LLANTO FALSO |             - |TM23 PANTALLAHUMO |                - |TM25 BOFETÓN LODO |            - |               - |TM28 SILBATO |            - |            - |                - |TM32 DOBLE EQUIPO |              - |TM34 HIDROCAÑÓN |TM35 REFUERZO |                - |              - |               - |TM39 GANCHO ALTO |          - |             - |TM42 COME SUEÑOS |          - |                - |TM45 LEGADO |         - |TM47 PEDRADA |                - |           - |               - |HM01 CORTE |         - |HM03 SURF |HM04 FUERZA |            - |              - |           - |         - |
368 Gorebyss      |                - |TM02 IMPACTRUENO |               - |TM04 PUÑODINÁMICO |               - |                - |TM07 ABSORBER |           - |TM09 RENCOR |             - |TM11 CONVERSIÓN |              - |TM13 CONFUSIÓN |        - |         - |TM16 GUILLOTINA |TM17 CUCHILLADA |TM18 PRESA |TM19 VOZARRÓN |              - |TM21 LLANTO FALSO |             - |                - |TM24 DAÑO SECRETO |TM25 BOFETÓN LODO |            - |TM27 COLA VENENO |           - |TM29 CHIRRIDO |            - |TM31 PANTALLA LUZ |                - |TM33 TORBELLINO |TM34 HIDROCAÑÓN |TM35 REFUERZO |                - |TM37 RESPLANDOR |TM38 PATADA GIRO |TM39 GANCHO ALTO |          - |             - |               - |TM43 FISURA |TM44 ECO METÁLICO |TM45 LEGADO |TM46 AZOTE |           - |TM48 MISMODESTINO |           - |               - |HM01 CORTE |HM02 VUELO |HM03 SURF |          - |HM05 DESTELLO |              - |HM07 CASCADA |HM08 BUCEO |
369 Relicanth     |TM01 ARMAD. ÁCIDA |               - |               - |                - |               - |                - |            - |           - |          - |TM10 DETECCIÓN |              - |              - |TM13 CONFUSIÓN |        - |TM15 DESEO |              - |              - |TM18 PRESA |TM19 VOZARRÓN |              - |TM21 LLANTO FALSO |TM22 RETROCESO |                - |TM24 DAÑO SECRETO |TM25 BOFETÓN LODO |            - |               - |           - |TM29 CHIRRIDO |            - |TM31 PANTALLA LUZ |TM32 DOBLE EQUIPO |              - |              - |TM35 REFUERZO |TM36 ELECTROCAÑÓN |TM37 RESPLANDOR |TM38 PATADA GIRO |TM39 GANCHO ALTO |          - |             - |TM42 COME SUEÑOS |TM43 FISURA |TM44 ECO METÁLICO |TM45 LEGADO |TM46 AZOTE |           - |                - |           - |TM50 BUCLE ARENA |HM01 CORTE |         - |HM03 SURF |          - |HM05 DESTELLO |HM06 GOLPE ROCA |HM07 CASCADA |HM08 BUCEO |
370 Luvdisc       |                - |TM02 IMPACTRUENO |TM03 GARRA METAL |TM04 PUÑODINÁMICO |TM05 V. CORTANTE |TM06 COLMILLO VEN |            - |           - |          - |             - |TM11 CONVERSIÓN |              - |TM13 CONFUSIÓN |TM14 BOTE |         - |              - |TM17 CUCHILLADA |         - |TM19 VOZARRÓN |TM20 PUÑO HIELO |                - |             - |                - |                - |                - |TM26 SORPRESA |TM27 COLA VENENO |TM28 SILBATO |TM29 CHIRRIDO |            - |TM31 PANTALLA LUZ |TM32 DOBLE EQUIPO |              - |TM34 HIDROCAÑÓN |TM35 REFUERZO |                - |TM37 RESPLANDOR |               - |               - |          - |             - |               - |TM43 FISURA |TM44 ECO METÁLICO |TM45 LEGADO |         - |           - |TM48 MISMODESTINO |TM49 REFUGIO |TM50 BUCLE ARENA |HM01 CORTE |HM02 VUELO |        - |HM04 FUERZA |            - |HM06 GOLPE ROCA |           - |HM08 BUCEO |
371 Bagon         |TM01 ARMAD. ÁCIDA |TM02 IMPACTRUENO |TM03 GARRA METAL |TM04 PUÑODINÁMICO |TM05 V. CORTANTE |TM06 COLMILLO VEN |            - |           - |TM09 RENCOR |TM10 DETECCIÓN |              - |              - |             - |TM14 BOTE |TM15 DESEO |TM16 GUILLOTINA |              - |TM18 PRESA |            - |              - |TM21 LLANTO FALSO |             - |                - |TM24 DAÑO SECRETO |                - |            - |TM27 COLA VENENO |TM28 SILBATO |            - |TM30 DESQUITE |TM31 PANTALLA LUZ |                - |              - |              - |TM35 REFUERZO |                - |TM37 RESPLANDOR |TM38 PATADA GIRO |               - |TM40 RUGIDO |             - |               - |          - |TM44 ECO METÁLICO |          - |         - |TM47 PEDRADA |                - |TM49 REFUGIO |               - |HM01 CORTE |         - |HM03 SURF |HM04 FUERZA |            - |HM06 GOLPE ROCA |           - |         - |
372 Shelgon       |TM01 ARMAD. ÁCIDA |               - |               - |TM04 PUÑODINÁMICO |TM05 V. CORTANTE |TM06 COLMILLO VEN |TM07 ABSORBER |TM08 ATADURA |TM09 RENCOR |             - |TM11 CONVERSIÓN |              - |TM13 CONFUSIÓN |TM14 BOTE |TM15 DESEO |              - |              - |         - |TM19 VOZARRÓN |              - |                - |             - |                - |TM24 DAÑO SECRETO |                - |TM26 SORPRESA |TM27 COLA VENENO |           - |            - |TM30 DESQUITE |TM31 PANTALLA LUZ |                - |              - |TM34 HIDROCAÑÓN |            - |TM36 ELECTROCAÑÓN |              - |TM38 PATADA GIRO |               - |          - |TM41 TINIEBLAS |               - |TM43 FISURA |TM44 ECO METÁLICO |TM45 LEGADO |TM46 AZOTE |TM47 PEDRADA |                - |           - |TM50 BUCLE ARENA |HM01 CORTE |HM02 VUELO |        - |HM04 FUERZA |HM05 DESTELLO |HM06 GOLPE ROCA |           - |HM08 BUCEO |
373 Salamence     |TM01 ARMAD. ÁCIDA |               - |               - |                - |               - |                - |            - |TM08 ATADURA |          - |TM10 DETECCIÓN |              - |              - |TM13 CONFUSIÓN |        - |TM15 DESEO |              - |TM17 CUCHILLADA |TM18 PRESA |TM19 VOZARRÓN |              - |                - |TM22 RETROCESO |                - |                - |                - |TM26 SORPRESA |               - |           - |            - |            - |TM31 PANTALLA LUZ |                - |TM33 TORBELLINO |              - |TM35 REFUERZO |TM36 ELECTROCAÑÓN |              - |               - |               - |          - |TM41 TINIEBLAS |               - |TM43 FISURA |TM44 ECO METÁLICO |TM45 LEGADO |         - |TM47 PEDRADA |TM48 MISMODESTINO |           - |               - |HM01 CORTE |         - |HM03 SURF |          - |            - |HM06 GOLPE ROCA |           - |         - |
374 Beldum        |TM01 ARMAD. ÁCIDA |               - |               - |                - |               - |TM06 COLMILLO VEN |TM07 ABSORBER |           - |TM09 RENCOR |TM10 DETECCIÓN |TM11 CONVERSIÓN |              - |             - |TM14 BOTE |TM15 DESEO |              - |              - |         - |TM19 VOZARRÓN |TM20 PUÑO HIELO |TM21 LLANTO FALSO |             - |TM23 PANTALLAHUMO |                - |TM25 BOFETÓN LODO |            - |               - |           - |TM29 CHIRRIDO |TM30 DESQUITE |                - |TM32 DOBLE EQUIPO |              - |              - |TM35 REFUERZO |                - |              - |TM38 PATADA GIRO |TM39 GANCHO ALTO |TM40 RUGIDO |TM41 TINIEBLAS |               - |TM43 FISURA |                - |TM45 LEGADO |TM46 AZOTE |TM47 PEDRADA |                - |           - |               - |HM01 CORTE |         - |HM03 SURF |          - |HM05 DESTELLO |              - |HM07 CASCADA |HM08 BUCEO |
375 Metang        |TM01 ARMAD. ÁCIDA |               - |TM03 GARRA METAL |TM04 PUÑODINÁMICO |TM05 V. CORTANTE |                - |            - |TM08 ATADURA |          - |TM10 DETECCIÓN |TM11 CONVERSIÓN |              - |TM13 CONFUSIÓN |        - |TM15 DESEO |              - |TM17 CUCHILLADA |TM18 PRESA |TM19 VOZARRÓN |              - |                - |TM22 RETROCESO |                - |                - |                - |            - |               - |TM28 SILBATO |TM29 CHIRRIDO |            - |TM31 PANTALLA LUZ |                - |              - |TM34 HIDROCAÑÓN |TM35 REFUERZO |TM36 ELECTROCAÑÓN |              - |               - |TM39 GANCHO ALTO |TM40 RUGIDO |             - |TM42 COME SUEÑOS |          - |                - |          - |TM46 AZOTE |TM47 PEDRADA |                - |           - |TM50 BUCLE ARENA |HM01 CORTE |         - |        - |HM04 FUERZA |HM05 DESTELLO |HM06 GOLPE ROCA |HM07 CASCADA |         - |
376 Metagross     |                - |               - |               - |                - |               - |                - |TM07 ABSORBER |           - |          - |TM10 DETECCIÓN |TM11 CONVERSIÓN |              - |             - |TM14 BOTE |         - |              - |TM17 CUCHILLADA |TM18 PRESA |TM19 VOZARRÓN |              - |                - |             - |TM23 PANTALLAHUMO |                - |TM25 BOFETÓN LODO |            - |               - |           - |TM29 CHIRRIDO |            - |TM31 PANTALLA LUZ |TM32 DOBLE EQUIPO |              - |TM34 HIDROCAÑÓN |TM35 REFUERZO |                - |              - |TM38 PATADA GIRO |               - |TM40 RUGIDO |TM41 TINIEBLAS |TM42 COME SUEÑOS |          - |                - |TM45 LEGADO |TM46 AZOTE |TM47 PEDRADA |                - |           - |TM50 BUCLE ARENA |HM01 CORTE |         - |HM03 SURF |HM04 FUERZA |HM05 DESTELLO |HM06 GOLPE ROCA |           - |         - |
377 Regirock      |TM01 ARMAD. ÁCIDA |TM02 IMPACTRUENO |               - |TM04 PUÑODINÁMICO |               - |TM06 COLMILLO VEN |TM07 ABSORBER |           - |TM09 RENCOR |TM10 DETECCIÓN |TM11 CONVERSIÓN |              - |TM13 CONFUSIÓN |TM14 BOTE |TM15 DESEO |              - |              - |TM18 PRESA |            - |TM20 PUÑO HIELO |TM21 LLANTO FALSO |TM22 RETROCESO |TM23 PANTALLAHUMO |                - |                - |            - |               - |TM28 SILBATO |            - |            - |TM31 PANTALLA LUZ |TM32 DOBLE EQUIPO |TM33 TORBELLINO |              - |            - |                - |              - |TM38 PATADA GIRO |TM39 GANCHO ALTO |          - |TM41 TINIEBLAS |TM42 COME SUEÑOS |TM43 FISURA |TM44 ECO METÁLICO |          - |TM46 AZOTE |TM47 PEDRADA |                - |TM49 REFUGIO |TM50 BUCLE ARENA |HM01 CORTE |         - |        - |          - |            - |              - |HM07 CASCADA |HM08 BUCEO |
378 Regice        |TM01 ARMAD. ÁCIDA |TM02 IMPACTRUENO |TM03 GARRA METAL |                - |               - |                - |            - |TM08 ATADURA |TM09 RENCOR |             - |TM11 CONVERSIÓN |              - |             - |TM14 BOTE |         - |              - |TM17 CUCHILLADA |TM18 PRESA |TM19 VOZARRÓN |              - |                - |             - |                - |TM24 DAÑO SECRETO |                - |            - |               - |TM28 SILBATO |            - |TM30 DESQUITE |                - |                - |              - |TM34 HIDROCAÑÓN |            - |                - |TM37 RESPLANDOR |TM38 PATADA GIRO |TM39 GANCHO ALTO |TM40 RUGIDO |             - |TM42 COME SUEÑOS |          - |                - |          - |         - |TM47 PEDRADA |                - |TM49 REFUGIO |TM50 BUCLE ARENA |HM01 CORTE |HM02 VUELO |        - |HM04 FUERZA |            - |HM06 GOLPE ROCA |           - |HM08 BUCEO |
379 Registeel     |                - |               - |               - |                - |TM05 V. CORTANTE |TM06 COLMILLO VEN |TM07 ABSORBER |           - |TM09 RENCOR |             - |              - |              - |TM13 CONFUSIÓN |TM14 BOTE |TM15 DESEO |TM16 GUILLOTINA |TM17 CUCHILLADA |TM18 PRESA |            - |TM20 PUÑO HIELO |TM21 LLANTO FALSO |TM22 RETROCESO |                - |                - |                - |TM26 SORPRESA |               - |           - |TM29 CHIRRIDO |            - |                - |TM32 DOBLE EQUIPO |TM33 TORBELLINO |TM34 HIDROCAÑÓN |            - |TM36 ELECTROCAÑÓN |TM37 RESPLANDOR |TM38 PATADA GIRO |TM39 GANCHO ALTO |          - |TM41 TINIEBLAS |               - |          - |TM44 ECO METÁLICO |          - |TM46 AZOTE |           - |TM48 MISMODESTINO |           - |TM50 BUCLE ARENA |HM01 CORTE |         - |        - |          - |HM05 DESTELLO |HM06 GOLPE ROCA |           - |HM08 BUCEO |
380 Latias        |                - |TM02 IMPACTRUENO |TM03 GARRA METAL |TM04 PUÑODINÁMICO |TM05 V. CORTANTE |TM06 COLMILLO VEN |            - |           - |TM09 RENCOR |             - |              - |TM12 LENGÜETAZO |             - |        - |TM15 DESEO |              - |TM17 CUCHILLADA |         - |            - |TM20 PUÑO HIELO |TM21 LLANTO FALSO |TM22 RETROCESO |                - |TM24 DAÑO SECRETO |                - |            - |               - |           - |TM29 CHIRRIDO |            - |                - |TM32 DOBLE EQUIPO |TM33 TORBELLINO |TM34 HIDROCAÑÓN |            - |                - |              - |TM38 PATADA GIRO |               - |TM40 RUGIDO |             - |               - |          - |TM44 ECO METÁLICO |          - |TM46 AZOTE |           - |TM48 MISMODESTINO |TM49 REFUGIO |               - |HM01 CORTE |         - |HM03 SURF |HM04 FUERZA |HM05 DESTELLO |              - |HM07 CASCADA |HM08 BUCEO |
381 Latios        |                - |TM02 IMPACTRUENO |TM03 GARRA METAL |                - |               - |                - |            - |           - |TM09 RENCOR |             - |TM11 CONVERSIÓN |TM12 LENGÜETAZO |TM13 CONFUSIÓN |TM14 BOTE |TM15 DESEO |              - |TM17 CUCHILLADA |TM18 PRESA |            - |TM20 PUÑO HIELO |                - |             - |TM23 PANTALLAHUMO |                - |TM25 BOFETÓN LODO |TM26 SORPRESA |               - |TM28 SILBATO |TM29 CHIRRIDO |TM30 DESQUITE |TM31 PANTALLA LUZ |TM32 DOBLE EQUIPO |TM33 TORBELLINO |              - |            - |TM36 ELECTROCAÑÓN |TM37 RESPLANDOR |TM38 PATADA GIRO |               - |          - |             - |TM42 COME SUEÑOS |          - |TM44 ECO METÁLICO |          - |TM46 AZOTE |TM47 PEDRADA |                - |           - |TM50 BUCLE ARENA |HM01 CORTE |         - |        - |HM04 FUERZA |HM05 DESTELLO |HM06 GOLPE ROCA |           - |HM08 BUCEO |
382 Kyogre        |TM01 ARMAD. ÁCIDA |TM02 IMPACTRUENO |               - |TM04 PUÑODINÁMICO |TM05 V. CORTANTE |TM06 COLMILLO VEN |            - |           - |          - |TM10 DETECCIÓN |TM11 CONVERSIÓN |TM12 LENGÜETAZO |TM13 CONFUSIÓN |        - |TM15 DESEO |TM16 GUILLOTINA |TM17 CUCHILLADA |         - |            - |TM20 PUÑO HIELO |                - |TM22 RETROCESO |                - |TM24 DAÑO SECRETO |TM25 BOFETÓN LODO |            - |TM27 COLA VENENO |           - |            - |TM30 DESQUITE |TM31 PANTALLA LUZ |TM32 DOBLE EQUIPO |              - |              - |TM35 REFUERZO |TM36 ELECTROCAÑÓN |TM37 RESPLANDOR |TM38 PATADA GIRO |               - |TM40 RUGIDO |TM41 TINIEBLAS |TM42 COME SUEÑOS |          - |TM44 ECO METÁLICO |TM45 LEGADO |         - |TM47 PEDRADA |                - |           - |               - |HM01 CORTE |         - |        - |          - |HM05 DESTELLO |HM06 GOLPE ROCA |           - |         - |
383 Groudon       |                - |               - |               - |TM04 PUÑODINÁMICO |               - |TM06 COLMILLO VEN |            - |           - |TM09 RENCOR |TM10 DETECCIÓN |              - |              - |             - |TM14 BOTE |         - |TM16 GUILLOTINA |              - |         - |TM19 VOZARRÓN |TM20 PUÑO HIELO |                - |             - |                - |TM24 DAÑO SECRETO |                - |            - |TM27 COLA VENENO |           - |            - |TM30 DESQUITE |TM31 PANTALLA LUZ |                - |              - |TM34 HIDROCAÑÓN |            - |TM36 ELECTROCAÑÓN |              - |TM38 PATADA GIRO |TM39 GANCHO ALTO |          - |TM41 TINIEBLAS |TM42 COME SUEÑOS |TM43 FISURA |TM44 ECO METÁLICO |TM45 LEGADO |TM46 AZOTE |           - |                - |TM49 REFUGIO |TM50 BUCLE ARENA |HM01 CORTE |HM02 VUELO |HM03 SURF |          - |HM05 DESTELLO |HM06 GOLPE ROCA |HM07 CASCADA |         - |
384 Rayquaza      |TM01 ARMAD. ÁCIDA |TM02 IMPACTRUENO |               - |                - |TM05 V. CORTANTE |                - |            - |TM08 ATADURA |TM09 RENCOR |TM10 DETECCIÓN |TM11 CONVERSIÓN |TM12 LENGÜETAZO |TM13 CONFUSIÓN |        - |TM15 DESEO |TM16 GUILLOTINA |              - |TM18 PRESA |            - |              - |TM21 LLANTO FALSO |             - |TM23 PANTALLAHUMO |TM24 DAÑO SECRETO |                - |            - |               - |           - |            - |            - |                - |TM32 DOBLE EQUIPO |TM33 TORBELLINO |TM34 HIDROCAÑÓN |TM35 REFUERZO |                - |TM37 RESPLANDOR |TM38 PATADA GIRO |               - |TM40 RUGIDO |TM41 TINIEBLAS |               - |          - |                - |          - |         - |TM47 PEDRADA |                - |TM49 REFUGIO |TM50 BUCLE ARENA |HM01 CORTE |HM02 VUELO |HM03 SURF |HM04 FUERZA |HM05 DESTELLO |HM06 GOLPE ROCA |HM07 CASCADA |         - |
385 Jirachi       |TM01 ARMAD. ÁCIDA |               - |               - |                - |               - |                - |TM07 ABSORBER |TM08 ATADURA |TM09 RENCOR |TM10 DETECCIÓN |              - |TM12 LENGÜETAZO |TM13 CONFUSIÓN |TM14 BOTE |         - |              - |TM17 CUCHILLADA |TM18 PRESA |TM19 VOZARRÓN |              - |                - |             - |TM23 PANTALLAHUMO |TM24 DAÑO SECRETO |TM25 BOFETÓN LODO |TM26 SORPRESA |               - |           - |TM29 CHIRRIDO |TM30 DESQUITE |                - |                - |TM33 TORBELLINO |              - |TM35 REFUERZO |TM36 ELECTROCAÑÓN |TM37 RESPLANDOR |               - |TM39 GANCHO ALTO |          - |             - |               - |TM43 FISURA |                - |          - |TM46 AZOTE |TM47 PEDRADA |TM48 MISMODESTINO |TM49 REFUGIO |TM50 BUCLE ARENA |HM01 CORTE |         - |HM03 SURF |          - |            - |HM06 GOLPE ROCA |HM07 CASCADA |HM08 BUCEO |
386 Deoxys        |                - |               - |TM03 GARRA METAL |                - |TM05 V. CORTANTE |TM06 COLMILLO VEN |TM07 ABSORBER |           - |          - |TM10 DETECCIÓN |TM11 CONVERSIÓN |              - |TM13 CONFUSIÓN |TM14 BOTE |TM15 DESEO |              - |              - |TM18 PRESA |            - |TM20 PUÑO HIELO |                - |             - |TM23 PANTALLAHUMO |TM24 DAÑO SECRETO |                - |            - |               - |TM28 SILBATO |TM29 CHIRRIDO |TM30 DESQUITE |                - |                - |TM33 TORBELLINO |TM34 HIDROCAÑÓN |TM35 REFUERZO |                - |TM37 RESPLANDOR |               - |               - |          - |             - |               - |          - |                - |          - |         - |           - |                - |TM49 REFUGIO |TM50 BUCLE ARENA |HM01 CORTE |HM02 VUELO |HM03 SURF |          - |HM05 DESTELLO |HM06 GOLPE ROCA |           - |         - |

--Move Tutor Moves--
MEGAPUÑO   -> RIZO DEFENSA
DANZA ESPADA -> BATIDO    
MEGAPATADA -> PUÑO COMETA
GOLPE CUERPO -> GOLPES FURIA
DOBLE FILO -> GAS VENENOSO
CONTADOR   -> CANTO     
MOV. SÍSMICO -> CORPULENCIA
MIMÉTICO   -> COLA FÉRREA
METRÓNOMO  -> PICO TALADRO
AMORTIGUADOR -> ALIVIO    
COME SUEÑOS -> POLUCIÓN  
ONDA TRUENO -> TELARAÑA  
EXPLOSIÓN  -> INVERSIÓN 
AVALANCHA  -> ATAQUE ALA
SUSTITUTO  -> DOBLEBOFETÓN

--Move Tutor Compatibility--
  1 Bulbasaur     |RIZO DEFENSA |BATIDO |          - |GOLPES FURIA |           - |CANTO |CORPULENCIA |          - |           - |ALIVIO |       - |TELARAÑA |INVERSIÓN |ATAQUE ALA |DOBLEBOFETÓN |
  2 Ivysaur       |RIZO DEFENSA |     - |          - |GOLPES FURIA |GAS VENENOSO |    - |          - |COLA FÉRREA |PICO TALADRO |     - |POLUCIÓN |       - |INVERSIÓN |ATAQUE ALA |           - |
  3 Venusaur      |RIZO DEFENSA |     - |PUÑO COMETA |GOLPES FURIA |GAS VENENOSO |    - |CORPULENCIA |          - |           - |     - |POLUCIÓN |       - |INVERSIÓN |ATAQUE ALA |DOBLEBOFETÓN |
  4 Charmander    |           - |BATIDO |PUÑO COMETA |GOLPES FURIA |           - |    - |          - |COLA FÉRREA |PICO TALADRO |ALIVIO |       - |TELARAÑA |INVERSIÓN |ATAQUE ALA |DOBLEBOFETÓN |
  5 Charmeleon    |RIZO DEFENSA |     - |          - |GOLPES FURIA |           - |CANTO |          - |          - |PICO TALADRO |     - |POLUCIÓN |TELARAÑA |INVERSIÓN |         - |DOBLEBOFETÓN |
  6 Charizard     |RIZO DEFENSA |BATIDO |          - |           - |GAS VENENOSO |    - |          - |COLA FÉRREA |PICO TALADRO |ALIVIO |       - |       - |INVERSIÓN |ATAQUE ALA |           - |
  7 Squirtle      |RIZO DEFENSA |BATIDO |PUÑO COMETA |GOLPES FURIA |           - |CANTO |          - |          - |PICO TALADRO |ALIVIO |       - |TELARAÑA |        - |         - |           - |
  8 Wartortle     |RIZO DEFENSA |BATIDO |PUÑO COMETA |GOLPES FURIA |           - |CANTO |CORPULENCIA |          - |PICO TALADRO |     - |POLUCIÓN |TELARAÑA |INVERSIÓN |         - |DOBLEBOFETÓN |
  9 Blastoise     |           - |BATIDO |PUÑO COMETA |           - |           - |CANTO |CORPULENCIA |          - |PICO TALADRO |     - |       - |TELARAÑA |        - |         - |DOBLEBOFETÓN |
 10 Caterpie      |           - |     - |          - |           - |           - |CANTO |CORPULENCIA |COLA FÉRREA |PICO TALADRO |     - |POLUCIÓN |TELARAÑA |INVERSIÓN |ATAQUE ALA |           - |
 11 Metapod       |RIZO DEFENSA |     - |          - |GOLPES FURIA |GAS VENENOSO |CANTO |          - |COLA FÉRREA |           - |ALIVIO |       - |       - |INVERSIÓN |ATAQUE ALA |DOBLEBOFETÓN |
 12 Butterfree    |RIZO DEFENSA |     - |          - |GOLPES FURIA |GAS VENENOSO |CANTO |CORPULENCIA |COLA FÉRREA |           - |ALIVIO |       - |TELARAÑA |INVERSIÓN |ATAQUE ALA |DOBLEBOFETÓN |
 13 Weedle        |           - |     - |PUÑO COMETA |           - |           - |CANTO |          - |COLA FÉRREA |           - |     - |POLUCIÓN |TELARAÑA |INVERSIÓN |ATAQUE ALA |           - |
 14 Kakuna        |RIZO DEFENSA |BATIDO |          - |           - |GAS VENENOSO |    - |          - |COLA FÉRREA |           - |ALIVIO |POLUCIÓN |TELARAÑA |INVERSIÓN |ATAQUE ALA |           - |
 15 Beedrill      |           - |     - |          - |GOLPES FURIA |GAS VENENOSO |    - |          - |          - |           - |ALIVIO |POLUCIÓN |TELARAÑA |INVERSIÓN |         - |DOBLEBOFETÓN |
 16 Pidgey        |RIZO DEFENSA |BATIDO |          - |           - |           - |CANTO |          - |          - |PICO TALADRO |     - |POLUCIÓN |       - |        - |ATAQUE ALA |           - |
 17 Pidgeotto     |           - |BATIDO |          - |GOLPES FURIA |GAS VENENOSO |CANTO |          - |COLA FÉRREA |           - |     - |POLUCIÓN |       - |INVERSIÓN |ATAQUE ALA |           - |
 18 Pidgeot       |           - |     - |PUÑO COMETA |GOLPES FURIA |           - |    - |CORPULENCIA |COLA FÉRREA |           - |ALIVIO |POLUCIÓN |TELARAÑA |INVERSIÓN |         - |           - |
 19 Rattata       |           - |BATIDO |          - |           - |           - |    - |          - |          - |           - |ALIVIO |       - |       - |        - |ATAQUE ALA |DOBLEBOFETÓN |
 20 Raticate      |RIZO DEFENSA |     - |PUÑO COMETA |           - |           - |CANTO |CORPULENCIA |COLA FÉRREA |           - |ALIVIO |POLUCIÓN |TELARAÑA |INVERSIÓN |         - |DOBLEBOFETÓN |
 21 Spearow       |           - |BATIDO |          - |           - |GAS VENENOSO |CANTO |          - |          - |PICO TALADRO |     - |       - |       - |        - |         - |           - |
 22 Fearow        |RIZO DEFENSA |BATIDO |          - |           - |           - |CANTO |CORPULENCIA |          - |           - |ALIVIO |POLUCIÓN |       - |INVERSIÓN |         - |           - |
 23 Ekans         |           - |BATIDO |PUÑO COMETA |           - |           - |    - |          - |COLA FÉRREA |PICO TALADRO |     - |POLUCIÓN |       - |INVERSIÓN |         - |           - |
 24 Arbok         |RIZO DEFENSA |BATIDO |PUÑO COMETA |           - |GAS VENENOSO |CANTO |          - |COLA FÉRREA |PICO TALADRO |ALIVIO |POLUCIÓN |TELARAÑA |        - |         - |DOBLEBOFETÓN |
 25 Pikachu       |RIZO DEFENSA |BATIDO |          - |           - |           - |CANTO |          - |COLA FÉRREA |           - |ALIVIO |POLUCIÓN |TELARAÑA |INVERSIÓN |ATAQUE ALA |           - |
 26 Raichu        |RIZO DEFENSA |BATIDO |PUÑO COMETA |           - |GAS VENENOSO |CANTO |          - |COLA FÉRREA |           - |     - |POLUCIÓN |       - |        - |ATAQUE ALA |           - |
 27 Sandshrew     |           - |BATIDO |PUÑO COMETA |           - |GAS VENENOSO |    - |          - |          - |PICO TALADRO |     - |       - |TELARAÑA |        - |         - |DOBLEBOFETÓN |
 28 Sandslash     |           - |     - |          - |GOLPES FURIA |           - |CANTO |          - |COLA FÉRREA |           - |     - |       - |       - |INVERSIÓN |ATAQUE ALA |DOBLEBOFETÓN |
 29 Nidoran♀      |           - |BATIDO |          - |GOLPES FURIA |           - |CANTO |CORPULENCIA |COLA FÉRREA |PICO TALADRO |ALIVIO |       - |TELARAÑA |INVERSIÓN |         - |           - |
 30 Nidorina      |           - |BATIDO |          - |           - |           - |    - |          - |          - |           - |     - |       - |       - |        - |         - |           - |
 31 Nidoqueen     |RIZO DEFENSA |     - |PUÑO COMETA |GOLPES FURIA |           - |    - |CORPULENCIA |COLA FÉRREA |           - |ALIVIO |POLUCIÓN |TELARAÑA |INVERSIÓN |         - |           - |
 32 Nidoran♂      |           - |     - |          - |GOLPES FURIA |           - |CANTO |          - |          - |PICO TALADRO |     - |POLUCIÓN |TELARAÑA |        - |ATAQUE ALA |           - |
 33 Nidorino      |RIZO DEFENSA |BATIDO |          - |GOLPES FURIA |GAS VENENOSO |CANTO |CORPULENCIA |COLA FÉRREA |           - |     - |       - |TELARAÑA |INVERSIÓN |ATAQUE ALA |DOBLEBOFETÓN |
 34 Nidoking      |           - |     - |          - |           - |           - |    - |          - |COLA FÉRREA |           - |ALIVIO |       - |TELARAÑA |        - |         - |DOBLEBOFETÓN |
 35 Clefairy      |RIZO DEFENSA |BATIDO |PUÑO COMETA |GOLPES FURIA |GAS VENENOSO |    - |CORPULENCIA |COLA FÉRREA |PICO TALADRO |     - |POLUCIÓN |TELARAÑA |        - |         - |           - |
 36 Clefable      |RIZO DEFENSA |     - |PUÑO COMETA |           - |           - |CANTO |          - |COLA FÉRREA |PICO TALADRO |     - |       - |TELARAÑA |        - |         - |DOBLEBOFETÓN |
 37 Vulpix        |           - |BATIDO |PUÑO COMETA |GOLPES FURIA |           - |CANTO |          - |COLA FÉRREA |           - |     - |       - |       - |INVERSIÓN |ATAQUE ALA |           - |
 38 Ninetales     |RIZO DEFENSA |BATIDO |PUÑO COMETA |GOLPES FURIA |GAS VENENOSO |CANTO |CORPULENCIA |COLA FÉRREA |PICO TALADRO |ALIVIO |       - |TELARAÑA |        - |         - |           - |
 39 Jigglypuff    |RIZO DEFENSA |BATIDO |          - |GOLPES FURIA |           - |    - |CORPULENCIA |COLA FÉRREA |PICO TALADRO |ALIVIO |       - |       - |INVERSIÓN |ATAQUE ALA |           - |
 40 Wigglytuff    |           - |BATIDO |          - |GOLPES FURIA |GAS VENENOSO |    - |CORPULENCIA |COLA FÉRREA |           - |ALIVIO |       - |TELARAÑA |        - |         - |           - |
 41 Zubat         |RIZO DEFENSA |     - |          - |           - |           - |CANTO |CORPULENCIA |          - |PICO TALADRO |ALIVIO |POLUCIÓN |TELARAÑA |        - |         - |           - |
 42 Golbat        |RIZO DEFENSA |BATIDO |          - |           - |GAS VENENOSO |CANTO |CORPULENCIA |          - |           - |ALIVIO |       - |TELARAÑA |        - |         - |           - |
 43 Oddish        |           - |     - |PUÑO COMETA |GOLPES FURIA |           - |    - |CORPULENCIA |COLA FÉRREA |           - |ALIVIO |POLUCIÓN |       - |        - |ATAQUE ALA |DOBLEBOFETÓN |
 44 Gloom         |           - |     - |          - |           - |GAS VENENOSO |CANTO |CORPULENCIA |          - |           - |     - |POLUCIÓN |TELARAÑA |        - |ATAQUE ALA |DOBLEBOFETÓN |
 45 Vileplume     |RIZO DEFENSA |     - |          - |GOLPES FURIA |GAS VENENOSO |    - |          - |          - |PICO TALADRO |ALIVIO |POLUCIÓN |       - |        - |ATAQUE ALA |DOBLEBOFETÓN |
 46 Paras         |RIZO DEFENSA |BATIDO |          - |GOLPES FURIA |GAS VENENOSO |CANTO |          - |          - |           - |     - |       - |       - |        - |         - |           - |
 47 Parasect      |RIZO DEFENSA |     - |PUÑO COMETA |           - |GAS VENENOSO |CANTO |          - |          - |PICO TALADRO |     - |       - |       - |INVERSIÓN |ATAQUE ALA |DOBLEBOFETÓN |
 48 Venonat       |           - |     - |PUÑO COMETA |GOLPES FURIA |           - |    - |          - |COLA FÉRREA |PICO TALADRO |     - |       - |TELARAÑA |INVERSIÓN |ATAQUE ALA |           - |
 49 Venomoth      |           - |     - |PUÑO COMETA |           - |GAS VENENOSO |CANTO |          - |COLA FÉRREA |PICO TALADRO |     - |       - |       - |        - |         - |DOBLEBOFETÓN |
 50 Diglett       |RIZO DEFENSA |BATIDO |          - |           - |           - |    - |          - |          - |PICO TALADRO |     - |       - |TELARAÑA |        - |         - |           - |
 51 Dugtrio       |           - |BATIDO |PUÑO COMETA |GOLPES FURIA |           - |    - |CORPULENCIA |          - |           - |ALIVIO |       - |       - |        - |ATAQUE ALA |           - |
 52 Meowth        |RIZO DEFENSA |BATIDO |          - |GOLPES FURIA |           - |CANTO |CORPULENCIA |          - |PICO TALADRO |ALIVIO |POLUCIÓN |       - |        - |         - |DOBLEBOFETÓN |
 53 Persian       |RIZO DEFENSA |BATIDO |PUÑO COMETA |GOLPES FURIA |           - |    - |CORPULENCIA |          - |           - |     - |       - |       - |        - |         - |           - |
 54 Psyduck       |RIZO DEFENSA |BATIDO |          - |           - |           - |    - |CORPULENCIA |COLA FÉRREA |           - |     - |       - |TELARAÑA |        - |ATAQUE ALA |DOBLEBOFETÓN |
 55 Golduck       |           - |BATIDO |PUÑO COMETA |GOLPES FURIA |           - |CANTO |CORPULENCIA |COLA FÉRREA |PICO TALADRO |ALIVIO |POLUCIÓN |       - |        - |ATAQUE ALA |DOBLEBOFETÓN |
 56 Mankey        |RIZO DEFENSA |     - |          - |GOLPES FURIA |GAS VENENOSO |CANTO |CORPULENCIA |COLA FÉRREA |           - |     - |POLUCIÓN |       - |INVERSIÓN |         - |DOBLEBOFETÓN |
 57 Primeape      |           - |BATIDO |          - |GOLPES FURIA |           - |CANTO |CORPULENCIA |COLA FÉRREA |PICO TALADRO |ALIVIO |POLUCIÓN |       - |        - |         - |           - |
 58 Growlithe     |RIZO DEFENSA |BATIDO |          - |           - |           - |CANTO |          - |          - |           - |     - |POLUCIÓN |       - |        - |ATAQUE ALA |DOBLEBOFETÓN |
 59 Arcanine      |           - |     - |PUÑO COMETA |           - |           - |    - |          - |COLA FÉRREA |           - |ALIVIO |       - |TELARAÑA |        - |         - |DOBLEBOFETÓN |
 60 Poliwag       |           - |BATIDO |PUÑO COMETA |           - |           - |CANTO |          - |COLA FÉRREA |PICO TALADRO |     - |POLUCIÓN |       - |INVERSIÓN |         - |           - |
 61 Poliwhirl     |RIZO DEFENSA |     - |          - |GOLPES FURIA |           - |CANTO |CORPULENCIA |COLA FÉRREA |PICO TALADRO |ALIVIO |POLUCIÓN |       - |        - |         - |           - |
 62 Poliwrath     |RIZO DEFENSA |BATIDO |          - |           - |GAS VENENOSO |CANTO |          - |COLA FÉRREA |           - |     - |       - |TELARAÑA |INVERSIÓN |         - |DOBLEBOFETÓN |
 63 Abra          |           - |     - |PUÑO COMETA |GOLPES FURIA |           - |CANTO |          - |          - |PICO TALADRO |     - |POLUCIÓN |TELARAÑA |        - |         - |           - |
 64 Kadabra       |RIZO DEFENSA |BATIDO |          - |GOLPES FURIA |           - |    - |CORPULENCIA |          - |           - |     - |POLUCIÓN |       - |INVERSIÓN |ATAQUE ALA |           - |
 65 Alakazam      |           - |     - |PUÑO COMETA |GOLPES FURIA |           - |    - |CORPULENCIA |COLA FÉRREA |           - |ALIVIO |       - |TELARAÑA |        - |ATAQUE ALA |           - |
 66 Machop        |           - |BATIDO |          - |           - |           - |CANTO |CORPULENCIA |          - |           - |     - |POLUCIÓN |TELARAÑA |        - |         - |           - |
 67 Machoke       |           - |     - |PUÑO COMETA |GOLPES FURIA |           - |    - |          - |COLA FÉRREA |PICO TALADRO |ALIVIO |POLUCIÓN |       - |        - |ATAQUE ALA |DOBLEBOFETÓN |
 68 Machamp       |RIZO DEFENSA |     - |          - |GOLPES FURIA |           - |    - |CORPULENCIA |          - |PICO TALADRO |     - |POLUCIÓN |       - |        - |ATAQUE ALA |           - |
 69 Bellsprout    |           - |BATIDO |PUÑO COMETA |           - |GAS VENENOSO |CANTO |CORPULENCIA |          - |           - |     - |       - |TELARAÑA |INVERSIÓN |ATAQUE ALA |           - |
 70 Weepinbell    |           - |     - |          - |           - |           - |    - |          - |          - |           - |ALIVIO |       - |TELARAÑA |        - |ATAQUE ALA |           - |
 71 Victreebel    |           - |BATIDO |          - |           - |           - |    - |CORPULENCIA |COLA FÉRREA |PICO TALADRO |ALIVIO |       - |       - |INVERSIÓN |         - |           - |
 72 Tentacool     |           - |BATIDO |PUÑO COMETA |           - |GAS VENENOSO |    - |          - |          - |PICO TALADRO |     - |       - |       - |        - |ATAQUE ALA |           - |
 73 Tentacruel    |RIZO DEFENSA |     - |PUÑO COMETA |GOLPES FURIA |           - |    - |          - |          - |           - |     - |       - |       - |        - |ATAQUE ALA |DOBLEBOFETÓN |
 74 Geodude       |           - |BATIDO |PUÑO COMETA |GOLPES FURIA |           - |    - |CORPULENCIA |          - |PICO TALADRO |     - |       - |TELARAÑA |        - |ATAQUE ALA |DOBLEBOFETÓN |
 75 Graveler      |RIZO DEFENSA |BATIDO |PUÑO COMETA |           - |GAS VENENOSO |CANTO |CORPULENCIA |          - |PICO TALADRO |ALIVIO |POLUCIÓN |TELARAÑA |        - |ATAQUE ALA |           - |
 76 Golem         |           - |     - |PUÑO COMETA |GOLPES FURIA |GAS VENENOSO |    - |CORPULENCIA |COLA FÉRREA |           - |     - |POLUCIÓN |       - |        - |         - |           - |
 77 Ponyta        |RIZO DEFENSA |BATIDO |          - |           - |GAS VENENOSO |    - |          - |          - |PICO TALADRO |     - |       - |       - |INVERSIÓN |         - |           - |
 78 Rapidash      |RIZO DEFENSA |BATIDO |PUÑO COMETA |GOLPES FURIA |GAS VENENOSO |    - |CORPULENCIA |          - |PICO TALADRO |ALIVIO |POLUCIÓN |TELARAÑA |        - |         - |DOBLEBOFETÓN |
 79 Slowpoke      |           - |BATIDO |PUÑO COMETA |GOLPES FURIA |           - |CANTO |          - |COLA FÉRREA |           - |     - |       - |TELARAÑA |INVERSIÓN |         - |DOBLEBOFETÓN |
 80 Slowbro       |           - |     - |PUÑO COMETA |           - |           - |CANTO |          - |COLA FÉRREA |PICO TALADRO |     - |       - |TELARAÑA |        - |ATAQUE ALA |DOBLEBOFETÓN |
 81 Magnemite     |           - |     - |PUÑO COMETA |GOLPES FURIA |GAS VENENOSO |CANTO |CORPULENCIA |COLA FÉRREA |           - |     - |POLUCIÓN |TELARAÑA |        - |         - |           - |
 82 Magneton      |RIZO DEFENSA |     - |          - |GOLPES FURIA |           - |    - |          - |          - |PICO TALADRO |ALIVIO |POLUCIÓN |TELARAÑA |        - |ATAQUE ALA |DOBLEBOFETÓN |
 83 Farfetch’d    |RIZO DEFENSA |BATIDO |          - |           - |           - |CANTO |CORPULENCIA |          - |           - |     - |POLUCIÓN |       - |        - |         - |DOBLEBOFETÓN |
 84 Doduo         |RIZO DEFENSA |     - |PUÑO COMETA |GOLPES FURIA |GAS VENENOSO |    - |          - |          - |PICO TALADRO |     - |       - |       - |INVERSIÓN |ATAQUE ALA |DOBLEBOFETÓN |
 85 Dodrio        |           - |BATIDO |          - |           - |           - |CANTO |          - |          - |           - |ALIVIO |       - |       - |INVERSIÓN |ATAQUE ALA |DOBLEBOFETÓN |
 86 Seel          |           - |BATIDO |PUÑO COMETA |GOLPES FURIA |           - |CANTO |          - |COLA FÉRREA |PICO TALADRO |     - |POLUCIÓN |TELARAÑA |        - |ATAQUE ALA |           - |
 87 Dewgong       |RIZO DEFENSA |     - |PUÑO COMETA |           - |           - |CANTO |          - |          - |           - |ALIVIO |POLUCIÓN |TELARAÑA |INVERSIÓN |ATAQUE ALA |DOBLEBOFETÓN |
 88 Grimer        |RIZO DEFENSA |     - |PUÑO COMETA |           - |GAS VENENOSO |CANTO |          - |          - |PICO TALADRO |ALIVIO |       - |TELARAÑA |        - |         - |           - |
 89 Muk           |RIZO DEFENSA |     - |PUÑO COMETA |GOLPES FURIA |           - |CANTO |          - |COLA FÉRREA |PICO TALADRO |ALIVIO |       - |TELARAÑA |INVERSIÓN |         - |DOBLEBOFETÓN |
 90 Shellder      |           - |BATIDO |          - |           - |           - |CANTO |          - |COLA FÉRREA |           - |ALIVIO |POLUCIÓN |TELARAÑA |        - |ATAQUE ALA |DOBLEBOFETÓN |
 91 Cloyster      |RIZO DEFENSA |BATIDO |PUÑO COMETA |           - |GAS VENENOSO |    - |          - |          - |           - |     - |       - |TELARAÑA |INVERSIÓN |         - |DOBLEBOFETÓN |
 92 Gastly        |           - |     - |          - |           - |           - |    - |          - |COLA FÉRREA |PICO TALADRO |ALIVIO |POLUCIÓN |TELARAÑA |        - |         - |           - |
 93 Haunter       |RIZO DEFENSA |BATIDO |PUÑO COMETA |GOLPES FURIA |           - |    - |CORPULENCIA |          - |PICO TALADRO |ALIVIO |POLUCIÓN |TELARAÑA |INVERSIÓN |         - |DOBLEBOFETÓN |
 94 Gengar        |           - |BATIDO |PUÑO COMETA |GOLPES FURIA |GAS VENENOSO |CANTO |CORPULENCIA |          - |           - |     - |       - |       - |        - |         - |           - |
 95 Onix          |RIZO DEFENSA |     - |PUÑO COMETA |GOLPES FURIA |GAS VENENOSO |CANTO |          - |          - |           - |     - |POLUCIÓN |       - |INVERSIÓN |ATAQUE ALA |DOBLEBOFETÓN |
 96 Drowzee       |           - |     - |PUÑO COMETA |GOLPES FURIA |           - |    - |          - |          - |           - |     - |       - |       - |        - |ATAQUE ALA |           - |
 97 Hypno         |RIZO DEFENSA |     - |PUÑO COMETA |           - |           - |    - |CORPULENCIA |COLA FÉRREA |           - |     - |       - |TELARAÑA |INVERSIÓN |ATAQUE ALA |           - |
 98 Krabby        |           - |BATIDO |          - |           - |           - |CANTO |CORPULENCIA |          - |PICO TALADRO |ALIVIO |       - |TELARAÑA |        - |ATAQUE ALA |DOBLEBOFETÓN |
 99 Kingler       |           - |BATIDO |PUÑO COMETA |           - |GAS VENENOSO |CANTO |CORPULENCIA |COLA FÉRREA |PICO TALADRO |     - |POLUCIÓN |TELARAÑA |INVERSIÓN |         - |           - |
100 Voltorb       |           - |     - |PUÑO COMETA |GOLPES FURIA |           - |    - |CORPULENCIA |COLA FÉRREA |           - |     - |       - |TELARAÑA |        - |ATAQUE ALA |DOBLEBOFETÓN |
101 Electrode     |RIZO DEFENSA |     - |          - |GOLPES FURIA |           - |CANTO |CORPULENCIA |COLA FÉRREA |PICO TALADRO |     - |       - |       - |INVERSIÓN |         - |DOBLEBOFETÓN |
102 Exeggcute     |           - |BATIDO |          - |           - |           - |CANTO |          - |          - |PICO TALADRO |ALIVIO |POLUCIÓN |       - |        - |ATAQUE ALA |           - |
103 Exeggutor     |RIZO DEFENSA |BATIDO |          - |           - |GAS VENENOSO |    - |          - |COLA FÉRREA |           - |ALIVIO |       - |TELARAÑA |        - |         - |DOBLEBOFETÓN |
104 Cubone        |           - |     - |          - |           - |GAS VENENOSO |    - |          - |          - |           - |     - |       - |       - |        - |ATAQUE ALA |DOBLEBOFETÓN |
105 Marowak       |           - |BATIDO |PUÑO COMETA |           - |GAS VENENOSO |CANTO |          - |COLA FÉRREA |PICO TALADRO |ALIVIO |POLUCIÓN |TELARAÑA |        - |         - |           - |
106 Hitmonlee     |RIZO DEFENSA |BATIDO |PUÑO COMETA |GOLPES FURIA |GAS VENENOSO |CANTO |CORPULENCIA |COLA FÉRREA |PICO TALADRO |     - |POLUCIÓN |       - |INVERSIÓN |         - |           - |
107 Hitmonchan    |RIZO DEFENSA |BATIDO |          - |GOLPES FURIA |           - |CANTO |CORPULENCIA |COLA FÉRREA |           - |ALIVIO |       - |       - |INVERSIÓN |         - |DOBLEBOFETÓN |
108 Lickitung     |           - |BATIDO |          - |GOLPES FURIA |           - |    - |          - |          - |PICO TALADRO |ALIVIO |       - |TELARAÑA |INVERSIÓN |         - |           - |
109 Koffing       |           - |     - |          - |GOLPES FURIA |GAS VENENOSO |    - |          - |COLA FÉRREA |           - |ALIVIO |POLUCIÓN |TELARAÑA |        - |         - |           - |
110 Weezing       |           - |BATIDO |PUÑO COMETA |           - |           - |CANTO |          - |COLA FÉRREA |PICO TALADRO |ALIVIO |       - |TELARAÑA |        - |ATAQUE ALA |           - |
111 Rhyhorn       |           - |BATIDO |          - |GOLPES FURIA |           - |CANTO |          - |COLA FÉRREA |PICO TALADRO |     - |       - |TELARAÑA |INVERSIÓN |         - |           - |
112 Rhydon        |           - |     - |PUÑO COMETA |           - |GAS VENENOSO |CANTO |CORPULENCIA |COLA FÉRREA |           - |ALIVIO |       - |       - |INVERSIÓN |ATAQUE ALA |DOBLEBOFETÓN |
113 Chansey       |RIZO DEFENSA |     - |PUÑO COMETA |           - |           - |    - |CORPULENCIA |          - |           - |ALIVIO |POLUCIÓN |       - |INVERSIÓN |ATAQUE ALA |DOBLEBOFETÓN |
114 Tangela       |           - |     - |          - |GOLPES FURIA |GAS VENENOSO |    - |CORPULENCIA |          - |           - |ALIVIO |       - |       - |        - |         - |           - |
115 Kangaskhan    |RIZO DEFENSA |BATIDO |          - |GOLPES FURIA |GAS VENENOSO |CANTO |          - |          - |           - |ALIVIO |       - |       - |INVERSIÓN |ATAQUE ALA |DOBLEBOFETÓN |
116 Horsea        |RIZO DEFENSA |     - |PUÑO COMETA |           - |GAS VENENOSO |    - |CORPULENCIA |COLA FÉRREA |           - |     - |POLUCIÓN |TELARAÑA |INVERSIÓN |ATAQUE ALA |DOBLEBOFETÓN |
117 Seadra        |RIZO DEFENSA |BATIDO |          - |           - |           - |CANTO |CORPULENCIA |COLA FÉRREA |PICO TALADRO |ALIVIO |       - |TELARAÑA |INVERSIÓN |ATAQUE ALA |           - |
118 Goldeen       |RIZO DEFENSA |BATIDO |          - |           - |           - |    - |CORPULENCIA |          - |PICO TALADRO |ALIVIO |POLUCIÓN |       - |        - |         - |DOBLEBOFETÓN |
119 Seaking       |RIZO DEFENSA |BATIDO |PUÑO COMETA |GOLPES FURIA |           - |    - |CORPULENCIA |          - |PICO TALADRO |ALIVIO |POLUCIÓN |       - |INVERSIÓN |ATAQUE ALA |DOBLEBOFETÓN |
120 Staryu        |RIZO DEFENSA |     - |          - |           - |           - |CANTO |          - |          - |PICO TALADRO |ALIVIO |       - |       - |INVERSIÓN |ATAQUE ALA |DOBLEBOFETÓN |
121 Starmie       |RIZO DEFENSA |BATIDO |          - |GOLPES FURIA |           - |CANTO |CORPULENCIA |          - |PICO TALADRO |     - |       - |TELARAÑA |        - |ATAQUE ALA |DOBLEBOFETÓN |
122 Mr. Mime      |           - |     - |          - |           - |GAS VENENOSO |CANTO |CORPULENCIA |          - |           - |ALIVIO |POLUCIÓN |       - |        - |         - |DOBLEBOFETÓN |
123 Scyther       |RIZO DEFENSA |BATIDO |PUÑO COMETA |           - |GAS VENENOSO |CANTO |          - |COLA FÉRREA |PICO TALADRO |ALIVIO |POLUCIÓN |TELARAÑA |        - |         - |DOBLEBOFETÓN |
124 Jynx          |RIZO DEFENSA |BATIDO |PUÑO COMETA |GOLPES FURIA |GAS VENENOSO |CANTO |          - |          - |           - |ALIVIO |POLUCIÓN |       - |        - |ATAQUE ALA |DOBLEBOFETÓN |
125 Electabuzz    |RIZO DEFENSA |BATIDO |PUÑO COMETA |           - |           - |    - |          - |COLA FÉRREA |           - |     - |       - |TELARAÑA |        - |ATAQUE ALA |           - |
126 Magmar        |RIZO DEFENSA |     - |PUÑO COMETA |GOLPES FURIA |GAS VENENOSO |    - |CORPULENCIA |          - |PICO TALADRO |     - |       - |TELARAÑA |INVERSIÓN |ATAQUE ALA |           - |
127 Pinsir        |           - |     - |PUÑO COMETA |           - |GAS VENENOSO |    - |          - |COLA FÉRREA |PICO TALADRO |     - |POLUCIÓN |       - |INVERSIÓN |         - |           - |
128 Tauros        |           - |     - |          - |           - |           - |    - |CORPULENCIA |COLA FÉRREA |PICO TALADRO |ALIVIO |POLUCIÓN |       - |        - |ATAQUE ALA |           - |
129 Magikarp      |           - |BATIDO |          - |           - |           - |CANTO |CORPULENCIA |          - |           - |     - |       - |       - |        - |         - |           - |
130 Gyarados      |           - |     - |PUÑO COMETA |           - |GAS VENENOSO |CANTO |CORPULENCIA |          - |PICO TALADRO |     - |POLUCIÓN |       - |INVERSIÓN |         - |           - |
131 Lapras        |           - |BATIDO |          - |GOLPES FURIA |GAS VENENOSO |CANTO |          - |COLA FÉRREA |PICO TALADRO |     - |POLUCIÓN |       - |        - |ATAQUE ALA |DOBLEBOFETÓN |
132 Ditto         |RIZO DEFENSA |BATIDO |          - |GOLPES FURIA |           - |    - |CORPULENCIA |          - |PICO TALADRO |ALIVIO |       - |       - |        - |         - |DOBLEBOFETÓN |
133 Eevee         |           - |BATIDO |          - |GOLPES FURIA |           - |    - |          - |COLA FÉRREA |           - |     - |POLUCIÓN |TELARAÑA |INVERSIÓN |ATAQUE ALA |           - |
134 Vaporeon      |RIZO DEFENSA |BATIDO |PUÑO COMETA |GOLPES FURIA |GAS VENENOSO |CANTO |CORPULENCIA |          - |           - |     - |       - |       - |INVERSIÓN |ATAQUE ALA |DOBLEBOFETÓN |
135 Jolteon       |           - |     - |PUÑO COMETA |           - |           - |CANTO |          - |          - |PICO TALADRO |ALIVIO |       - |       - |INVERSIÓN |ATAQUE ALA |           - |
136 Flareon       |           - |     - |          - |GOLPES FURIA |GAS VENENOSO |    - |CORPULENCIA |COLA FÉRREA |PICO TALADRO |     - |POLUCIÓN |TELARAÑA |INVERSIÓN |         - |DOBLEBOFETÓN |
137 Porygon       |           - |BATIDO |          - |           - |GAS VENENOSO |    - |          - |          - |PICO TALADRO |ALIVIO |POLUCIÓN |       - |        - |ATAQUE ALA |           - |
138 Omanyte       |           - |BATIDO |PUÑO COMETA |           - |GAS VENENOSO |    - |CORPULENCIA |          - |PICO TALADRO |ALIVIO |       - |TELARAÑA |INVERSIÓN |ATAQUE ALA |DOBLEBOFETÓN |
139 Omastar       |           - |BATIDO |          - |GOLPES FURIA |           - |CANTO |CORPULENCIA |COLA FÉRREA |           - |     - |POLUCIÓN |       - |        - |ATAQUE ALA |DOBLEBOFETÓN |
140 Kabuto        |           - |BATIDO |          - |           - |           - |CANTO |          - |COLA FÉRREA |           - |     - |       - |       - |INVERSIÓN |         - |DOBLEBOFETÓN |
141 Kabutops      |           - |BATIDO |          - |GOLPES FURIA |           - |CANTO |CORPULENCIA |          - |PICO TALADRO |     - |       - |TELARAÑA |        - |ATAQUE ALA |DOBLEBOFETÓN |
142 Aerodactyl    |           - |BATIDO |PUÑO COMETA |           - |GAS VENENOSO |CANTO |CORPULENCIA |COLA FÉRREA |           - |ALIVIO |       - |TELARAÑA |        - |ATAQUE ALA |DOBLEBOFETÓN |
143 Snorlax       |RIZO DEFENSA |     - |          - |           - |           - |CANTO |CORPULENCIA |          - |           - |ALIVIO |POLUCIÓN |       - |INVERSIÓN |         - |DOBLEBOFETÓN |
144 Articuno      |           - |     - |PUÑO COMETA |           - |           - |    - |CORPULENCIA |          - |           - |     - |POLUCIÓN |TELARAÑA |INVERSIÓN |         - |           - |
145 Zapdos        |           - |BATIDO |          - |GOLPES FURIA |GAS VENENOSO |    - |          - |          - |PICO TALADRO |     - |POLUCIÓN |TELARAÑA |        - |         - |DOBLEBOFETÓN |
146 Moltres       |           - |     - |PUÑO COMETA |           - |GAS VENENOSO |    - |          - |          - |           - |ALIVIO |       - |       - |        - |ATAQUE ALA |DOBLEBOFETÓN |
147 Dratini       |RIZO DEFENSA |BATIDO |PUÑO COMETA |GOLPES FURIA |GAS VENENOSO |CANTO |CORPULENCIA |COLA FÉRREA |PICO TALADRO |ALIVIO |POLUCIÓN |TELARAÑA |INVERSIÓN |         - |DOBLEBOFETÓN |
148 Dragonair     |RIZO DEFENSA |     - |PUÑO COMETA |GOLPES FURIA |           - |CANTO |          - |          - |           - |     - |POLUCIÓN |TELARAÑA |INVERSIÓN |         - |           - |
149 Dragonite     |RIZO DEFENSA |BATIDO |          - |           - |GAS VENENOSO |    - |          - |COLA FÉRREA |           - |ALIVIO |POLUCIÓN |TELARAÑA |INVERSIÓN |         - |DOBLEBOFETÓN |
150 Mewtwo        |RIZO DEFENSA |     - |PUÑO COMETA |           - |GAS VENENOSO |CANTO |          - |          - |PICO TALADRO |ALIVIO |       - |       - |INVERSIÓN |ATAQUE ALA |           - |
151 Mew           |           - |     - |PUÑO COMETA |GOLPES FURIA |           - |CANTO |          - |COLA FÉRREA |PICO TALADRO |ALIVIO |       - |TELARAÑA |        - |ATAQUE ALA |           - |
152 Chikorita     |           - |BATIDO |PUÑO COMETA |GOLPES FURIA |           - |    - |CORPULENCIA |          - |           - |ALIVIO |POLUCIÓN |TELARAÑA |        - |         - |           - |
153 Bayleef       |           - |BATIDO |PUÑO COMETA |GOLPES FURIA |           - |CANTO |          - |COLA FÉRREA |           - |     - |       - |TELARAÑA |INVERSIÓN |ATAQUE ALA |DOBLEBOFETÓN |
154 Meganium      |           - |     - |PUÑO COMETA |GOLPES FURIA |           - |    - |          - |COLA FÉRREA |           - |ALIVIO |       - |TELARAÑA |INVERSIÓN |ATAQUE ALA |DOBLEBOFETÓN |
155 Cyndaquil     |RIZO DEFENSA |     - |PUÑO COMETA |           - |GAS VENENOSO |    - |          - |COLA FÉRREA |PICO TALADRO |     - |       - |TELARAÑA |        - |ATAQUE ALA |           - |
156 Quilava       |RIZO DEFENSA |     - |PUÑO COMETA |           - |           - |    - |          - |COLA FÉRREA |           - |     - |POLUCIÓN |TELARAÑA |INVERSIÓN |         - |           - |
157 Typhlosion    |           - |     - |          - |GOLPES FURIA |           - |    - |CORPULENCIA |          - |PICO TALADRO |ALIVIO |       - |TELARAÑA |        - |         - |           - |
158 Totodile      |RIZO DEFENSA |     - |          - |GOLPES FURIA |GAS VENENOSO |CANTO |CORPULENCIA |          - |           - |     - |POLUCIÓN |       - |        - |         - |           - |
159 Croconaw      |           - |     - |PUÑO COMETA |GOLPES FURIA |           - |    - |          - |          - |PICO TALADRO |ALIVIO |POLUCIÓN |TELARAÑA |INVERSIÓN |ATAQUE ALA |           - |
160 Feraligatr    |RIZO DEFENSA |     - |PUÑO COMETA |GOLPES FURIA |           - |CANTO |CORPULENCIA |          - |           - |     - |       - |       - |        - |         - |           - |
161 Sentret       |RIZO DEFENSA |BATIDO |          - |           - |           - |    - |          - |          - |PICO TALADRO |ALIVIO |       - |TELARAÑA |        - |ATAQUE ALA |DOBLEBOFETÓN |
162 Furret        |           - |     - |PUÑO COMETA |GOLPES FURIA |           - |CANTO |CORPULENCIA |COLA FÉRREA |PICO TALADRO |ALIVIO |       - |       - |        - |         - |           - |
163 Hoothoot      |           - |BATIDO |PUÑO COMETA |           - |GAS VENENOSO |CANTO |CORPULENCIA |COLA FÉRREA |           - |ALIVIO |       - |TELARAÑA |        - |         - |           - |
164 Noctowl       |           - |BATIDO |PUÑO COMETA |           - |GAS VENENOSO |    - |CORPULENCIA |COLA FÉRREA |           - |     - |       - |TELARAÑA |INVERSIÓN |         - |           - |
165 Ledyba        |RIZO DEFENSA |BATIDO |          - |GOLPES FURIA |GAS VENENOSO |    - |CORPULENCIA |COLA FÉRREA |           - |ALIVIO |POLUCIÓN |TELARAÑA |        - |         - |DOBLEBOFETÓN |
166 Ledian        |           - |BATIDO |PUÑO COMETA |           - |           - |CANTO |CORPULENCIA |COLA FÉRREA |PICO TALADRO |     - |       - |TELARAÑA |        - |         - |           - |
167 Spinarak      |           - |BATIDO |PUÑO COMETA |           - |           - |    - |          - |          - |           - |     - |       - |TELARAÑA |        - |         - |DOBLEBOFETÓN |
168 Ariados       |           - |BATIDO |PUÑO COMETA |GOLPES FURIA |           - |CANTO |CORPULENCIA |          - |           - |ALIVIO |       - |       - |INVERSIÓN |         - |DOBLEBOFETÓN |
169 Crobat        |RIZO DEFENSA |BATIDO |          - |GOLPES FURIA |GAS VENENOSO |    - |CORPULENCIA |          - |           - |ALIVIO |POLUCIÓN |       - |        - |         - |           - |
170 Chinchou      |RIZO DEFENSA |BATIDO |PUÑO COMETA |GOLPES FURIA |GAS VENENOSO |    - |CORPULENCIA |          - |PICO TALADRO |ALIVIO |       - |       - |INVERSIÓN |ATAQUE ALA |           - |
171 Lanturn       |           - |BATIDO |PUÑO COMETA |GOLPES FURIA |GAS VENENOSO |CANTO |          - |          - |           - |     - |POLUCIÓN |       - |        - |ATAQUE ALA |           - |
172 Pichu         |           - |BATIDO |PUÑO COMETA |GOLPES FURIA |GAS VENENOSO |CANTO |CORPULENCIA |COLA FÉRREA |PICO TALADRO |ALIVIO |       - |TELARAÑA |        - |         - |DOBLEBOFETÓN |
173 Cleffa        |           - |     - |PUÑO COMETA |GOLPES FURIA |GAS VENENOSO |CANTO |          - |          - |PICO TALADRO |ALIVIO |POLUCIÓN |       - |INVERSIÓN |ATAQUE ALA |           - |
174 Igglybuff     |           - |     - |          - |           - |           - |CANTO |          - |COLA FÉRREA |PICO TALADRO |ALIVIO |POLUCIÓN |       - |        - |         - |DOBLEBOFETÓN |
175 Togepi        |RIZO DEFENSA |BATIDO |          - |GOLPES FURIA |           - |    - |CORPULENCIA |          - |           - |ALIVIO |       - |TELARAÑA |        - |         - |           - |
176 Togetic       |RIZO DEFENSA |BATIDO |PUÑO COMETA |           - |           - |CANTO |          - |          - |           - |     - |       - |       - |INVERSIÓN |ATAQUE ALA |           - |
177 Natu          |           - |     - |PUÑO COMETA |GOLPES FURIA |GAS VENENOSO |CANTO |          - |COLA FÉRREA |           - |     - |POLUCIÓN |       - |INVERSIÓN |         - |DOBLEBOFETÓN |
178 Xatu          |           - |BATIDO |          - |           - |GAS VENENOSO |CANTO |          - |          - |PICO TALADRO |ALIVIO |       - |       - |        - |         - |           - |
179 Mareep        |           - |BATIDO |PUÑO COMETA |           - |           - |    - |          - |          - |           - |ALIVIO |POLUCIÓN |       - |INVERSIÓN |         - |           - |
180 Flaaffy       |           - |BATIDO |PUÑO COMETA |GOLPES FURIA |GAS VENENOSO |    - |          - |          - |PICO TALADRO |     - |       - |       - |INVERSIÓN |         - |DOBLEBOFETÓN |
181 Ampharos      |RIZO DEFENSA |     - |          - |GOLPES FURIA |           - |CANTO |          - |          - |           - |     - |       - |       - |        - |ATAQUE ALA |           - |
182 Bellossom     |           - |BATIDO |PUÑO COMETA |           - |GAS VENENOSO |    - |          - |          - |PICO TALADRO |ALIVIO |       - |TELARAÑA |INVERSIÓN |         - |DOBLEBOFETÓN |
183 Marill        |           - |     - |          - |GOLPES FURIA |           - |CANTO |          - |COLA FÉRREA |PICO TALADRO |     - |POLUCIÓN |TELARAÑA |INVERSIÓN |ATAQUE ALA |           - |
184 Azumarill     |RIZO DEFENSA |     - |          - |           - |           - |CANTO |          - |COLA FÉRREA |PICO TALADRO |     - |       - |TELARAÑA |        - |ATAQUE ALA |DOBLEBOFETÓN |
185 Sudowoodo     |           - |     - |PUÑO COMETA |           - |           - |CANTO |CORPULENCIA |COLA FÉRREA |           - |     - |       - |TELARAÑA |        - |ATAQUE ALA |DOBLEBOFETÓN |
186 Politoed      |           - |     - |          - |           - |GAS VENENOSO |CANTO |          - |          - |PICO TALADRO |     - |POLUCIÓN |       - |        - |ATAQUE ALA |           - |
187 Hoppip        |RIZO DEFENSA |BATIDO |          - |           - |           - |CANTO |CORPULENCIA |COLA FÉRREA |PICO TALADRO |     - |       - |TELARAÑA |        - |         - |           - |
188 Skiploom      |           - |     - |PUÑO COMETA |GOLPES FURIA |           - |CANTO |          - |          - |PICO TALADRO |ALIVIO |POLUCIÓN |TELARAÑA |INVERSIÓN |         - |DOBLEBOFETÓN |
189 Jumpluff      |           - |     - |          - |GOLPES FURIA |GAS VENENOSO |    - |          - |          - |PICO TALADRO |ALIVIO |       - |       - |INVERSIÓN |ATAQUE ALA |           - |
190 Aipom         |           - |     - |PUÑO COMETA |GOLPES FURIA |GAS VENENOSO |CANTO |CORPULENCIA |COLA FÉRREA |PICO TALADRO |     - |       - |       - |INVERSIÓN |         - |           - |
191 Sunkern       |           - |     - |          - |GOLPES FURIA |           - |    - |          - |          - |           - |     - |POLUCIÓN |TELARAÑA |INVERSIÓN |ATAQUE ALA |DOBLEBOFETÓN |
192 Sunflora      |RIZO DEFENSA |     - |          - |           - |           - |    - |CORPULENCIA |          - |PICO TALADRO |     - |       - |TELARAÑA |INVERSIÓN |ATAQUE ALA |           - |
193 Yanma         |RIZO DEFENSA |     - |          - |           - |           - |    - |          - |COLA FÉRREA |           - |ALIVIO |       - |TELARAÑA |INVERSIÓN |         - |           - |
194 Wooper        |           - |BATIDO |PUÑO COMETA |           - |GAS VENENOSO |CANTO |          - |COLA FÉRREA |PICO TALADRO |     - |POLUCIÓN |       - |INVERSIÓN |ATAQUE ALA |           - |
195 Quagsire      |RIZO DEFENSA |     - |PUÑO COMETA |GOLPES FURIA |GAS VENENOSO |    - |CORPULENCIA |COLA FÉRREA |PICO TALADRO |     - |       - |TELARAÑA |        - |         - |DOBLEBOFETÓN |
196 Espeon        |           - |     - |PUÑO COMETA |           - |           - |CANTO |          - |          - |PICO TALADRO |ALIVIO |POLUCIÓN |TELARAÑA |        - |         - |           - |
197 Umbreon       |           - |     - |          - |GOLPES FURIA |GAS VENENOSO |    - |          - |COLA FÉRREA |PICO TALADRO |ALIVIO |POLUCIÓN |TELARAÑA |        - |ATAQUE ALA |           - |
198 Murkrow       |           - |     - |          - |           - |GAS VENENOSO |    - |          - |          - |PICO TALADRO |     - |       - |       - |        - |         - |           - |
199 Slowking      |           - |BATIDO |PUÑO COMETA |           - |GAS VENENOSO |    - |CORPULENCIA |          - |           - |ALIVIO |POLUCIÓN |TELARAÑA |INVERSIÓN |ATAQUE ALA |           - |
200 Misdreavus    |           - |     - |PUÑO COMETA |           - |           - |    - |CORPULENCIA |          - |           - |ALIVIO |POLUCIÓN |TELARAÑA |INVERSIÓN |         - |DOBLEBOFETÓN |
201 Unown         |RIZO DEFENSA |BATIDO |          - |GOLPES FURIA |GAS VENENOSO |    - |CORPULENCIA |COLA FÉRREA |           - |ALIVIO |       - |TELARAÑA |INVERSIÓN |         - |           - |
202 Wobbuffet     |           - |BATIDO |          - |           - |           - |    - |          - |COLA FÉRREA |PICO TALADRO |     - |       - |       - |        - |ATAQUE ALA |DOBLEBOFETÓN |
203 Girafarig     |           - |BATIDO |PUÑO COMETA |GOLPES FURIA |           - |CANTO |CORPULENCIA |          - |           - |ALIVIO |       - |       - |        - |         - |           - |
204 Pineco        |RIZO DEFENSA |BATIDO |PUÑO COMETA |GOLPES FURIA |GAS VENENOSO |CANTO |CORPULENCIA |COLA FÉRREA |           - |ALIVIO |POLUCIÓN |TELARAÑA |        - |         - |           - |
205 Forretress    |RIZO DEFENSA |     - |          - |GOLPES FURIA |           - |CANTO |CORPULENCIA |          - |           - |     - |       - |       - |        - |ATAQUE ALA |DOBLEBOFETÓN |
206 Dunsparce     |RIZO DEFENSA |     - |PUÑO COMETA |GOLPES FURIA |           - |CANTO |CORPULENCIA |COLA FÉRREA |           - |ALIVIO |POLUCIÓN |       - |        - |ATAQUE ALA |DOBLEBOFETÓN |
207 Gligar        |           - |BATIDO |          - |GOLPES FURIA |GAS VENENOSO |CANTO |CORPULENCIA |          - |           - |ALIVIO |POLUCIÓN |TELARAÑA |        - |         - |DOBLEBOFETÓN |
208 Steelix       |RIZO DEFENSA |     - |PUÑO COMETA |GOLPES FURIA |GAS VENENOSO |    - |          - |COLA FÉRREA |           - |     - |       - |TELARAÑA |        - |         - |           - |
209 Snubbull      |RIZO DEFENSA |BATIDO |PUÑO COMETA |GOLPES FURIA |GAS VENENOSO |    - |          - |COLA FÉRREA |PICO TALADRO |     - |POLUCIÓN |       - |INVERSIÓN |         - |           - |
210 Granbull      |           - |BATIDO |PUÑO COMETA |GOLPES FURIA |GAS VENENOSO |    - |CORPULENCIA |COLA FÉRREA |PICO TALADRO |     - |       - |TELARAÑA |        - |         - |           - |
211 Qwilfish      |           - |     - |PUÑO COMETA |           - |           - |    - |          - |COLA FÉRREA |           - |ALIVIO |       - |       - |        - |ATAQUE ALA |           - |
212 Scizor        |           - |     - |PUÑO COMETA |GOLPES FURIA |           - |CANTO |          - |          - |PICO TALADRO |ALIVIO |POLUCIÓN |TELARAÑA |INVERSIÓN |ATAQUE ALA |           - |
213 Shuckle       |RIZO DEFENSA |     - |PUÑO COMETA |           - |           - |CANTO |CORPULENCIA |          - |PICO TALADRO |ALIVIO |POLUCIÓN |       - |        - |ATAQUE ALA |DOBLEBOFETÓN |
214 Heracross     |           - |     - |          - |           - |GAS VENENOSO |    - |CORPULENCIA |COLA FÉRREA |PICO TALADRO |ALIVIO |POLUCIÓN |TELARAÑA |INVERSIÓN |ATAQUE ALA |DOBLEBOFETÓN |
215 Sneasel       |RIZO DEFENSA |     - |PUÑO COMETA |GOLPES FURIA |GAS VENENOSO |    - |          - |COLA FÉRREA |PICO TALADRO |     - |       - |TELARAÑA |        - |ATAQUE ALA |DOBLEBOFETÓN |
216 Teddiursa     |RIZO DEFENSA |BATIDO |          - |GOLPES FURIA |           - |    - |CORPULENCIA |COLA FÉRREA |PICO TALADRO |ALIVIO |       - |TELARAÑA |INVERSIÓN |         - |           - |
217 Ursaring      |RIZO DEFENSA |     - |          - |           - |           - |    - |          - |          - |           - |ALIVIO |POLUCIÓN |       - |INVERSIÓN |ATAQUE ALA |DOBLEBOFETÓN |
218 Slugma        |RIZO DEFENSA |BATIDO |PUÑO COMETA |GOLPES FURIA |GAS VENENOSO |CANTO |          - |          - |PICO TALADRO |     - |POLUCIÓN |       - |        - |         - |DOBLEBOFETÓN |
219 Magcargo      |RIZO DEFENSA |     - |PUÑO COMETA |GOLPES FURIA |GAS VENENOSO |CANTO |          - |COLA FÉRREA |PICO TALADRO |     - |POLUCIÓN |       - |        - |ATAQUE ALA |DOBLEBOFETÓN |
220 Swinub        |           - |     - |PUÑO COMETA |           - |           - |CANTO |          - |COLA FÉRREA |PICO TALADRO |ALIVIO |POLUCIÓN |       - |INVERSIÓN |         - |           - |
221 Piloswine     |RIZO DEFENSA |BATIDO |PUÑO COMETA |GOLPES FURIA |GAS VENENOSO |    - |          - |COLA FÉRREA |PICO TALADRO |ALIVIO |POLUCIÓN |TELARAÑA |INVERSIÓN |ATAQUE ALA |DOBLEBOFETÓN |
222 Corsola       |RIZO DEFENSA |BATIDO |PUÑO COMETA |GOLPES FURIA |GAS VENENOSO |    - |          - |COLA FÉRREA |PICO TALADRO |ALIVIO |POLUCIÓN |       - |        - |ATAQUE ALA |DOBLEBOFETÓN |
223 Remoraid      |RIZO DEFENSA |BATIDO |          - |GOLPES FURIA |GAS VENENOSO |    - |          - |          - |           - |     - |POLUCIÓN |       - |INVERSIÓN |ATAQUE ALA |           - |
224 Octillery     |           - |     - |PUÑO COMETA |GOLPES FURIA |           - |CANTO |CORPULENCIA |COLA FÉRREA |           - |     - |POLUCIÓN |TELARAÑA |        - |ATAQUE ALA |DOBLEBOFETÓN |
225 Delibird      |           - |     - |PUÑO COMETA |GOLPES FURIA |           - |CANTO |          - |          - |PICO TALADRO |     - |POLUCIÓN |TELARAÑA |INVERSIÓN |ATAQUE ALA |DOBLEBOFETÓN |
226 Mantine       |           - |BATIDO |          - |GOLPES FURIA |           - |CANTO |CORPULENCIA |          - |           - |     - |POLUCIÓN |       - |INVERSIÓN |ATAQUE ALA |DOBLEBOFETÓN |
227 Skarmory      |           - |     - |          - |           - |GAS VENENOSO |CANTO |CORPULENCIA |COLA FÉRREA |PICO TALADRO |ALIVIO |POLUCIÓN |TELARAÑA |        - |         - |DOBLEBOFETÓN |
228 Houndour      |           - |     - |PUÑO COMETA |GOLPES FURIA |           - |    - |          - |          - |           - |     - |POLUCIÓN |TELARAÑA |INVERSIÓN |ATAQUE ALA |           - |
229 Houndoom      |           - |BATIDO |PUÑO COMETA |           - |GAS VENENOSO |    - |CORPULENCIA |          - |           - |ALIVIO |POLUCIÓN |       - |INVERSIÓN |ATAQUE ALA |           - |
230 Kingdra       |RIZO DEFENSA |     - |          - |           - |GAS VENENOSO |    - |CORPULENCIA |          - |PICO TALADRO |     - |POLUCIÓN |TELARAÑA |INVERSIÓN |ATAQUE ALA |DOBLEBOFETÓN |
231 Phanpy        |           - |BATIDO |          - |           - |GAS VENENOSO |CANTO |CORPULENCIA |          - |           - |     - |POLUCIÓN |       - |INVERSIÓN |ATAQUE ALA |DOBLEBOFETÓN |
232 Donphan       |           - |BATIDO |PUÑO COMETA |GOLPES FURIA |           - |    - |CORPULENCIA |COLA FÉRREA |PICO TALADRO |     - |       - |       - |        - |ATAQUE ALA |DOBLEBOFETÓN |
233 Porygon2      |           - |     - |          - |GOLPES FURIA |GAS VENENOSO |    - |CORPULENCIA |COLA FÉRREA |PICO TALADRO |ALIVIO |POLUCIÓN |       - |        - |ATAQUE ALA |DOBLEBOFETÓN |
234 Stantler      |           - |     - |          - |           - |           - |CANTO |CORPULENCIA |          - |PICO TALADRO |     - |       - |TELARAÑA |INVERSIÓN |         - |DOBLEBOFETÓN |
235 Smeargle      |RIZO DEFENSA |BATIDO |PUÑO COMETA |           - |           - |CANTO |          - |          - |           - |ALIVIO |       - |       - |        - |         - |           - |
236 Tyrogue       |RIZO DEFENSA |     - |PUÑO COMETA |           - |GAS VENENOSO |    - |CORPULENCIA |          - |           - |ALIVIO |       - |TELARAÑA |INVERSIÓN |ATAQUE ALA |DOBLEBOFETÓN |
237 Hitmontop     |           - |     - |PUÑO COMETA |           - |GAS VENENOSO |CANTO |          - |          - |PICO TALADRO |     - |POLUCIÓN |       - |        - |ATAQUE ALA |DOBLEBOFETÓN |
238 Smoochum      |           - |     - |          - |           - |GAS VENENOSO |CANTO |          - |          - |           - |ALIVIO |POLUCIÓN |TELARAÑA |INVERSIÓN |         - |           - |
239 Elekid        |RIZO DEFENSA |BATIDO |          - |GOLPES FURIA |           - |    - |          - |COLA FÉRREA |PICO TALADRO |ALIVIO |POLUCIÓN |TELARAÑA |INVERSIÓN |ATAQUE ALA |DOBLEBOFETÓN |
240 Magby         |RIZO DEFENSA |BATIDO |PUÑO COMETA |GOLPES FURIA |           - |CANTO |          - |COLA FÉRREA |PICO TALADRO |ALIVIO |       - |       - |INVERSIÓN |         - |           - |
241 Miltank       |           - |     - |          - |GOLPES FURIA |GAS VENENOSO |    - |          - |COLA FÉRREA |           - |     - |POLUCIÓN |       - |INVERSIÓN |         - |           - |
242 Blissey       |RIZO DEFENSA |     - |PUÑO COMETA |           - |           - |CANTO |          - |COLA FÉRREA |PICO TALADRO |ALIVIO |       - |       - |        - |ATAQUE ALA |DOBLEBOFETÓN |
243 Raikou        |RIZO DEFENSA |BATIDO |PUÑO COMETA |           - |GAS VENENOSO |    - |CORPULENCIA |          - |           - |     - |       - |       - |        - |         - |DOBLEBOFETÓN |
244 Entei         |           - |BATIDO |PUÑO COMETA |GOLPES FURIA |           - |CANTO |          - |          - |           - |ALIVIO |       - |       - |        - |         - |           - |
245 Suicune       |           - |     - |          - |           - |           - |    - |          - |          - |           - |     - |POLUCIÓN |TELARAÑA |INVERSIÓN |         - |DOBLEBOFETÓN |
246 Larvitar      |RIZO DEFENSA |BATIDO |PUÑO COMETA |           - |           - |CANTO |CORPULENCIA |COLA FÉRREA |PICO TALADRO |ALIVIO |       - |       - |INVERSIÓN |ATAQUE ALA |           - |
247 Pupitar       |RIZO DEFENSA |BATIDO |          - |GOLPES FURIA |GAS VENENOSO |CANTO |          - |COLA FÉRREA |PICO TALADRO |     - |       - |TELARAÑA |INVERSIÓN |         - |           - |
248 Tyranitar     |           - |BATIDO |PUÑO COMETA |GOLPES FURIA |GAS VENENOSO |    - |CORPULENCIA |COLA FÉRREA |PICO TALADRO |     - |POLUCIÓN |       - |        - |ATAQUE ALA |           - |
249 Lugia         |           - |BATIDO |          - |           - |GAS VENENOSO |CANTO |          - |COLA FÉRREA |PICO TALADRO |     - |       - |TELARAÑA |        - |         - |           - |
250 Ho-Oh         |           - |BATIDO |PUÑO COMETA |           - |           - |CANTO |          - |COLA FÉRREA |PICO TALADRO |ALIVIO |       - |TELARAÑA |        - |         - |           - |
251 Celebi        |RIZO DEFENSA |     - |PUÑO COMETA |           - |           - |    - |          - |          - |PICO TALADRO |     - |       - |TELARAÑA |INVERSIÓN |         - |DOBLEBOFETÓN |
252 Treecko       |           - |BATIDO |          - |           - |GAS VENENOSO |    - |          - |          - |           - |     - |POLUCIÓN |TELARAÑA |INVERSIÓN |ATAQUE ALA |           - |
253 Grovyle       |RIZO DEFENSA |     - |PUÑO COMETA |           - |           - |    - |CORPULENCIA |          - |PICO TALADRO |ALIVIO |       - |TELARAÑA |        - |         - |           - |
254 Sceptile      |           - |BATIDO |          - |           - |GAS VENENOSO |CANTO |CORPULENCIA |COLA FÉRREA |PICO TALADRO |ALIVIO |POLUCIÓN |TELARAÑA |        - |         - |           - |
255 Torchic       |RIZO DEFENSA |BATIDO |PUÑO COMETA |GOLPES FURIA |GAS VENENOSO |CANTO |          - |COLA FÉRREA |PICO TALADRO |     - |POLUCIÓN |TELARAÑA |INVERSIÓN |ATAQUE ALA |           - |
256 Combusken     |RIZO DEFENSA |     - |          - |           - |           - |    - |          - |          - |           - |ALIVIO |       - |TELARAÑA |        - |ATAQUE ALA |DOBLEBOFETÓN |
257 Blaziken      |RIZO DEFENSA |BATIDO |PUÑO COMETA |           - |           - |CANTO |          - |          - |PICO TALADRO |ALIVIO |       - |       - |INVERSIÓN |ATAQUE ALA |DOBLEBOFETÓN |
258 Mudkip        |           - |BATIDO |          - |GOLPES FURIA |           - |CANTO |          - |          - |PICO TALADRO |     - |       - |       - |        - |ATAQUE ALA |           - |
259 Marshtomp     |RIZO DEFENSA |BATIDO |PUÑO COMETA |GOLPES FURIA |GAS VENENOSO |CANTO |CORPULENCIA |COLA FÉRREA |           - |     - |POLUCIÓN |       - |INVERSIÓN |ATAQUE ALA |DOBLEBOFETÓN |
260 Swampert      |RIZO DEFENSA |BATIDO |          - |           - |           - |    - |CORPULENCIA |COLA FÉRREA |           - |     - |POLUCIÓN |       - |        - |ATAQUE ALA |DOBLEBOFETÓN |
261 Poochyena     |RIZO DEFENSA |     - |          - |           - |GAS VENENOSO |CANTO |CORPULENCIA |          - |           - |     - |POLUCIÓN |TELARAÑA |INVERSIÓN |ATAQUE ALA |           - |
262 Mightyena     |           - |     - |PUÑO COMETA |GOLPES FURIA |GAS VENENOSO |    - |CORPULENCIA |COLA FÉRREA |           - |     - |       - |TELARAÑA |INVERSIÓN |         - |           - |
263 Zigzagoon     |           - |BATIDO |PUÑO COMETA |GOLPES FURIA |           - |    - |CORPULENCIA |COLA FÉRREA |           - |ALIVIO |POLUCIÓN |TELARAÑA |        - |         - |DOBLEBOFETÓN |
264 Linoone       |RIZO DEFENSA |BATIDO |PUÑO COMETA |           - |           - |CANTO |          - |          - |           - |     - |       - |       - |        - |ATAQUE ALA |DOBLEBOFETÓN |
265 Wurmple       |           - |     - |          - |GOLPES FURIA |           - |    - |CORPULENCIA |COLA FÉRREA |           - |     - |       - |       - |        - |ATAQUE ALA |DOBLEBOFETÓN |
266 Silcoon       |           - |     - |PUÑO COMETA |GOLPES FURIA |GAS VENENOSO |    - |CORPULENCIA |COLA FÉRREA |           - |     - |       - |       - |INVERSIÓN |ATAQUE ALA |           - |
267 Beautifly     |RIZO DEFENSA |BATIDO |          - |           - |           - |CANTO |CORPULENCIA |          - |PICO TALADRO |ALIVIO |POLUCIÓN |       - |INVERSIÓN |ATAQUE ALA |           - |
268 Cascoon       |RIZO DEFENSA |BATIDO |          - |GOLPES FURIA |GAS VENENOSO |    - |          - |COLA FÉRREA |           - |ALIVIO |POLUCIÓN |TELARAÑA |        - |         - |DOBLEBOFETÓN |
269 Dustox        |RIZO DEFENSA |     - |          - |           - |GAS VENENOSO |    - |          - |          - |           - |ALIVIO |POLUCIÓN |TELARAÑA |        - |ATAQUE ALA |DOBLEBOFETÓN |
270 Lotad         |           - |     - |          - |           - |           - |    - |CORPULENCIA |          - |PICO TALADRO |     - |       - |TELARAÑA |INVERSIÓN |ATAQUE ALA |           - |
271 Lombre        |           - |BATIDO |PUÑO COMETA |           - |GAS VENENOSO |CANTO |          - |          - |PICO TALADRO |ALIVIO |       - |TELARAÑA |INVERSIÓN |         - |DOBLEBOFETÓN |
272 Ludicolo      |RIZO DEFENSA |BATIDO |          - |           - |           - |    - |CORPULENCIA |COLA FÉRREA |PICO TALADRO |     - |POLUCIÓN |TELARAÑA |        - |         - |           - |
273 Seedot        |RIZO DEFENSA |     - |PUÑO COMETA |           - |GAS VENENOSO |CANTO |CORPULENCIA |COLA FÉRREA |           - |ALIVIO |       - |TELARAÑA |INVERSIÓN |         - |DOBLEBOFETÓN |
274 Nuzleaf       |RIZO DEFENSA |BATIDO |PUÑO COMETA |           - |           - |CANTO |          - |          - |PICO TALADRO |     - |POLUCIÓN |       - |        - |ATAQUE ALA |DOBLEBOFETÓN |
275 Shiftry       |           - |     - |          - |GOLPES FURIA |           - |CANTO |CORPULENCIA |          - |PICO TALADRO |     - |       - |       - |        - |         - |           - |
276 Taillow       |RIZO DEFENSA |BATIDO |PUÑO COMETA |GOLPES FURIA |           - |    - |          - |          - |           - |     - |       - |TELARAÑA |INVERSIÓN |         - |           - |
277 Swellow       |           - |BATIDO |PUÑO COMETA |           - |GAS VENENOSO |    - |CORPULENCIA |          - |           - |     - |POLUCIÓN |TELARAÑA |INVERSIÓN |ATAQUE ALA |DOBLEBOFETÓN |
278 Wingull       |RIZO DEFENSA |BATIDO |          - |           - |GAS VENENOSO |    - |CORPULENCIA |          - |           - |ALIVIO |       - |       - |        - |ATAQUE ALA |           - |
279 Pelipper      |           - |     - |          - |           - |GAS VENENOSO |CANTO |CORPULENCIA |COLA FÉRREA |           - |ALIVIO |       - |TELARAÑA |        - |         - |DOBLEBOFETÓN |
280 Ralts         |           - |BATIDO |PUÑO COMETA |           - |GAS VENENOSO |    - |          - |COLA FÉRREA |PICO TALADRO |ALIVIO |POLUCIÓN |TELARAÑA |        - |         - |DOBLEBOFETÓN |
281 Kirlia        |           - |     - |          - |GOLPES FURIA |           - |CANTO |CORPULENCIA |          - |PICO TALADRO |ALIVIO |POLUCIÓN |       - |INVERSIÓN |         - |           - |
282 Gardevoir     |           - |     - |          - |           - |           - |CANTO |CORPULENCIA |COLA FÉRREA |PICO TALADRO |ALIVIO |       - |       - |        - |         - |           - |
283 Surskit       |RIZO DEFENSA |     - |          - |           - |           - |CANTO |          - |COLA FÉRREA |           - |ALIVIO |       - |TELARAÑA |        - |ATAQUE ALA |           - |
284 Masquerain    |RIZO DEFENSA |     - |          - |           - |           - |CANTO |          - |COLA FÉRREA |           - |     - |       - |       - |        - |         - |           - |
285 Shroomish     |           - |BATIDO |          - |GOLPES FURIA |GAS VENENOSO |CANTO |CORPULENCIA |          - |PICO TALADRO |     - |       - |       - |INVERSIÓN |         - |DOBLEBOFETÓN |
286 Breloom       |RIZO DEFENSA |BATIDO |PUÑO COMETA |GOLPES FURIA |GAS VENENOSO |    - |          - |COLA FÉRREA |           - |ALIVIO |POLUCIÓN |TELARAÑA |        - |         - |DOBLEBOFETÓN |
287 Slakoth       |RIZO DEFENSA |     - |PUÑO COMETA |           - |GAS VENENOSO |    - |CORPULENCIA |COLA FÉRREA |           - |ALIVIO |POLUCIÓN |       - |        - |         - |DOBLEBOFETÓN |
288 Vigoroth      |RIZO DEFENSA |     - |PUÑO COMETA |GOLPES FURIA |GAS VENENOSO |CANTO |          - |COLA FÉRREA |PICO TALADRO |     - |       - |TELARAÑA |INVERSIÓN |         - |DOBLEBOFETÓN |
289 Slaking       |           - |     - |PUÑO COMETA |GOLPES FURIA |GAS VENENOSO |CANTO |          - |          - |PICO TALADRO |     - |POLUCIÓN |TELARAÑA |INVERSIÓN |ATAQUE ALA |DOBLEBOFETÓN |
290 Nincada       |           - |     - |          - |           - |           - |CANTO |          - |          - |           - |     - |POLUCIÓN |       - |        - |         - |           - |
291 Ninjask       |           - |BATIDO |PUÑO COMETA |           - |           - |CANTO |CORPULENCIA |COLA FÉRREA |           - |ALIVIO |       - |TELARAÑA |        - |         - |DOBLEBOFETÓN |
292 Shedinja      |RIZO DEFENSA |BATIDO |          - |           - |           - |CANTO |CORPULENCIA |          - |PICO TALADRO |ALIVIO |       - |TELARAÑA |        - |ATAQUE ALA |DOBLEBOFETÓN |
293 Whismur       |           - |     - |          - |           - |GAS VENENOSO |    - |          - |          - |           - |     - |POLUCIÓN |TELARAÑA |        - |         - |           - |
294 Loudred       |           - |     - |          - |GOLPES FURIA |           - |    - |CORPULENCIA |          - |PICO TALADRO |ALIVIO |       - |TELARAÑA |INVERSIÓN |ATAQUE ALA |           - |
295 Exploud       |RIZO DEFENSA |     - |PUÑO COMETA |GOLPES FURIA |GAS VENENOSO |CANTO |          - |COLA FÉRREA |           - |ALIVIO |POLUCIÓN |       - |INVERSIÓN |         - |DOBLEBOFETÓN |
296 Makuhita      |           - |BATIDO |PUÑO COMETA |           - |           - |CANTO |CORPULENCIA |          - |PICO TALADRO |ALIVIO |       - |       - |INVERSIÓN |ATAQUE ALA |DOBLEBOFETÓN |
297 Hariyama      |           - |BATIDO |PUÑO COMETA |           - |GAS VENENOSO |    - |CORPULENCIA |          - |           - |     - |POLUCIÓN |TELARAÑA |INVERSIÓN |         - |DOBLEBOFETÓN |
298 Azurill       |RIZO DEFENSA |     - |          - |           - |           - |CANTO |          - |COLA FÉRREA |           - |     - |POLUCIÓN |       - |        - |         - |           - |
299 Nosepass      |RIZO DEFENSA |     - |          - |           - |GAS VENENOSO |    - |CORPULENCIA |          - |           - |ALIVIO |POLUCIÓN |TELARAÑA |INVERSIÓN |         - |DOBLEBOFETÓN |
300 Skitty        |           - |BATIDO |PUÑO COMETA |GOLPES FURIA |GAS VENENOSO |    - |CORPULENCIA |COLA FÉRREA |           - |ALIVIO |       - |       - |        - |         - |           - |
301 Delcatty      |RIZO DEFENSA |BATIDO |PUÑO COMETA |GOLPES FURIA |           - |CANTO |CORPULENCIA |          - |PICO TALADRO |     - |       - |       - |        - |ATAQUE ALA |           - |
302 Sableye       |           - |     - |PUÑO COMETA |           - |GAS VENENOSO |CANTO |CORPULENCIA |          - |           - |     - |POLUCIÓN |       - |INVERSIÓN |ATAQUE ALA |           - |
303 Mawile        |           - |BATIDO |PUÑO COMETA |GOLPES FURIA |           - |CANTO |          - |COLA FÉRREA |PICO TALADRO |     - |       - |TELARAÑA |        - |         - |DOBLEBOFETÓN |
304 Aron          |           - |     - |PUÑO COMETA |           - |           - |CANTO |CORPULENCIA |          - |PICO TALADRO |ALIVIO |POLUCIÓN |       - |INVERSIÓN |ATAQUE ALA |DOBLEBOFETÓN |
305 Lairon        |           - |BATIDO |PUÑO COMETA |           - |GAS VENENOSO |    - |          - |          - |           - |ALIVIO |POLUCIÓN |TELARAÑA |INVERSIÓN |         - |           - |
306 Aggron        |           - |     - |PUÑO COMETA |           - |           - |CANTO |          - |COLA FÉRREA |PICO TALADRO |     - |POLUCIÓN |TELARAÑA |INVERSIÓN |         - |           - |
307 Meditite      |RIZO DEFENSA |BATIDO |          - |GOLPES FURIA |GAS VENENOSO |    - |CORPULENCIA |COLA FÉRREA |PICO TALADRO |     - |POLUCIÓN |TELARAÑA |        - |         - |DOBLEBOFETÓN |
308 Medicham      |RIZO DEFENSA |     - |          - |           - |GAS VENENOSO |    - |CORPULENCIA |          - |           - |     - |       - |TELARAÑA |        - |         - |DOBLEBOFETÓN |
309 Electrike     |           - |     - |          - |           - |           - |CANTO |          - |          - |           - |     - |POLUCIÓN |TELARAÑA |        - |         - |           - |
310 Manectric     |           - |     - |          - |GOLPES FURIA |           - |    - |CORPULENCIA |COLA FÉRREA |           - |     - |       - |       - |INVERSIÓN |         - |DOBLEBOFETÓN |
311 Plusle        |           - |BATIDO |PUÑO COMETA |           - |           - |CANTO |CORPULENCIA |COLA FÉRREA |           - |ALIVIO |POLUCIÓN |TELARAÑA |INVERSIÓN |ATAQUE ALA |           - |
312 Minun         |RIZO DEFENSA |BATIDO |PUÑO COMETA |GOLPES FURIA |GAS VENENOSO |CANTO |CORPULENCIA |COLA FÉRREA |           - |     - |       - |       - |INVERSIÓN |ATAQUE ALA |DOBLEBOFETÓN |
313 Volbeat       |RIZO DEFENSA |BATIDO |          - |GOLPES FURIA |           - |    - |CORPULENCIA |          - |PICO TALADRO |ALIVIO |POLUCIÓN |       - |        - |         - |DOBLEBOFETÓN |
314 Illumise      |RIZO DEFENSA |     - |          - |           - |           - |CANTO |          - |COLA FÉRREA |PICO TALADRO |ALIVIO |POLUCIÓN |       - |INVERSIÓN |         - |DOBLEBOFETÓN |
315 Roselia       |           - |     - |          - |           - |           - |CANTO |CORPULENCIA |          - |PICO TALADRO |     - |       - |TELARAÑA |INVERSIÓN |         - |DOBLEBOFETÓN |
316 Gulpin        |RIZO DEFENSA |     - |PUÑO COMETA |           - |           - |    - |CORPULENCIA |          - |           - |ALIVIO |POLUCIÓN |       - |        - |ATAQUE ALA |           - |
317 Swalot        |RIZO DEFENSA |     - |          - |GOLPES FURIA |           - |CANTO |          - |COLA FÉRREA |           - |ALIVIO |       - |       - |        - |         - |DOBLEBOFETÓN |
318 Carvanha      |RIZO DEFENSA |     - |PUÑO COMETA |           - |           - |    - |CORPULENCIA |          - |PICO TALADRO |ALIVIO |POLUCIÓN |TELARAÑA |INVERSIÓN |         - |DOBLEBOFETÓN |
319 Sharpedo      |           - |BATIDO |PUÑO COMETA |GOLPES FURIA |GAS VENENOSO |CANTO |CORPULENCIA |          - |           - |     - |       - |       - |        - |ATAQUE ALA |DOBLEBOFETÓN |
320 Wailmer       |           - |BATIDO |          - |           - |GAS VENENOSO |CANTO |CORPULENCIA |COLA FÉRREA |           - |     - |POLUCIÓN |TELARAÑA |        - |         - |           - |
321 Wailord       |           - |     - |          - |GOLPES FURIA |GAS VENENOSO |    - |          - |          - |PICO TALADRO |     - |POLUCIÓN |       - |INVERSIÓN |         - |DOBLEBOFETÓN |
322 Numel         |           - |BATIDO |PUÑO COMETA |GOLPES FURIA |           - |    - |CORPULENCIA |COLA FÉRREA |PICO TALADRO |ALIVIO |       - |       - |INVERSIÓN |ATAQUE ALA |DOBLEBOFETÓN |
323 Camerupt      |           - |     - |PUÑO COMETA |GOLPES FURIA |GAS VENENOSO |CANTO |CORPULENCIA |COLA FÉRREA |PICO TALADRO |ALIVIO |POLUCIÓN |TELARAÑA |        - |         - |DOBLEBOFETÓN |
324 Torkoal       |RIZO DEFENSA |BATIDO |          - |GOLPES FURIA |           - |CANTO |          - |COLA FÉRREA |PICO TALADRO |     - |       - |       - |        - |         - |DOBLEBOFETÓN |
325 Spoink        |           - |BATIDO |          - |           - |GAS VENENOSO |    - |CORPULENCIA |          - |           - |     - |POLUCIÓN |       - |        - |         - |           - |
326 Grumpig       |           - |     - |PUÑO COMETA |           - |           - |CANTO |          - |          - |           - |     - |       - |       - |        - |         - |DOBLEBOFETÓN |
327 Spinda        |RIZO DEFENSA |BATIDO |PUÑO COMETA |GOLPES FURIA |           - |    - |CORPULENCIA |COLA FÉRREA |           - |ALIVIO |POLUCIÓN |TELARAÑA |INVERSIÓN |ATAQUE ALA |           - |
328 Trapinch      |           - |     - |          - |GOLPES FURIA |           - |CANTO |          - |COLA FÉRREA |           - |     - |       - |       - |INVERSIÓN |ATAQUE ALA |           - |
329 Vibrava       |RIZO DEFENSA |BATIDO |PUÑO COMETA |GOLPES FURIA |GAS VENENOSO |    - |CORPULENCIA |COLA FÉRREA |           - |     - |       - |       - |INVERSIÓN |         - |DOBLEBOFETÓN |
330 Flygon        |           - |     - |          - |           - |GAS VENENOSO |    - |          - |          - |           - |     - |       - |TELARAÑA |INVERSIÓN |         - |           - |
331 Cacnea        |           - |     - |PUÑO COMETA |           - |GAS VENENOSO |CANTO |          - |COLA FÉRREA |           - |ALIVIO |       - |       - |        - |         - |           - |
332 Cacturne      |           - |     - |PUÑO COMETA |GOLPES FURIA |           - |CANTO |          - |COLA FÉRREA |PICO TALADRO |     - |       - |       - |INVERSIÓN |ATAQUE ALA |DOBLEBOFETÓN |
333 Swablu        |           - |BATIDO |PUÑO COMETA |           - |           - |CANTO |          - |COLA FÉRREA |           - |ALIVIO |       - |       - |INVERSIÓN |         - |           - |
334 Altaria       |           - |BATIDO |          - |           - |           - |    - |          - |          - |           - |ALIVIO |POLUCIÓN |TELARAÑA |INVERSIÓN |         - |           - |
335 Zangoose      |           - |BATIDO |          - |GOLPES FURIA |GAS VENENOSO |    - |CORPULENCIA |COLA FÉRREA |PICO TALADRO |     - |POLUCIÓN |       - |INVERSIÓN |         - |DOBLEBOFETÓN |
336 Seviper       |           - |BATIDO |          - |GOLPES FURIA |           - |    - |          - |          - |PICO TALADRO |     - |       - |       - |        - |ATAQUE ALA |           - |
337 Lunatone      |RIZO DEFENSA |BATIDO |          - |GOLPES FURIA |           - |CANTO |          - |          - |PICO TALADRO |ALIVIO |       - |TELARAÑA |        - |ATAQUE ALA |           - |
338 Solrock       |RIZO DEFENSA |BATIDO |          - |GOLPES FURIA |GAS VENENOSO |CANTO |          - |          - |           - |ALIVIO |POLUCIÓN |TELARAÑA |INVERSIÓN |ATAQUE ALA |           - |
339 Barboach      |RIZO DEFENSA |     - |          - |GOLPES FURIA |           - |CANTO |CORPULENCIA |          - |           - |ALIVIO |       - |       - |        - |         - |DOBLEBOFETÓN |
340 Whiscash      |           - |BATIDO |PUÑO COMETA |GOLPES FURIA |           - |    - |          - |COLA FÉRREA |           - |     - |POLUCIÓN |       - |        - |ATAQUE ALA |DOBLEBOFETÓN |
341 Corphish      |           - |     - |          - |GOLPES FURIA |           - |    - |CORPULENCIA |COLA FÉRREA |PICO TALADRO |     - |       - |       - |        - |ATAQUE ALA |DOBLEBOFETÓN |
342 Crawdaunt     |RIZO DEFENSA |     - |PUÑO COMETA |GOLPES FURIA |           - |    - |          - |COLA FÉRREA |           - |ALIVIO |POLUCIÓN |TELARAÑA |        - |         - |           - |
343 Baltoy        |           - |BATIDO |PUÑO COMETA |GOLPES FURIA |           - |CANTO |CORPULENCIA |          - |           - |ALIVIO |POLUCIÓN |       - |        - |ATAQUE ALA |DOBLEBOFETÓN |
344 Claydol       |           - |BATIDO |          - |           - |           - |    - |CORPULENCIA |COLA FÉRREA |PICO TALADRO |     - |       - |       - |        - |ATAQUE ALA |DOBLEBOFETÓN |
345 Lileep        |RIZO DEFENSA |BATIDO |PUÑO COMETA |           - |           - |CANTO |          - |          - |PICO TALADRO |     - |POLUCIÓN |TELARAÑA |INVERSIÓN |ATAQUE ALA |DOBLEBOFETÓN |
346 Cradily       |           - |BATIDO |PUÑO COMETA |           - |           - |    - |CORPULENCIA |COLA FÉRREA |PICO TALADRO |ALIVIO |       - |TELARAÑA |INVERSIÓN |         - |DOBLEBOFETÓN |
347 Anorith       |           - |     - |PUÑO COMETA |GOLPES FURIA |           - |    - |          - |COLA FÉRREA |PICO TALADRO |ALIVIO |       - |       - |        - |ATAQUE ALA |DOBLEBOFETÓN |
348 Armaldo       |RIZO DEFENSA |BATIDO |PUÑO COMETA |GOLPES FURIA |GAS VENENOSO |CANTO |CORPULENCIA |COLA FÉRREA |PICO TALADRO |     - |       - |TELARAÑA |        - |ATAQUE ALA |DOBLEBOFETÓN |
349 Feebas        |           - |     - |          - |GOLPES FURIA |GAS VENENOSO |CANTO |          - |          - |PICO TALADRO |     - |POLUCIÓN |TELARAÑA |        - |         - |DOBLEBOFETÓN |
350 Milotic       |           - |     - |          - |GOLPES FURIA |           - |CANTO |CORPULENCIA |COLA FÉRREA |           - |ALIVIO |       - |       - |INVERSIÓN |ATAQUE ALA |DOBLEBOFETÓN |
351 Castform      |           - |BATIDO |PUÑO COMETA |           - |           - |CANTO |CORPULENCIA |          - |PICO TALADRO |     - |POLUCIÓN |TELARAÑA |        - |         - |           - |
352 Kecleon       |           - |     - |PUÑO COMETA |           - |           - |CANTO |          - |          - |           - |     - |       - |TELARAÑA |        - |ATAQUE ALA |           - |
353 Shuppet       |RIZO DEFENSA |BATIDO |          - |GOLPES FURIA |GAS VENENOSO |    - |CORPULENCIA |          - |           - |     - |POLUCIÓN |TELARAÑA |INVERSIÓN |         - |           - |
354 Banette       |           - |BATIDO |          - |GOLPES FURIA |GAS VENENOSO |CANTO |CORPULENCIA |COLA FÉRREA |PICO TALADRO |     - |       - |TELARAÑA |        - |ATAQUE ALA |DOBLEBOFETÓN |
355 Duskull       |RIZO DEFENSA |BATIDO |PUÑO COMETA |           - |GAS VENENOSO |    - |          - |          - |           - |     - |       - |       - |INVERSIÓN |         - |DOBLEBOFETÓN |
356 Dusclops      |           - |     - |PUÑO COMETA |           - |GAS VENENOSO |    - |          - |          - |PICO TALADRO |ALIVIO |       - |TELARAÑA |INVERSIÓN |ATAQUE ALA |           - |
357 Tropius       |RIZO DEFENSA |BATIDO |PUÑO COMETA |GOLPES FURIA |GAS VENENOSO |CANTO |          - |          - |PICO TALADRO |     - |POLUCIÓN |       - |INVERSIÓN |ATAQUE ALA |DOBLEBOFETÓN |
358 Chimecho      |RIZO DEFENSA |     - |          - |GOLPES FURIA |GAS VENENOSO |    - |CORPULENCIA |COLA FÉRREA |           - |     - |POLUCIÓN |TELARAÑA |INVERSIÓN |ATAQUE ALA |           - |
359 Absol         |           - |     - |PUÑO COMETA |           - |GAS VENENOSO |CANTO |CORPULENCIA |          - |           - |ALIVIO |POLUCIÓN |TELARAÑA |        - |         - |           - |
360 Wynaut        |RIZO DEFENSA |     - |          - |           - |           - |    - |          - |COLA FÉRREA |           - |ALIVIO |       - |       - |INVERSIÓN |         - |           - |
361 Snorunt       |RIZO DEFENSA |     - |PUÑO COMETA |           - |           - |    - |CORPULENCIA |COLA FÉRREA |PICO TALADRO |ALIVIO |       - |       - |        - |ATAQUE ALA |           - |
362 Glalie        |           - |     - |          - |           - |           - |    - |CORPULENCIA |          - |           - |     - |POLUCIÓN |TELARAÑA |INVERSIÓN |         - |           - |
363 Spheal        |RIZO DEFENSA |BATIDO |          - |           - |           - |    - |          - |COLA FÉRREA |PICO TALADRO |     - |POLUCIÓN |       - |        - |ATAQUE ALA |DOBLEBOFETÓN |
364 Sealeo        |RIZO DEFENSA |     - |PUÑO COMETA |GOLPES FURIA |GAS VENENOSO |CANTO |CORPULENCIA |COLA FÉRREA |PICO TALADRO |     - |POLUCIÓN |       - |INVERSIÓN |         - |DOBLEBOFETÓN |
365 Walrein       |           - |BATIDO |PUÑO COMETA |           - |GAS VENENOSO |    - |CORPULENCIA |COLA FÉRREA |           - |     - |POLUCIÓN |       - |        - |         - |DOBLEBOFETÓN |
366 Clamperl      |RIZO DEFENSA |BATIDO |PUÑO COMETA |           - |GAS VENENOSO |CANTO |          - |          - |PICO TALADRO |     - |POLUCIÓN |       - |        - |ATAQUE ALA |DOBLEBOFETÓN |
367 Huntail       |RIZO DEFENSA |     - |          - |GOLPES FURIA |           - |CANTO |          - |COLA FÉRREA |           - |ALIVIO |       - |       - |INVERSIÓN |         - |           - |
368 Gorebyss      |           - |BATIDO |          - |           - |           - |    - |CORPULENCIA |          - |           - |     - |       - |       - |        - |         - |DOBLEBOFETÓN |
369 Relicanth     |RIZO DEFENSA |     - |          - |           - |GAS VENENOSO |    - |          - |COLA FÉRREA |PICO TALADRO |ALIVIO |POLUCIÓN |TELARAÑA |        - |         - |DOBLEBOFETÓN |
370 Luvdisc       |           - |     - |PUÑO COMETA |           - |           - |CANTO |CORPULENCIA |COLA FÉRREA |PICO TALADRO |ALIVIO |       - |       - |INVERSIÓN |ATAQUE ALA |           - |
371 Bagon         |RIZO DEFENSA |     - |PUÑO COMETA |           - |GAS VENENOSO |    - |          - |          - |PICO TALADRO |ALIVIO |POLUCIÓN |       - |        - |ATAQUE ALA |DOBLEBOFETÓN |
372 Shelgon       |RIZO DEFENSA |BATIDO |          - |GOLPES FURIA |           - |    - |CORPULENCIA |COLA FÉRREA |PICO TALADRO |ALIVIO |       - |TELARAÑA |INVERSIÓN |         - |DOBLEBOFETÓN |
373 Salamence     |           - |BATIDO |PUÑO COMETA |GOLPES FURIA |           - |CANTO |CORPULENCIA |COLA FÉRREA |           - |     - |       - |TELARAÑA |        - |ATAQUE ALA |DOBLEBOFETÓN |
374 Beldum        |           - |BATIDO |PUÑO COMETA |           - |GAS VENENOSO |    - |CORPULENCIA |          - |PICO TALADRO |     - |       - |TELARAÑA |INVERSIÓN |ATAQUE ALA |DOBLEBOFETÓN |
375 Metang        |RIZO DEFENSA |     - |PUÑO COMETA |           - |           - |    - |          - |COLA FÉRREA |           - |     - |       - |TELARAÑA |        - |ATAQUE ALA |DOBLEBOFETÓN |
376 Metagross     |           - |     - |PUÑO COMETA |GOLPES FURIA |GAS VENENOSO |CANTO |CORPULENCIA |          - |           - |ALIVIO |POLUCIÓN |       - |INVERSIÓN |         - |           - |
377 Regirock      |RIZO DEFENSA |     - |          - |           - |           - |    - |          - |          - |           - |     - |       - |TELARAÑA |INVERSIÓN |         - |DOBLEBOFETÓN |
378 Regice        |RIZO DEFENSA |BATIDO |          - |GOLPES FURIA |GAS VENENOSO |    - |          - |          - |           - |ALIVIO |POLUCIÓN |TELARAÑA |INVERSIÓN |         - |DOBLEBOFETÓN |
379 Registeel     |RIZO DEFENSA |     - |PUÑO COMETA |GOLPES FURIA |GAS VENENOSO |    - |          - |          - |PICO TALADRO |ALIVIO |POLUCIÓN |       - |        - |ATAQUE ALA |DOBLEBOFETÓN |
380 Latias        |RIZO DEFENSA |     - |          - |           - |           - |CANTO |CORPULENCIA |          - |PICO TALADRO |ALIVIO |       - |TELARAÑA |INVERSIÓN |         - |DOBLEBOFETÓN |
381 Latios        |RIZO DEFENSA |     - |          - |           - |GAS VENENOSO |    - |CORPULENCIA |          - |           - |ALIVIO |POLUCIÓN |       - |        - |ATAQUE ALA |           - |
382 Kyogre        |           - |BATIDO |PUÑO COMETA |GOLPES FURIA |GAS VENENOSO |    - |          - |COLA FÉRREA |PICO TALADRO |ALIVIO |POLUCIÓN |TELARAÑA |        - |         - |           - |
383 Groudon       |RIZO DEFENSA |BATIDO |          - |           - |GAS VENENOSO |    - |          - |          - |PICO TALADRO |     - |POLUCIÓN |       - |INVERSIÓN |ATAQUE ALA |DOBLEBOFETÓN |
384 Rayquaza      |RIZO DEFENSA |     - |          - |           - |GAS VENENOSO |CANTO |CORPULENCIA |COLA FÉRREA |           - |ALIVIO |POLUCIÓN |       - |INVERSIÓN |ATAQUE ALA |DOBLEBOFETÓN |
385 Jirachi       |           - |     - |          - |GOLPES FURIA |GAS VENENOSO |CANTO |CORPULENCIA |COLA FÉRREA |PICO TALADRO |ALIVIO |POLUCIÓN |TELARAÑA |        - |ATAQUE ALA |           - |
386 Deoxys        |           - |     - |          - |GOLPES FURIA |           - |    - |CORPULENCIA |          - |PICO TALADRO |ALIVIO |POLUCIÓN |       - |        - |         - |DOBLEBOFETÓN |

--Trainers Pokemon--
#1 (LÍDER AQUA )@23A25C - Kakuna Lv5
#2 (EQUIPO AQUA )@23A284 - Starmie Lv5
#3 (EQUIPO AQUA )@23A2AC - Cradily Lv5
#4 (SRTA. AROMA )@23A2D4 - Tangela Lv5
#5 (RUINAMANÍACO )@23A2FC - Magby Lv5
#6 (PERIODISTAS )@23A324 - Flygon Lv5
#7 (PLAYERA )@23A34C - Dustox Lv38
#8 (PLAYERO )@23A374 - Whiscash Lv38
#9 (ENTRE. GUAY )@23A39C - Marowak Lv5
#10 (ENTRE. GUAY )@23A3C4 - Venusaur Lv5
#11 (BRUJITA )@23A3EC - Cacnea Lv5
#12 (DAMISELA )@23A414 - Ponyta Lv5
#13 (BELLA )@23A43C - Marshtomp Lv5
#14 (NIÑO BIEN )@23A464 - Bulbasaur Lv5
#15 (POKéMANÍACO )@23A48C - Psyduck Lv5
#16 (NADADOR )@23A4B4 - Shiftry Lv5
#17 (KARATEKA )@23A4DC - Alakazam Lv5
#18 (GUITARRISTA )@23A504 - Politoed Lv5
#19 (FOGONERO )@23A52C - Exploud Lv5
#20 (CAMPISTA )@23A554 - Hoppip Lv5
#21 (BICHOMANÍACO )@23A57C - Machop Lv5
#22 (MÉDIUM )@23A5A4 - Mr. Mime Lv5
#23 (MÉDIUM )@23A5CC - Swinub Lv5
#24 (CABALLERO )@23A5F4 - Azurill Lv5
#25 (ALTO MANDO SIXTO)@23A61C - Weedle Lv5
#26 (ALTO MANDO FÁTIMA)@23A644 - Solrock Lv5
#27 (LÍDER PETRA)@23A66C - Swinub Lv5
#28 (LÍDER MARCIAL)@23A694 - Magnemite Lv5
#29 (LÍDER VITO-LETI)@23A6BC - Volbeat Lv5
#30 (ESCOLAR )@23A6E4 - Dusclops Lv5
#31 (ESCOLAR )@23A70C - Steelix Lv5
#32 (ESTUDIANTES )@23A734 - Omanyte Lv5
#33 (POKéFAN )@23A75C - Absol Lv5
#34 (POKéFAN )@23A784 - Charmander Lv5
#35 (POKéABU )@23A7AC - Slaking Lv5
#36 (POKéABU )@23A7D4 - Venusaur Lv5
#37 (JOVEN )@23A7FC - Torkoal Lv5
#38 (CAMPEÓN )@23A824 - Relicanth Lv5
#39 (PESCADOR )@23A84C - Sealeo Lv5
#40 (TRIATLETA )@23A874 - Blissey Lv5
#41 (TRIATLETA )@23A89C - Kingdra Lv5
#42 (TRIATLETA )@23A8C4 - Swalot Lv5
#43 (TRIATLETA )@23A8EC - Kabuto Lv5
#44 (TRIATLETA )@23A914 - Teddiursa Lv5
#45 (TRIATLETA )@23A93C - Milotic Lv5
#46 (DOMADRAGÓN )@23A964 - Golduck Lv5
#47 (ORNITÓLOGO )@23A98C - Metang Lv5
#48 (CHICO NINJA )@23A9B4 - Duskull Lv5
#49 (LUCHADORA )@23A9DC - Venusaur Lv5
#50 (DAMA PARASOL )@23AA04 - Roselia Lv5
#51 (NADADORA )@23AA2C - Starmie Lv5
#52 (DOMINGUERA )@23AA54 - Oddish Lv5
#53 (GEMELAS )@23AA7C - Miltank Lv5
#54 (MARINERO )@23AAA4 - Wynaut Lv5
#55 (SNOW-BOARDER )@23AACC - Zapdos Lv5
#56 (SNOW-BOARDER )@23AAF4 - Seel Lv5
#57 (POKéCOLECTOR )@23AB1C - Wurmple Lv5
#58 (ENTRENADOR )@23AB44 - Masquerain Lv5
#59 (ENTRENADOR )@23AB6C - Shelgon Lv5
#60 (ENTRENADOR )@23AB94 - Glalie Lv5
#61 (ENTRENADOR )@23ABBC - Ludicolo Lv5
#62 (ENTRENADOR )@23ABE4 - Raikou Lv5
#63 (ENTRENADOR )@23AC0C - Exeggutor Lv5
#64 (ENTRENADOR )@23AC34 - Tentacruel Lv5
#65 (CRIAPOKéMON )@23AC5C - Grimer Lv5
#66 (CRIAPOKéMON )@23AC84 - Ledyba Lv5
#67 (POKéGUARDA )@23ACAC - Nidoking Lv5
#68 (POKéGUARDA )@23ACD4 - Combusken Lv5
#69 (LÍDER MAGMA )@23ACFC - Natu Lv5
#70 (EQUIPO MAGMA )@23AD24 - Castform Lv5
#71 (EQUIPO MAGMA )@23AD4C - Lotad Lv5
#72 (CHICA )@23AD74 - Exploud Lv5
#73 (CAZABICHOS )@23AD9C - Ditto Lv5
#74 (MONTAÑERO )@23ADC4 - Natu Lv5
#75 (PAREJA JOVEN )@23ADEC - Koffing Lv5, Grumpig Lv5
#76 (PAREJA MAYOR )@23AE14 - Illumise Lv5
#77 (HERMANOS )@23AE3C - Sceptile Lv5
#78 (ADMIN. AQUA MATÍAS)@23AE64 - Combusken Lv5
#79 (ADMIN. AQUA SILVINA)@23AE8C - Lapras Lv5
#80 (ADMIN. MAGMA TATIANO)@23AEB4 - Luvdisc Lv5
#81 (ADMIN. MAGMA CAROLA)@23AEDC - Haunter Lv5
#82 (LÍDER ERICO)@23AF04 - Manectric Lv5
#83 (LÍDER CANDELA)@23AF2C - Slugma Lv5
#84 (LÍDER NORMAN)@23AF54 - Onix Lv5
#85 (LÍDER ALANA)@23AF7C - Claydol Lv5
#86 (LÍDER PLUBIO)@23AFA4 - Rhydon Lv5
#87 (ALTO MANDO NÍVEA)@23AFCC - Snubbull Lv5
#88 (ALTO MANDO DRACÓN)@23AFF4 - Lanturn Lv5
#89 (JOVEN BEN)@23B01C - Remoraid Lv11, Igglybuff Lv11
#90 (JOVEN CALIXTO)@23B044 - Blastoise Lv14
#91 (JOVEN JOSÉ)@23B06C - Duskull Lv10, Golbat Lv10, Bagon Lv10
#92 (JOVEN TINO)@23B094 - Vigoroth Lv14, Sceptile Lv14
#93 (JOVEN PEPE)@23B0BC - Wartortle Lv15, Nidoran♀ Lv15
#94 (JOVEN DANE)@23B0E4 - Natu Lv17
#95 (JOVEN CIRO)@23B10C - Tauros Lv14, Feebas Lv14
#96 (JOVEN TILEN)@23B134 - Togetic Lv21
#97 (JOVEN EDU)@23B15C - Registeel Lv21
#98 (JOVEN DIONI)@23B184 - Swinub Lv19, Meowth Lv19
#99 (JOVEN YASU)@23B1AC - Jolteon Lv17, Nidoran♂ Lv17, Nidoran♀ Lv17
#100 (JOVEN DAVI)@23B1D4 - Koffing Lv18, Jirachi Lv18
#101 (JOVEN BEN)@23B1FC - Qwilfish Lv17, Bellsprout Lv17
#102 (CAZABICHOS JANO)@23B224 - Skitty Lv6, Oddish Lv6
#103 (CAZABICHOS DOMIN)@23B24C - Pinsir Lv7, Weedle Lv7, Ralts Lv7
#104 (CAZABICHOS SAMI)@23B274 - Illumise Lv9
#105 (CAZABICHOS CORNELIO)@23B29C - Gardevoir Lv10, Minun Lv10, Kingdra Lv10
#106 (CAZABICHOS GREGORIO)@23B2C4 - Nidoran♀ Lv9, Hariyama Lv9, Sneasel Lv9, Weepinbell Lv9
#107 (CAZABICHOS JAIME)@23B2EC - Marill Lv11, Barboach Lv11
#108 (CAZABICHOS CASIMIRO)@23B314 - Tentacruel Lv11, Kirlia Lv11
#109 (CAZABICHOS ROBI)@23B33C - Baltoy Lv10, Butterfree Lv10, Slakoth Lv10
#110 (CAZABICHOS BUDI)@23B364 - Pikachu Lv10, Gligar Lv10, Shelgon Lv10, Beedrill Lv10
#111 (CAZABICHOS KEIGO)@23B38C - Charmander Lv16, Kirlia Lv16, Ledian Lv16
#112 (CAZABICHOS JUALU)@23B3B4 - Marshtomp Lv20
#113 (CAZABICHOS )@23B3DC - Ariados Lv18, Kingler Lv18, Electabuzz Lv18
#114 (CAZABICHOS BERNABÉ)@23B404 - Fearow Lv19, Latias Lv19
#115 (CAZABICHOS ARIEL)@23B42C - Spinarak Lv20, Kangaskhan Lv20, Smeargle Lv20
#116 (CHICA LUCRECIA)@23B454 - Gyarados Lv9, Wynaut Lv9
#117 (CHICA SUSANA)@23B47C - Shroomish Lv10, Lotad Lv10
#118 (CHICA ROBERTA)@23B4A4 - Squirtle Lv14
#119 (CHICA CRISTI)@23B4CC - Sceptile Lv31, Primeape Lv31, Swellow Lv31
#120 (CHICA MIRNA)@23B4F4 - Pikachu Lv11, Houndour Lv11
#121 (CHICA IRIS)@23B51C - Ursaring Lv14
#122 (CHICA RUTH)@23B544 - Miltank Lv16, Tentacool Lv16
#123 (CHICA MARGA)@23B56C - Smeargle Lv12, Mankey Lv12, Shiftry Lv12
#124 (CHICA )@23B594 - Crawdaunt Lv15, Geodude Lv15
#125 (CHICA HERMINIA)@23B5BC - Sableye Lv13, Espeon Lv13, Aron Lv13
#126 (CHICA ADA)@23B5E4 - Kabuto Lv18, Wurmple Lv18
#127 (CHICA ARRATE)@23B60C - Piloswine Lv18, Kabutops Lv18
#128 (CHICA LULÚ)@23B634 - Tangela Lv23, Lunatone Lv23
#129 (CHICA ANDREA)@23B65C - Mawile Lv24, Gastly Lv24, Regirock Lv24
#130 (CHICA VEVA)@23B684 - Machoke Lv19, Tropius Lv19, Flygon Lv19, Altaria Lv19, Ledian Lv19
#131 (CHICA GENO)@23B6AC - Drowzee Lv22, Paras Lv22
#132 (CHICA BUSA)@23B6D4 - Relicanth Lv23, Slowbro Lv23
#133 (CHICA LISA)@23B6FC - Ho-Oh Lv23, Persian Lv23
#134 (MARINERO EDMUNDO)@23B724 - Spearow Lv18, Misdreavus Lv18
#135 (MARINERO TORIBIO)@23B74C - Tangela Lv17, Charizard Lv17
#136 (MARINERO LEONARDO)@23B774 - Aggron Lv21
#137 (MARINERO DATO)@23B79C - Relicanth Lv17, Parasect Lv17, Exeggutor Lv17
#138 (MARINERO HUMBERTO)@23B7C4 - Kangaskhan Lv18, Tangela Lv18
#139 (MARINERO DAN)@23B7EC - Croconaw Lv17, Magikarp Lv17, Metang Lv17
#140 (MARINERO FELIPE)@23B814 - Tyrogue Lv20
#141 (MARINERO DIMAS)@23B83C - Octillery Lv21, Meowth Lv21
#142 (CAMPISTA ANGELITO)@23B864 - Aerodactyl Lv10, Diglett Lv11
#143 (CAMPISTA CHANO)@23B88C - Rattata Lv14, Omanyte Lv14
#144 (CAMPISTA EZEQUIEL)@23B8B4 - Chinchou Lv18
#145 (CAMPISTA RICHI)@23B8DC - Onix Lv20
#146 (CAMPISTA GENARO)@23B904 - Poochyena Lv16, Growlithe Lv16
#147 (CAMPISTA )@23B92C - Gardevoir Lv5
#148 (CAMPISTA CRIS)@23B954 - Seviper Lv21, Umbreon Lv21
#149 (CAMPISTA DOROTEO)@23B97C - Duskull Lv19, Magby Lv19, Sealeo Lv19, Arcanine Lv19
#150 (DOMINGUERA DIANA)@23B9A4 - Flygon Lv19
#151 (DOMINGUERA NEREA)@23B9CC - Shuckle Lv16, Weepinbell Lv16
#152 (DOMINGUERA CHÍO)@23B9F4 - Ho-Oh Lv16, Numel Lv16, Ledyba Lv16
#153 (DOMINGUERA ELIA)@23BA1C - Granbull Lv15, Ludicolo Lv15
#154 (DOMINGUERA NELI)@23BA44 - Sunkern Lv18, Skiploom Lv18, Altaria Lv18, Farfetch’d Lv18
#155 (DOMINGUERA NOE)@23BA6C - Magmar Lv23
#156 (DOMINGUERA HILARIA)@23BA94 - Nidorina Lv20, Combusken Lv20
#157 (DOMINGUERA CÁROL)@23BABC - Milotic Lv21, Graveler Lv21
#158 (DOMINGUERA SOFÍA)@23BAE4 - Hitmonlee Lv21, Exeggcute Lv21, Muk Lv21
#159 (DOMINGUERA MARTA)@23BB0C - Omastar Lv22, Cloyster Lv22
#160 (DOMINGUERA TEÓFILA)@23BB34 - Geodude Lv24, Ralts Lv24
#161 (DOMINGUERA ANA)@23BB5C - Hoothoot Lv24, Shellder Lv24, Exeggutor Lv24, Metapod Lv24, Drowzee Lv24
#162 (POKéMANÍACO MARCO)@23BB84 - Quagsire Lv29, Pichu Lv29
#163 (POKéMANÍACO HERNANDO)@23BBAC - Roselia Lv20, Magcargo Lv20
#164 (POKéMANÍACO JULIÁN)@23BBD4 - Minun Lv20, Clefairy Lv20, Shelgon Lv20
#165 (POKéMANÍACO ESTEBAN)@23BBFC - Yanma Lv22, Vigoroth Lv22
#166 (POKéMANÍACO DANI)@23BC24 - Ho-Oh Lv25
#167 (POKéMANÍACO ISRAEL)@23BC4C - Azumarill Lv40, Azumarill Lv40, Kabutops Lv40
#168 (POKéMANÍACO BASILIO)@23BC74 - Exploud Lv23, Muk Lv23
#169 (SUPERNECIO GUSTAVO)@23BC9C - Slowbro Lv11, Togepi Lv11
#170 (SUPERNECIO MIGUEL)@23BCC4 - Forretress Lv12, Machoke Lv12, Chikorita Lv12
#171 (SUPERNECIO ADRIÁN)@23BCEC - Gardevoir Lv20, Houndoom Lv20, Beldum Lv20, Aron Lv20
#172 (SUPERNECIO LADIS)@23BD14 - Phanpy Lv22, Kadabra Lv22, Torchic Lv22
#173 (SUPERNECIO LES)@23BD3C - Bulbasaur Lv26
#174 (SUPERNECIO )@23BD64 - Cacturne Lv22, Porygon2 Lv22, Whismur Lv22
#175 (SUPERNECIO )@23BD8C - Azurill Lv20, Vigoroth Lv20, Ninjask Lv20, Ludicolo Lv20
#176 (SUPERNECIO )@23BDB4 - Pineco Lv24, Hoppip Lv24
#177 (SUPERNECIO ENRIQUE)@23BDDC - Steelix Lv36, Groudon Lv36, Slowking Lv36
#178 (SUPERNECIO AVERO)@23BE04 - Kabutops Lv34, Huntail Lv34, Larvitar Lv34, Vibrava Lv34
#179 (SUPERNECIO DANTE)@23BE2C - Dragonite Lv41
#180 (SUPERNECIO ZAC)@23BE54 - Pidgeot Lv37, Alakazam Lv37
#181 (MONTAÑERO MARCOS)@23BE7C - Manectric Lv10, Groudon Lv10, Magikarp Lv10
#182 (MONTAÑERO FRANCIS)@23BEA4 - Exploud Lv15, Snorlax Lv15
#183 (MONTAÑERO NOBORU)@23BECC - Kingler Lv13, Sneasel Lv13, Rapidash Lv13, Staryu Lv13
#184 (MONTAÑERO UBALDO)@23BEF4 - Sunkern Lv17
#185 (MONTAÑERO ALFONSO)@23BF1C - Delcatty Lv21, Mr. Mime Lv21
#186 (MONTAÑERO BALTASAR)@23BF44 - Slowking Lv20, Venusaur Lv20, Grovyle Lv20
#187 (MONTAÑERO CARLO)@23BF6C - Seviper Lv21, Medicham Lv21
#188 (MONTAÑERO TARSI)@23BF94 - Venusaur Lv19, Skarmory Lv19
#189 (MONTAÑERO DINIO)@23BFBC - Growlithe Lv21, Jigglypuff Lv21, Poliwhirl Lv21
#190 (MONTAÑERO ALFREDO)@23BFE4 - Donphan Lv25
#191 (MONTAÑERO EVARISTO)@23C00C - Electabuzz Lv20, Hariyama Lv20
#192 (MONTAÑERO LUCIANO)@23C034 - Weedle Lv19, Gorebyss Lv19, Nuzleaf Lv19, Kingler Lv19
#193 (MONTAÑERO ÓSCAR)@23C05C - Jumpluff Lv20, Cubone Lv20, Electrike Lv20
#194 (MONTAÑERO LUCAS)@23C084 - Ivysaur Lv21, Azumarill Lv21
#195 (MOTORISTA JAVIER)@23C0AC - Zubat Lv28, Spheal Lv28, Noctowl Lv28
#196 (MOTORISTA MALEN)@23C0D4 - Nidoking Lv29, Sandshrew Lv29
#197 (MOTORISTA ERNESTO)@23C0FC - Kingler Lv25, Larvitar Lv25, Remoraid Lv25, Lugia Lv25, Registeel Lv25
#198 (MOTORISTA SANDRO)@23C124 - Vaporeon Lv28, Tangela Lv28, Vulpix Lv28
#199 (MOTORISTA LAO)@23C14C - Tyranitar Lv29, Smeargle Lv29
#200 (MOTORISTA )@23C174 - Marill Lv5
#201 (MOTORISTA HIDEO)@23C19C - Charmeleon Lv33
#202 (MOTORISTA RUBÉN)@23C1C4 - Caterpie Lv28, Cubone Lv28, Kabuto Lv28
#203 (MOTORISTA BERTO)@23C1EC - Tentacool Lv33
#204 (MOTORISTA NICO)@23C214 - Squirtle Lv29, Poliwhirl Lv29
#205 (MOTORISTA JULIO)@23C23C - Haunter Lv29, Slowbro Lv29
#206 (MOTORISTA GUILLERMO)@23C264 - Salamence Lv25, Politoed Lv25, Unown Lv25, Shuppet Lv25, Sceptile Lv25
#207 (MOTORISTA LUCIO)@23C28C - Aggron Lv26, Vaporeon Lv26, Houndour Lv26, Furret Lv26
#208 (MOTORISTA ISAAC)@23C2B4 - Wooper Lv28, Magikarp Lv28, Tropius Lv28
#209 (MOTORISTA GERARDO)@23C2DC - Suicune Lv29, Cacturne Lv29
#210 (LADRÓN )@23C304 - Poliwhirl Lv29, Sandslash Lv29
#211 (LADRÓN )@23C32C - Sunflora Lv33
#212 (LADRÓN )@23C354 - Jigglypuff Lv28, Pichu Lv28, Ho-Oh Lv28
#213 (LADRÓN OCTAVIO)@23C37C - Dragonite Lv36, Skarmory Lv36, Swellow Lv36
#214 (LADRÓN RAMÓN)@23C3A4 - Venomoth Lv41
#215 (LADRÓN DACIO)@23C3CC - Dugtrio Lv37, Ninetales Lv37
#216 (LADRÓN AMADEO)@23C3F4 - Zapdos Lv34, Mewtwo Lv34
#217 (LADRÓN )@23C41C - Voltorb Lv34, Exeggcute Lv34
#218 (LADRÓN SIMÓN)@23C444 - Yanma Lv38
#219 (LADRÓN LAUREN)@23C46C - Magnemite Lv34, Houndoom Lv34
#220 (MECÁNICO MANOLO)@23C494 - Bagon Lv21, Quagsire Lv21
#221 (MECÁNICO PERICO)@23C4BC - Meditite Lv21
#222 (MECÁNICO BERNARDO)@23C4E4 - Bellossom Lv18, Relicanth Lv18, Igglybuff Lv18
#223 (PESCADOR DANIEL)@23C50C - Seviper Lv17, Persian Lv17, Nincada Lv17
#224 (PESCADOR BELTRÁN)@23C534 - Azurill Lv17, Elekid Lv17, Volbeat Lv17
#225 (PESCADOR NÉSTOR)@23C55C - Hoppip Lv22, Furret Lv22, Charmander Lv22
#226 (PESCADOR CHICHO)@23C584 - Onix Lv24, Articuno Lv24
#227 (PESCADOR HILARIO)@23C5AC - Skarmory Lv27
#228 (PESCADOR ELOY)@23C5D4 - Whismur Lv21, Ditto Lv21, Butterfree Lv21, Marill Lv21
#229 (PESCADOR RONALDO)@23C5FC - Delcatty Lv28, Pineco Lv28, Haunter Lv28, Whismur Lv28
#230 (PESCADOR CLAUDIO)@23C624 - Magby Lv31, Moltres Lv31
#231 (PESCADOR GUIDO)@23C64C - Goldeen Lv27, Magcargo Lv27, Grovyle Lv27, Dusclops Lv27, Jumpluff Lv27, Fearow Lv27
#232 (PESCADOR NARCISO)@23C674 - Whismur Lv33, Venusaur Lv33
#233 (PESCADOR ANDRÉS)@23C69C - Murkrow Lv24, Dunsparce Lv24
#234 (NADADOR LUIS)@23C6C4 - Arbok Lv16, Machamp Lv16
#235 (NADADOR RICARDO)@23C6EC - Slowking Lv30, Jirachi Lv30
#236 (NADADOR MARCELO)@23C714 - Totodile Lv29, Golbat Lv29, Persian Lv29
#237 (NADADOR MATEO)@23C73C - Hypno Lv30, Swampert Lv30
#238 (NADADOR DOMINGO)@23C764 - Furret Lv27, Gligar Lv27, Registeel Lv27, Combusken Lv27
#239 (NADADOR DAVID)@23C78C - Celebi Lv29, Regirock Lv29, Smeargle Lv29
#240 (NADADOR TONI)@23C7B4 - Wailmer Lv30, Vileplume Lv30
#241 (NADADOR ALEJO)@23C7DC - Shuppet Lv27, Deoxys Lv27, Corphish Lv27, Torchic Lv27, Clefairy Lv27
#242 (NADADOR BORIS)@23C804 - Illumise Lv31, Fearow Lv31
#243 (NADADOR DINO)@23C82C - Dusclops Lv35
#244 (NADADOR DARÍO)@23C854 - Wingull Lv28, Phanpy Lv28, Mew Lv28, Lombre Lv28
#245 (NADADOR SERGIO)@23C87C - Mankey Lv33, Cloyster Lv33
#246 (NADADOR OMAR)@23C8A4 - Castform Lv37
#247 (NADADOR JEROMO)@23C8CC - Dragonite Lv33, Omastar Lv33
#248 (NADADOR ROMÁN)@23C8F4 - Shellder Lv32, Wailord Lv32, Omastar Lv32
#249 (CALVO KOJI)@23C91C - Koffing Lv28, Wobbuffet Lv28, Porygon2 Lv28
#250 (CALVO LEO)@23C944 - Torchic Lv29, Glalie Lv29
#251 (CALVO CADEL)@23C96C - Nidoran♀ Lv29, Wynaut Lv29
#252 (CALVO RALE)@23C994 - Deoxys Lv29, Weepinbell Lv29
#253 (CALVO ISAÍAS)@23C9BC - Sudowoodo Lv29, Jynx Lv29
#254 (CALVO DERO)@23C9E4 - Horsea Lv33
#255 (CALVO JAVI)@23CA0C - Shellder Lv26, Magikarp Lv26, Crawdaunt Lv26, Starmie Lv26
#256 (CALVO CEFE)@23CA34 - Gastly Lv29, Hoothoot Lv29
#257 (CALVO CONRADO)@23CA5C - Kabutops Lv31, Rhydon Lv31, Shroomish Lv31
#258 (JUGÓN HUGUE)@23CA84 - Chinchou Lv18, Treecko Lv18
#259 (JUGÓN JAREN)@23CAAC - Wooper Lv18, Flareon Lv18
#260 (JUGÓN GASPAR)@23CAD4 - Machamp Lv18, Deoxys Lv18
#261 (JUGÓN DARIAN)@23CAFC - Charmeleon Lv18, Zapdos Lv18
#262 (JUGÓN EUSEBIO)@23CB24 - Flareon Lv22, Magneton Lv22, Hoothoot Lv22
#263 (JUGÓN )@23CB4C - Spheal Lv5
#264 (JUGÓN NORBER)@23CB74 - Salamence Lv24, Kingdra Lv24
#265 (BELLA BRÍGIDA)@23CB9C - Tangela Lv21, Solrock Lv21, Shuckle Lv21, Staryu Lv21
#266 (BELLA PURI)@23CBC4 - Togetic Lv24, Diglett Lv24
#267 (BELLA LARA)@23CBEC - Hariyama Lv24
#268 (BELLA LOLA)@23CC14 - Mawile Lv27, Nidoking Lv27, Sealeo Lv27
#269 (BELLA SOL)@23CC3C - Starmie Lv29, Golem Lv29
#270 (NADADORA TIZIANA)@23CC64 - Machamp Lv35
#271 (NADADORA NORA)@23CC8C - Moltres Lv30, Masquerain Lv30, Kecleon Lv30
#272 (NADADORA MELISA)@23CCB4 - Zubat Lv31, Chimecho Lv31
#273 (BELLA GRACIA)@23CCDC - Glalie Lv29, Alakazam Lv29
#274 (BELLA OLIVIA)@23CD04 - Mewtwo Lv29, Jynx Lv29
#275 (BELLA LUCERO)@23CD2C - Numel Lv33, Bagon Lv33, Umbreon Lv33
#276 (NADADORA ANIA)@23CD54 - Kingler Lv27, Ludicolo Lv27, Ledian Lv27, Aggron Lv27, Absol Lv27
#277 (NADADORA ALICIA)@23CD7C - Ho-Oh Lv30, Slowpoke Lv30
#278 (NADADORA CORO)@23CDA4 - Metapod Lv29, Sharpedo Lv29, Sableye Lv29
#279 (NADADORA SILVIA)@23CDCC - Cubone Lv30, Skitty Lv30, Metagross Lv30
#280 (MÉDIUM LUISMI)@23CDF4 - Cubone Lv31, Victreebel Lv31, Blissey Lv31, Espeon Lv31
#281 (MÉDIUM TOR)@23CE1C - Diglett Lv34, Venonat Lv34
#282 (MÉDIUM SILVIO)@23CE44 - Magcargo Lv33, Misdreavus Lv33, Beldum Lv33
#283 (MÉDIUM PATRICIO)@23CE6C - Breloom Lv38
#284 (ROCKERO ANTONIO)@23CE94 - Linoone Lv20, Rhyhorn Lv20, Vaporeon Lv20
#285 (ROCKERO MONE)@23CEBC - Arbok Lv29, Clefable Lv29
#286 (MALABARISTA RODRIGO)@23CEE4 - Dusclops Lv29, Metapod Lv29
#287 (MALABARISTA MODESTO)@23CF0C - Salamence Lv41, Shedinja Lv41, Moltres Lv41, Feraligatr Lv41
#288 (MALABARISTA ÁNGEL)@23CF34 - Alakazam Lv31, Zubat Lv31, Houndoom Lv31, Wobbuffet Lv31
#289 (MALABARISTA ISMA)@23CF5C - Houndour Lv34, Rayquaza Lv34
#290 (MALABARISTA GRAU)@23CF84 - Armaldo Lv48
#291 (MALABARISTA EDUARDO)@23CFAC - Venomoth Lv46, Dewgong Lv46, Omastar Lv47, Cradily Lv48
#292 (MALABARISTA LENO)@23CFD4 - Rapidash Lv38
#293 (MALABARISTA NANDO)@23CFFC - Whiscash Lv34, Manectric Lv34
#294 (DOMADOR PEDRO)@23D024 - Gengar Lv34, Seel Lv34
#295 (DOMADOR EFRAÍN)@23D04C - Dusclops Lv33, Machop Lv33, Gastly Lv33
#296 (DOMADOR JAIRO)@23D074 - Slaking Lv43
#297 (DOMADOR CAMILO)@23D09C - Furret Lv39, Togetic Lv39
#298 (DOMADOR VICENTE)@23D0C4 - Metagross Lv44, Quagsire Lv44
#299 (DOMADOR JULI)@23D0EC - Registeel Lv42, Clefable Lv42, Altaria Lv42, Wigglytuff Lv42
#300 (ORNITÓLOGO SEBASTIÁN)@23D114 - Gastly Lv29, Mew Lv29
#301 (ORNITÓLOGO PASTOR)@23D13C - Feraligatr Lv25, Slowpoke Lv25, Spoink Lv25, Bayleef Lv25, Wailord Lv25
#302 (ORNITÓLOGO ROBERTO)@23D164 - Cradily Lv26, Octillery Lv26, Koffing Lv26, Machamp Lv26
#303 (ORNITÓLOGO DONATO)@23D18C - Altaria Lv33
#304 (ORNITÓLOGO BENI)@23D1B4 - Ditto Lv29, Fearow Lv29
#305 (ORNITÓLOGO EDGARDO)@23D1DC - Nidoking Lv26, Lairon Lv26, Wailord Lv26, Seviper Lv26
#306 (ORNITÓLOGO CELSO)@23D204 - Huntail Lv28, Quagsire Lv28, Clefairy Lv28
#307 (ORNITÓLOGO VALENTÍN)@23D22C - Ninetales Lv29, Remoraid Lv29
#308 (ORNITÓLOGO RAMIRO)@23D254 - Bulbasaur Lv34
#309 (ORNITÓLOGO JACOBO)@23D27C - Nidoran♀ Lv26, Dragonair Lv26, Entei Lv26, Croconaw Lv26
#310 (ORNITÓLOGO ROGE)@23D2A4 - Krabby Lv30, Rapidash Lv30, Nosepass Lv30
#311 (ORNITÓLOGO REMO)@23D2CC - Rayquaza Lv39, Sunflora Lv39, Ledian Lv39, Hitmonchan Lv39
#312 (ORNITÓLOGO IMANOL)@23D2F4 - Ninetales Lv39, Parasect Lv39
#313 (ORNITÓLOGO CAYETANO)@23D31C - Spinarak Lv28, Gorebyss Lv28, Marill Lv28
#314 (ORNITÓLOGO MELCHOR)@23D344 - Sandshrew Lv26, Chansey Lv26, Rattata Lv26, Eevee Lv26
#315 (ORNITÓLOGO BALDOMERO)@23D36C - Dragonite Lv29, Ponyta Lv29
#316 (ORNITÓLOGO MAURO)@23D394 - Doduo Lv28, Blaziken Lv28, Mudkip Lv28
#317 (KARATEKA KOICHI)@23D3BC - Rhydon@CINT. NEGRO Lv37, Minun@CINT. NEGRO Lv37
#318 (KARATEKA MIGUE)@23D3E4 - Altaria@CINT. NEGRO Lv31, Lapras@CINT. NEGRO Lv31, Delibird@CINT. NEGRO Lv31
#319 (KARATEKA HIDEKI)@23D40C - Pupitar@CINT. NEGRO Lv32, Zubat@CINT. NEGRO Lv32
#320 (KARATEKA AARÓN)@23D434 - Donphan@CINT. NEGRO Lv36
#321 (KARATEKA HITOSHI)@23D45C - Cacturne@CINT. NEGRO Lv31, Exploud@CINT. NEGRO Lv31, Hariyama@CINT. NEGRO Lv31
#322 (KARATEKA ATSUSHI)@23D484 - Milotic@CINT. NEGRO Lv40, Spinda@CINT. NEGRO Lv40
#323 (KARATEKA HIRO)@23D4AC - Regirock@CINT. NEGRO Lv43
#324 (KARATEKA TAKASHI)@23D4D4 - Gengar@CINT. NEGRO Lv38, Tyranitar@CINT. NEGRO Lv38, Ninetales@CINT. NEGRO Lv38
#325 (KARATEKA DAISUKE)@23D4FC - Dodrio@CINT. NEGRO Lv43, Milotic@CINT. NEGRO Lv43, Wigglytuff@CINT. NEGRO Lv43
#326 (RIVAL TEREN)@23D524 - Corphish Lv5
#327 (RIVAL TEREN)@23D54C - Metang Lv5
#328 (RIVAL TEREN)@23D574 - Poliwhirl Lv5
#329 (RIVAL TEREN)@23D59C - Mantine Lv9, Wurmple Lv9
#330 (RIVAL TEREN)@23D5C4 - Horsea Lv9, Jynx Lv9
#331 (RIVAL TEREN)@23D5EC - Mightyena Lv9, Gulpin Lv9
#332 (RIVAL TEREN)@23D614 - Torkoal Lv17, Pichu Lv16, Piloswine Lv15, Togetic Lv18
#333 (RIVAL TEREN)@23D63C - Nidoqueen Lv17, Tyrogue Lv16, Kingler Lv15, Psyduck Lv18
#334 (RIVAL TEREN)@23D664 - Politoed Lv17, Hoothoot Lv16, Swellow Lv15, Camerupt Lv18
#335 (CIENTÍFICO TICO)@23D68C - Lanturn Lv29, Metang Lv29
#336 (CIENTÍFICO ROGELIO)@23D6B4 - Magcargo Lv26, Psyduck Lv26, Swampert Lv26, Nidoran♀ Lv26
#337 (CIENTÍFICO JERÓNIMO)@23D6DC - Pidgeotto Lv28, Togetic Lv28, Pinsir Lv28
#338 (CIENTÍFICO JOSE)@23D704 - Kirlia Lv29, Swinub Lv29
#339 (CIENTÍFICO RODOLFO)@23D72C - Magmar Lv33
#340 (CIENTÍFICO BENITO)@23D754 - Medicham Lv26, Sunflora Lv26, Linoone Lv26, Cacnea Lv26
#341 (CIENTÍFICO TIRSO)@23D77C - Poliwhirl Lv25, Hoothoot Lv25, Omanyte Lv25, Barboach Lv25, Ditto Lv25
#342 (CIENTÍFICO JOSUÉ)@23D7A4 - Spinarak Lv29, Togepi Lv29
#343 (CIENTÍFICO PASCUAL)@23D7CC - Meditite Lv29, Dustox Lv29
#344 (CIENTÍFICO MANU)@23D7F4 - Meganium Lv28, Kecleon Lv28, Carvanha Lv28
#345 (CIENTÍFICO TOBÍAS)@23D81C - Gorebyss Lv29, Solrock Lv29
#346 (CIENTÍFICO ARTURO)@23D844 - Porygon2 Lv33, Corsola Lv33, Sunkern Lv33
#347 (CIENTÍFICO IVÁN)@23D86C - Exeggcute Lv34, Kabutops Lv34
#348 (JEFE GIOVANNI)@23D894 - Kyogre Lv25, Meganium Lv24, Latias Lv29
#349 (JEFE GIOVANNI)@23D8BC - Clefable Lv37, Hitmontop Lv35, Jolteon Lv37, Parasect Lv41
#350 (LÍDER GIOVANNI)@23D8E4 - Hitmonlee Lv45, Hitmonlee Lv42, Blastoise Lv44, Politoed Lv45, Manectric Lv50
#351 (TEAM ROCKET SOLDADO)@23D90C - Phanpy Lv13, Numel Lv13
#352 (TEAM ROCKET SOLDADO)@23D934 - Porygon Lv11, Mr. Mime Lv11, Grimer Lv11
#353 (TEAM ROCKET SOLDADO)@23D95C - Psyduck Lv11, Lileep Lv11
#354 (TEAM ROCKET SOLDADO)@23D984 - Mightyena Lv13, Sentret Lv13
#355 (TEAM ROCKET SOLDADO)@23D9AC - Voltorb Lv17, Dusclops Lv17
#356 (TEAM ROCKET SOLDADO)@23D9D4 - Arbok Lv15, Clefable Lv15
#357 (TEAM ROCKET SOLDADO)@23D9FC - Absol Lv20, Makuhita Lv20
#358 (TEAM ROCKET SOLDADO)@23DA24 - Ampharos Lv21, Metagross Lv21
#359 (TEAM ROCKET SOLDADO)@23DA4C - Tauros Lv21, Hitmontop Lv21
#360 (TEAM ROCKET SOLDADO)@23DA74 - Graveler Lv20, Metang Lv20, Kingdra Lv20
#361 (TEAM ROCKET SOLDADO)@23DA9C - Cubone Lv19, Kyogre Lv19, Mightyena Lv19, Pineco Lv19
#362 (TEAM ROCKET SOLDADO)@23DAC4 - Aron Lv22, Nincada Lv22
#363 (TEAM ROCKET SOLDADO)@23DAEC - Rapidash Lv17, Exeggcute Lv17, Ekans Lv17, Exeggutor Lv17, Suicune Lv17
#364 (TEAM ROCKET SOLDADO)@23DB14 - Wooper Lv20, Ho-Oh Lv20, Jumpluff Lv20
#365 (TEAM ROCKET SOLDADO)@23DB3C - Wooper Lv21, Numel Lv21
#366 (TEAM ROCKET SOLDADO)@23DB64 - Poochyena Lv23, Shedinja Lv23, Ditto Lv23
#367 (TEAM ROCKET SOLDADO)@23DB8C - Kakuna Lv23, Torkoal Lv23, Chikorita Lv23
#368 (TEAM ROCKET SOLDADO)@23DBB4 - Blastoise Lv21, Salamence Lv21
#369 (TEAM ROCKET SOLDADO)@23DBDC - Metang Lv25, Growlithe Lv25, Wailord Lv25
#370 (TEAM ROCKET SOLDADO)@23DC04 - Gligar Lv26, Kangaskhan Lv26
#371 (TEAM ROCKET SOLDADO)@23DC2C - Pinsir Lv23, Sealeo Lv23, Gastly Lv23, Blastoise Lv23
#372 (TEAM ROCKET SOLDADO)@23DC54 - Bulbasaur Lv26, Golbat Lv26
#373 (TEAM ROCKET SOLDADO)@23DC7C - Slakoth Lv29, Cacturne Lv29
#374 (TEAM ROCKET SOLDADO)@23DCA4 - Magneton Lv25, Raikou Lv25, Horsea Lv25, Roselia Lv25, Fearow Lv25
#375 (TEAM ROCKET SOLDADO)@23DCCC - Magmar Lv28, Jumpluff Lv28, Poliwag Lv28
#376 (TEAM ROCKET SOLDADO)@23DCF4 - Lunatone Lv29, Koffing Lv29
#377 (TEAM ROCKET SOLDADO)@23DD1C - Pineco Lv28, Beautifly Lv28, Zubat Lv28
#378 (TEAM ROCKET SOLDADO)@23DD44 - Bulbasaur Lv33
#379 (TEAM ROCKET SOLDADO)@23DD6C - Plusle Lv33
#380 (TEAM ROCKET SOLDADO)@23DD94 - Shiftry Lv29, Baltoy Lv29
#381 (TEAM ROCKET SOLDADO)@23DDBC - Swalot Lv28, Tyrogue Lv28, Pidgeotto Lv28
#382 (TEAM ROCKET SOLDADO)@23DDE4 - Yanma Lv26, Wailord Lv26, Armaldo Lv26, Tauros Lv26
#383 (TEAM ROCKET SOLDADO)@23DE0C - Pinsir Lv29, Hitmonlee Lv29
#384 (TEAM ROCKET SOLDADO)@23DE34 - Mr. Mime Lv29, Smeargle Lv29
#385 (TEAM ROCKET SOLDADO)@23DE5C - Lanturn Lv26, Hitmontop Lv26, Gyarados Lv26, Togepi Lv26
#386 (TEAM ROCKET SOLDADO)@23DE84 - Fearow Lv28, Cascoon Lv28, Lunatone Lv28
#387 (TEAM ROCKET SOLDADO)@23DEAC - Togepi Lv28, Dratini Lv28, Vibrava Lv28
#388 (TEAM ROCKET SOLDADO)@23DED4 - Entei Lv28, Smoochum Lv28, Ledyba Lv28
#389 (TEAM ROCKET SOLDADO)@23DEFC - Smoochum Lv33
#390 (TEAM ROCKET SOLDADO)@23DF24 - Gyarados Lv25, Kabutops Lv25, Croconaw Lv25, Arbok Lv25, Misdreavus Lv25
#391 (TEAM ROCKET SOLDADO)@23DF4C - Lombre Lv32, Gulpin Lv32, Latios Lv32
#392 (ENTRE. GUAY SAMUEL)@23DF74 - Togetic Lv37, Gligar Lv37, Aggron Lv38, Sableye Lv39, Charizard Lv39
#393 (ENTRE. GUAY JORGE)@23DF9C - Raticate Lv42, Kingler Lv42, Shiftry Lv42, Nidoking Lv42, Seviper Lv42
#394 (ENTRE. GUAY ADÁN)@23DFC4 - Tyranitar Lv41, Seaking Lv42, Forretress Lv42, Omastar Lv42, Noctowl Lv43
#395 (ENTRE. GUAY PAULINO)@23DFEC - Furret Lv42, Meganium Lv42, Kyogre Lv42, Huntail Lv42, Jynx Lv42
#396 (ENTRE. GUAY ROLAN)@23E014 - Heracross Lv42, Seaking Lv42, Grumpig Lv42, Marowak Lv42, Tentacruel Lv42
#397 (ENTRE. GUAY GILBERTO)@23E03C - Nosepass Lv42, Claydol Lv42, Azumarill Lv42, Sandslash Lv42, Meganium Lv42
#398 (ENTRE. GUAY ODÓN)@23E064 - Shiftry Lv42, Slowbro Lv42, Politoed Lv42, Kyogre Lv42, Metagross Lv42
#399 (ENTRE. GUAY BLAS)@23E08C - Dugtrio Lv42, Shiftry Lv42, Groudon Lv42, Huntail Lv42, Mewtwo Lv42
#400 (ENTRE. GUAY YUJI)@23E0B4 - Starmie Lv38, Omastar Lv38, Hitmonchan Lv38, Rapidash Lv38, Wigglytuff Lv38
#401 (ENTRE. GUAY VALERIO)@23E0DC - Parasect Lv37, Parasect Lv37, Magcargo Lv38, Gengar Lv39, Pidgeot Lv39
#402 (ENTRE. GUAY MARI)@23E104 - Natu Lv22, Exeggutor Lv22, Sentret Lv22, Torkoal Lv22, Gorebyss Lv22
#403 (ENTRE. GUAY CAROLINA)@23E12C - Kingdra Lv42, Swampert Lv42, Arbok Lv42, Roselia Lv42, Grumpig Lv42
#404 (ENTRE. GUAY ALEJANDRA)@23E154 - Ledian Lv42, Donphan Lv42, Meganium Lv42, Salamence Lv42, Salamence Lv42
#405 (ENTRE. GUAY SABRINA)@23E17C - Charizard Lv42, Crobat Lv42, Regice Lv42, Venomoth Lv42, Unown Lv42
#406 (ENTRE. GUAY NOEMÍ)@23E1A4 - Pelipper Lv42, Moltres Lv42, Meganium Lv42, Mewtwo Lv42, Exploud Lv42
#407 (ENTRE. GUAY BERTA)@23E1CC - Articuno Lv42, Milotic Lv42, Cloyster Lv42, Luvdisc Lv42, Victreebel Lv42
#408 (ENTRE. GUAY AGUSTINA)@23E1F4 - Blaziken Lv42, Charizard Lv42, Scizor Lv42, Altaria Lv42, Gengar Lv42
#409 (ENTRE. GUAY JULIA)@23E21C - Wailord Lv42, Blissey Lv42, Noctowl Lv42, Arbok Lv42, Dragonite Lv42
#410 (ALTO MANDO LORELEI)@23E244 - Xatu Lv52, Mantine Lv51, Mewtwo Lv52, Linoone Lv54, Salamence@BAYA ZIDRA Lv54
#411 (ALTO MANDO BRUNO)@23E26C - Magneton Lv51, Claydol Lv53, Weezing Lv53, Walrein Lv54, Stantler@BAYA ZIDRA Lv56
#412 (ALTO MANDO AGATHA)@23E294 - Regirock Lv54, Crawdaunt Lv54, Ninjask Lv53, Umbreon Lv56, Fearow@BAYA ZIDRA Lv58
#413 (ALTO MANDO LANCE)@23E2BC - Sceptile Lv56, Exeggutor Lv54, Gardevoir Lv54, Nidoqueen Lv58, Regirock@BAYA ZIDRA Lv60
#414 (LÍDER BROCK)@23E2E4 - Treecko Lv12, Aggron Lv14
#415 (LÍDER MISTY)@23E30C - Wailord Lv18, Wigglytuff Lv21
#416 (LÍDER LT. SURGE)@23E334 - Mawile Lv21, Barboach Lv18, Slowbro Lv24
#417 (LÍDER ERIKA)@23E35C - Natu Lv29, Squirtle Lv24, Parasect Lv29
#418 (LÍDER KOGA)@23E384 - Wailord Lv37, Walrein Lv39, Muk Lv37, Golem Lv43
#419 (LÍDER BLAINE)@23E3AC - Ursaring Lv42, Electrode Lv40, Unown Lv42, Lunatone Lv47
#420 (LÍDER SABRINA)@23E3D4 - Nidoking Lv38, Armaldo Lv37, Aipom Lv38, Victreebel Lv43
#421 (CABALLERO TOMÁS)@23E3FC - Granbull Lv18, Sceptile Lv18
#422 (CABALLERO ARMANDO)@23E424 - Diglett Lv19, Vulpix Lv19
#423 (CABALLERO TITO)@23E44C - Cleffa Lv23
#424 (CABALLERO NICANOR)@23E474 - Crobat Lv48
#425 (CABALLERO GABINO)@23E49C - Noctowl Lv17, Electrike Lv17
#426 (RIVAL TEREN)@23E4C4 - Donphan Lv19, Raticate Lv16, Charmander Lv18, Medicham Lv20
#427 (RIVAL TEREN)@23E4EC - Smoochum Lv19, Cacturne Lv16, Ludicolo Lv18, Slowbro Lv20
#428 (RIVAL TEREN)@23E514 - Onix Lv19, Drowzee Lv16, Nuzleaf Lv18, Butterfree Lv20
#429 (RIVAL TEREN)@23E53C - Piloswine Lv25, Graveler Lv23, Electrode Lv22, Skiploom Lv20, Igglybuff Lv25
#430 (RIVAL TEREN)@23E564 - Tropius Lv25, Swablu Lv23, Phanpy Lv22, Articuno Lv20, Hypno Lv25
#431 (RIVAL TEREN)@23E58C - Mareep Lv25, Omanyte Lv23, Entei Lv22, Poochyena Lv20, Ho-Oh Lv25
#432 (RIVAL TEREN)@23E5B4 - Butterfree Lv37, Beedrill Lv38, Persian Lv35, Ditto Lv35, Gardevoir Lv40
#433 (RIVAL TEREN)@23E5DC - Cloyster Lv37, Nidoking Lv38, Mewtwo Lv35, Houndoom Lv35, Latias Lv40
#434 (RIVAL TEREN)@23E604 - Blaziken Lv37, Claydol Lv38, Espeon Lv35, Mr. Mime Lv35, Sharpedo Lv40
#435 (RIVAL TEREN)@23E62C - Sandslash Lv47, Skarmory Lv45, Persian Lv45, Kingdra Lv45, Venusaur Lv47, Butterfree Lv53
#436 (RIVAL TEREN)@23E654 - Ampharos Lv47, Tyranitar Lv45, Exploud Lv45, Vileplume Lv45, Ariados Lv47, Nidoqueen Lv53
#437 (RIVAL TEREN)@23E67C - Raticate Lv47, Delcatty Lv45, Dustox Lv45, Machamp Lv45, Gardevoir Lv47, Linoone Lv53
#438 (CAMPEÓN TEREN)@23E6A4 - Piloswine Lv59, Pidgeot Lv57, Blaziken Lv59, Ursaring Lv59, Glalie Lv61, Aerodactyl@BAYA ZIDRA Lv63
#439 (CAMPEÓN TEREN)@23E6CC - Victreebel Lv59, Dodrio Lv57, Feraligatr Lv59, Arcanine Lv59, Kyogre Lv61, Grumpig@BAYA ZIDRA Lv63
#440 (CAMPEÓN TEREN)@23E6F4 - Walrein Lv59, Venomoth Lv57, Poliwrath Lv59, Ninjask Lv59, Breloom Lv61, Kecleon@BAYA ZIDRA Lv63
#441 (EXORCISTA PATRICIA)@23E71C - Masquerain Lv22
#442 (EXORCISTA CARI)@23E744 - Cascoon Lv24
#443 (EXORCISTA ESPE)@23E76C - Wooper Lv23
#444 (EXORCISTA PAULA)@23E794 - Dratini Lv24
#445 (EXORCISTA LORENA)@23E7BC - Seedot Lv23, Rayquaza Lv23
#446 (EXORCISTA JIMENA)@23E7E4 - Mawile Lv22
#447 (EXORCISTA TAMARA)@23E80C - Shuckle Lv23
#448 (EXORCISTA RENATA)@23E834 - Cacnea Lv22
#449 (EXORCISTA LINA)@23E85C - Wailmer Lv24
#450 (EXORCISTA JANA)@23E884 - Vulpix Lv22
#451 (EXORCISTA ANGÉLICA)@23E8AC - Igglybuff Lv22, Ivysaur Lv22, Ludicolo Lv22
#452 (EXORCISTA EMILIA)@23E8D4 - Grimer Lv24
#453 (EXORCISTA JULIANA)@23E8FC - Dragonair Lv24
#454 (EXORCISTA )@23E924 - Castform Lv23
#455 (EXORCISTA )@23E94C - Absol Lv24
#456 (EXORCISTA )@23E974 - Lombre Lv22
#457 (EXORCISTA )@23E99C - Mudkip Lv24
#458 (EXORCISTA )@23E9C4 - Flareon Lv22
#459 (EXORCISTA )@23E9EC - Bellsprout Lv22, Omanyte Lv22, Totodile Lv22
#460 (EXORCISTA )@23EA14 - Venomoth Lv24
#461 (EXORCISTA )@23EA3C - Jigglypuff Lv24
#462 (EXORCISTA DALIA)@23EA64 - Pichu Lv34, Mewtwo Lv34
#463 (EXORCISTA NARCISA)@23EA8C - Whiscash Lv38
#464 (EXORCISTA TIRSA)@23EAB4 - Seaking Lv33, Magnemite Lv33, Magnemite Lv33
#465 (MONTAÑERO ADOLFO)@23EADC - Tyranitar Lv20, Crawdaunt Lv20
#466 (DOMINGUERA ALMA)@23EB04 - Nosepass Lv28, Taillow Lv28, Regirock Lv28
#467 (DOMINGUERA SUSI)@23EB2C - Cleffa Lv24, Cradily Lv24, Gengar Lv24, Misdreavus Lv24, Espeon Lv24
#468 (DOMINGUERA VALERIA)@23EB54 - Aipom Lv30, Granbull Lv30
#469 (DOMINGUERA GEMA)@23EB7C - Crobat Lv27, Sandslash Lv27, Mewtwo Lv27, Shellder Lv27
#470 (MOTORISTA VIRGILIO)@23EBA4 - Tentacool Lv28, Jolteon Lv28, Voltorb Lv28
#471 (CAMPISTA FIDEL)@23EBCC - Wurmple Lv14, Wartortle Lv14
#472 (DOMINGUERA MERCE)@23EBF4 - Blaziken Lv31, Staryu Lv31
#473 (DOMINGUERA IRENE)@23EC1C - Milotic Lv30, Shuppet Lv30, Electrode Lv30
#474 (DOMINGUERA DORA)@23EC44 - Breloom Lv20, Metang Lv20, Tentacruel Lv20
#475 (DOMINGUERA ARIANA)@23EC6C - Muk Lv19, Meganium Lv19, Bagon Lv19, Slowking Lv19
#476 (DOMINGUERA LEA)@23EC94 - Spheal Lv22, Magcargo Lv22
#477 (CAMPISTA JUSTI)@23ECBC - Tentacruel Lv29, Ho-Oh Lv29
#478 (DOMINGUERA ACEN)@23ECE4 - Dugtrio Lv29, Bellossom Lv29, Anorith Lv29
#479 (DOMINGUERA CLEO)@23ED0C - Alakazam Lv28, Porygon2 Lv28, Igglybuff Lv28
#480 (DOMINGUERA BETINA)@23ED34 - Treecko Lv29, Ditto Lv29
#481 (DOMINGUERA CELIA)@23ED5C - Ditto Lv33
#482 (CABALLERO CELIO)@23ED84 - Eevee Lv23
#483 (CABALLERO LENER)@23EDAC - Quagsire Lv17, Delcatty Lv17
#484 (GEMELAS TITA-LIN)@23EDD4 - Kadabra Lv22, Psyduck Lv22
#485 (PAREJA GUAY DESI-TULA)@23EDFC - Wigglytuff Lv45, Arcanine Lv45
#486 (PAREJA JOVEN AGA-ARE)@23EE24 - Cyndaquil Lv24, Celebi Lv24
#487 (GEMELAS LENA-TEA)@23EE4C - Feebas Lv29, Diglett Lv29
#488 (DÚO FUERTE TIN-TINA)@23EE74 - Meditite@CINT. NEGRO Lv29, Ralts@CINT. NEGRO Lv29
#489 (PAREJA JOVEN LIZ-JOEL)@23EE9C - Linoone Lv29, Staryu Lv29
#490 (HERMANOS CATI-TEC)@23EEC4 - Magby Lv30, Pidgeot Lv30
#491 (HERMANOS ÍA-IGOR)@23EEEC - Metagross Lv33, Kadabra Lv33
#492 (CAZABICHOS )@23EF14 - Hariyama Lv5
#493 (CAZABICHOS )@23EF3C - Kabuto Lv5
#494 (CAZABICHOS )@23EF64 - Machamp Lv5
#495 (CAZABICHOS )@23EF8C - Huntail Lv5
#496 (CAZABICHOS )@23EFB4 - Zubat Lv5
#497 (CAZABICHOS )@23EFDC - Graveler Lv5
#498 (JOVEN BEN)@23F004 - Registeel Lv28, Huntail Lv28
#499 (JOVEN BEN)@23F02C - Slowking Lv48, Umbreon Lv48
#500 (JOVEN CIRO)@23F054 - Dusclops Lv20, Exploud Lv20
#501 (CHICA RUTH)@23F07C - Whismur Lv20, Rattata Lv20
#502 (CHICA RUTH)@23F0A4 - Whismur Lv28, Mudkip Lv28
#503 (JOVEN TINO)@23F0CC - Sudowoodo Lv19, Linoone Lv19, Remoraid Lv19
#504 (JOVEN TINO)@23F0F4 - Squirtle Lv27, Nidoran♂ Lv27, Skitty Lv27
#505 (JOVEN TINO)@23F11C - Crobat Lv52, Regice Lv52, Gengar Lv52
#506 (JOVEN CIRO)@23F144 - Parasect Lv28, Arbok Lv28
#507 (CHICA LUCRECIA)@23F16C - Exploud Lv20, Sentret Lv20
#508 (CHICA LUCRECIA)@23F194 - Koffing Lv28, Corphish Lv28
#509 (JOVEN CIRO)@23F1BC - Exploud Lv48, Rhydon Lv48
#510 (MONTAÑERO FRANCIS)@23F1E4 - Crobat Lv25, Porygon2 Lv25
#511 (PROF. [PK][MN] PROF. OAK)@23F20C - Magikarp Lv5
#512 (JUGADOR BRUNO)@23F234 - Lombre Lv5
#513 (JUGADOR AURA)@23F25C - Aerodactyl Lv5
#514 (JUGADOR JORO)@23F284 - Vigoroth Lv5
#515 (JUGADOR JAHO)@23F2AC - Blastoise Lv5
#516 (TEAM ROCKET SOLDADO)@23F2D4 - Mightyena Lv49, Parasect Lv49
#517 (MÉDIUM JACINTA)@23F2FC - Bellossom Lv48, Armaldo Lv48, Swampert Lv49
#518 (CHICA FUERTE SILVANA)@23F324 - Aggron@CINT. NEGRO Lv37, Rhydon@CINT. NEGRO Lv37
#519 (PLAYERA PIZPI)@23F34C - Persian Lv34, Muk Lv35, Exeggcute Lv34
#520 (CRIAPOKéMON FLOR)@23F374 - Gyarados Lv48, Volbeat Lv48, Nidoking Lv48
#521 (POKéGUARDA NICOLÁS)@23F39C - Regice Lv51, Tyranitar Lv51
#522 (POKéGUARDA MIRANDA)@23F3C4 - Kingdra Lv51, Relicanth Lv51
#523 (SRTA. AROMA MÓNICA)@23F3EC - Parasect Lv37, Raichu Lv37
#524 (RUINAMANÍACO SILVANO)@23F414 - Kangaskhan Lv48, Blaziken Lv48, Deoxys Lv48
#525 (DAMISELA JADE)@23F43C - Lapras@POLVOESTELAR Lv48, Manectric@POLVOESTELAR Lv50
#526 (PINTORA AZUCENA)@23F464 - Exploud Lv50
#527 (MOTORISTA QUIQUE)@23F48C - Beedrill Lv37, Wailord Lv37
#528 (MOTORISTA QUIQUE)@23F4B4 - Cacturne Lv38
#529 (MOTORISTA QUIQUE)@23F4DC - Furret Lv38
#530 (MOTORISTA )@23F504 - Seviper Lv5
#531 (CAZABICHOS ANTÓN)@23F52C - Swablu Lv7, Politoed Lv8
#532 (CAZABICHOS CARMELO)@23F554 - Shiftry Lv7, Heracross Lv7, Sandslash Lv7
#533 (GEMELAS TITA-LIN)@23F57C - Scizor Lv28, Torchic Lv28
#534 (JOVEN FLAVIO)@23F5A4 - Beautifly Lv33, Vulpix Lv33, Poochyena Lv34
#535 (MOTORISTA LOREN)@23F5CC - Kabutops Lv22, Sunflora Lv22, Chansey Lv23
#536 (MOTORISTA JARO)@23F5F4 - Delibird Lv24, Electrode Lv24
#537 (TEAM ROCKET SOLDADO)@23F61C - Nidoking Lv37, Entei Lv37
#538 (TEAM ROCKET SOLDADO)@23F644 - Tentacruel Lv35, Kabutops Lv35, Nidoking Lv35, Ampharos Lv35
#539 (TEAM ROCKET SOLDADO)@23F66C - Dewgong Lv38, Pelipper Lv38, Muk Lv38
#540 (TEAM ROCKET SOLDADO)@23F694 - Persian Lv48, Grumpig Lv48, Slowbro Lv48
#541 (TEAM ROCKET SOLDADO)@23F6BC - Raichu Lv48, Wobbuffet Lv48, Quagsire Lv48
#542 (TEAM ROCKET SOLDADO)@23F6E4 - Medicham Lv49, Blastoise Lv49
#543 (TEAM ROCKET ADMIN)@23F70C - Medicham Lv52, Wigglytuff Lv53, Jumpluff Lv54
#544 (TEAM ROCKET ADMIN)@23F734 - Sableye Lv53, Magmar Lv54, Whiscash Lv55
#545 (CIENTÍFICO GIL)@23F75C - Articuno Lv46, Golduck Lv46, Wobbuffet Lv46, Medicham Lv46, Banette Lv46
#546 (NADADORA AMARA)@23F784 - Parasect Lv36, Blastoise Lv36, Raichu Lv36
#547 (NADADORA MIRIAM)@23F7AC - Sneasel Lv37, Crobat Lv37
#548 (NADADORA ADELA)@23F7D4 - Luvdisc Lv35, Dewgong Lv36, Nosepass Lv37
#549 (NADADOR AMARO)@23F7FC - Yanma Lv38
#550 (NADADOR MONTI)@23F824 - Swampert Lv35, Blissey Lv35, Clefable Lv38
#551 (PESCADOR TOMI)@23F84C - Unown Lv33, Gorebyss Lv33, Dodrio Lv35, Clefable Lv35, Azumarill Lv35
#552 (CHICA FUERTE TANIA)@23F874 - Vileplume@CINT. NEGRO Lv38, Dodrio@CINT. NEGRO Lv38
#553 (KARATEKA SHEA)@23F89C - Charizard@CINT. NEGRO Lv38, Tentacruel@CINT. NEGRO Lv38
#554 (KARATEKA HUGO)@23F8C4 - Kangaskhan@CINT. NEGRO Lv37, Relicanth@CINT. NEGRO Lv37
#555 (CAMPISTA SUSO)@23F8EC - Umbreon Lv36, Skarmory Lv36, Cacturne Lv36
#556 (DOMINGUERA ISA)@23F914 - Dusclops Lv35, Altaria Lv35, Rapidash Lv35, Camerupt Lv35
#557 (DÚO FUERTE FER-PÍA)@23F93C - Rapidash@CINT. NEGRO Lv39, Ursaring@CINT. NEGRO Lv39
#558 (SRTA. AROMA VIOLETA)@23F964 - Gardevoir Lv36, Huntail Lv36, Slowking Lv36
#559 (PLAYERA ALEXA)@23F98C - Krabby Lv34, Rattata Lv34, Wobbuffet Lv34, Umbreon Lv34
#560 (GEMELAS FELI-MATI)@23F9B4 - Gardevoir Lv37, Steelix Lv37
#561 (NADADORA TALÍA)@23F9DC - Armaldo Lv38
#562 (PINTORA ANABEL)@23FA04 - Ludicolo Lv50
#563 (PINTORA RANIA)@23FA2C - Gardevoir Lv50
#564 (DAMISELA GALENIA)@23FA54 - Poliwrath@POLVOESTELAR Lv47, Jirachi@POLVOESTELAR Lv48, Weezing@PEPITA Lv49
#565 (JOVEN DIEGO)@23FA7C - Sableye Lv48, Venusaur Lv48
#566 (NADADOR TANIO)@23FAA4 - Kangaskhan Lv48, Beautifly Lv48, Xatu Lv48
#567 (TEAM ROCKET SOLDADO)@23FACC - Flygon Lv48, Shiftry Lv48, Exeggutor Lv48
#568 (TEAM ROCKET SOLDADO)@23FAF4 - Grumpig Lv49, Kingler Lv49
#569 (TEAM ROCKET SOLDADO)@23FB1C - Blissey Lv48, Hitmonlee Lv48, Masquerain Lv48
#570 (ORNITÓLOGO MILO)@23FB44 - Fearow Lv47, Misdreavus Lv49
#571 (ORNITÓLOGO TEO)@23FB6C - Primeape Lv47, Electrode Lv49
#572 (ORNITÓLOGO HORACIO)@23FB94 - Nidoqueen Lv47, Nidoking Lv49
#573 (PESCADOR TONIO)@23FBBC - Delcatty Lv49, Ninetales Lv49
#574 (NADADOR JUAN)@23FBE4 - Raticate Lv49, Dugtrio Lv49
#575 (NADADORA NICOLASA)@23FC0C - Houndoom Lv50
#576 (HERMANOS ALI-ROS)@23FC34 - Kabutops Lv50, Huntail Lv50
#577 (SRTA. AROMA ROSA)@23FC5C - Camerupt Lv49, Castform Lv49
#578 (NADADOR SAMEL)@23FC84 - Poliwrath Lv50
#579 (NADADORA DESIRÉ)@23FCAC - Fearow Lv49, Flygon Lv49
#580 (GEMELAS MARU-MÍA)@23FCD4 - Moltres Lv50, Masquerain Lv50
#581 (MONTAÑERO VÍCTOR)@23FCFC - Swalot Lv49, Minun Lv49
#582 (RUINAMANÍACO FAUSTO)@23FD24 - Ninetales Lv50
#583 (RUINAMANÍACO LEANDRO)@23FD4C - Ledian Lv49, Rhydon Lv49
#584 (MONTAÑERO CIPRI)@23FD74 - Gengar Lv50
#585 (POKéMANÍACO HÉCTOR)@23FD9C - Seaking Lv49, Tropius Lv49
#586 (MÉDIUM FERMÍN)@23FDC4 - Tangela Lv52
#587 (MÉDIUM ROSANA)@23FDEC - Kabutops Lv48, Lapras Lv48, Dewgong Lv50
#588 (SRTA. AROMA JAZMÍN)@23FE14 - Medicham Lv50, Furret Lv50
#589 (PAREJA JOVEN ELE-RUS)@23FE3C - Muk Lv50, Groudon Lv50
#590 (MALABARISTA MARIANO)@23FE64 - Butterfree Lv47, Medicham Lv47, Hitmonlee Lv47, Ditto Lv47
#591 (CHICA FUERTE CECILIA)@23FE8C - Zangoose@CINT. NEGRO Lv48, Typhlosion@CINT. NEGRO Lv48, Celebi@CINT. NEGRO Lv48
#592 (CHICA FUERTE CESARINA)@23FEB4 - Umbreon@CINT. NEGRO Lv38, Electrode@CINT. NEGRO Lv38
#593 (DOMADOR BLASCO)@23FEDC - Meganium Lv48, Venusaur Lv48, Dragonite Lv49
#594 (POKéMANÍACO MARCO)@23FF04 - Illumise Lv33, Qwilfish Lv33
#595 (POKéGUARDA GONZALO)@23FF2C - Tauros Lv37, Swampert Lv40
#596 (POKéGUARDA JOAQUÍN)@23FF54 - Camerupt Lv49, Girafarig Lv49, Kyogre Lv49
#597 (POKéGUARDA BEATRIZ)@23FF7C - Ninetales Lv38, Pelipper Lv38, Kangaskhan Lv38
#598 (POKéGUARDA CATALINA)@23FFA4 - Golem Lv52
#599 (ENTRE. GUAY LORENZO)@23FFCC - Aerodactyl Lv47, Articuno Lv48, Steelix Lv47, Banette Lv48, Dugtrio Lv50
#600 (ENTRE. GUAY MICAELA)@23FFF4 - Seviper Lv47, Entei Lv47, Shiftry Lv48, Charizard Lv48, Blastoise Lv50
#601 (PAREJA GUAY LINO-ABA)@24001C - Magcargo Lv52, Furret Lv52
#602 (RUINAMANÍACO BARTOLO)@240044 - Salamence Lv50
#603 (RUINAMANÍACO BENJAMÍN)@24006C - Snorlax Lv48, Hypno Lv48, Muk Lv48
#604 (PINTORA ELSA)@240094 - Fearow Lv50
#605 (CABALLERO CLEN)@2400BC - Shedinja Lv49, Jirachi Lv49
#606 (DAMISELA CONSU)@2400E4 - Blaziken@PEPITA Lv49, Latias@PEPITA Lv49
#607 (RUINAMANÍACO LENI)@24010C - Jynx Lv47, Unown Lv48, Kingdra Lv49
#608 (MÉDIUM LAURA)@240134 - Exploud Lv48, Hitmonlee Lv48, Golduck Lv49
#609 (CRIAPOKéMON MARISA)@24015C - Slaking Lv50
#610 (CRIAPOKéMON ARACELI)@240184 - Kecleon Lv48, Primeape Lv48, Lanturn Lv48
#611 (CAZABICHOS GABRIEL)@2401AC - Venomoth Lv49
#612 (CAZABICHOS JONÁS)@2401D4 - Ledian Lv45, Claydol Lv45, Typhlosion Lv46, Jynx Lv47
#613 (CAZABICHOS VAN)@2401FC - Primeape Lv48, Tyranitar Lv48
#614 (JOVEN NEMO)@240224 - Grumpig Lv47, Weezing Lv47, Crobat Lv49
#615 (JOVEN JUACO)@24024C - Rhydon Lv48, Stantler Lv48
#616 (CHICA DALILA)@240274 - Raichu Lv46, Sandslash Lv47, Swalot Lv47, Ampharos Lv48
#617 (CHICA SONIA)@24029C - Minun Lv49
#618 (CAMPISTA RAÚL)@2402C4 - Hypno Lv49, Ampharos Lv50
#619 (DOMINGUERA MARCELA)@2402EC - Piloswine Lv48, Beedrill Lv48, Granbull Lv49
#620 (RUINAMANÍACO LANTEO)@240314 - Ditto Lv48, Ninjask Lv48, Beedrill Lv48
#621 (DOMINGUERA ELIA)@24033C - Qwilfish Lv21, Donphan Lv21
#622 (DOMINGUERA ELIA)@240364 - Wobbuffet Lv29, Venonat Lv29
#623 (DOMINGUERA ELIA)@24038C - Dustox Lv49, Walrein Lv49
#624 (CAMPISTA RICHI)@2403B4 - Meditite Lv22
#625 (CAMPISTA RICHI)@2403DC - Victreebel Lv30
#626 (CAMPISTA RICHI)@240404 - Arbok Lv55
#627 (CAMPISTA GENARO)@24042C - Metagross Lv21, Umbreon Lv21
#628 (CAMPISTA GENARO)@240454 - Tauros Lv29, Charizard Lv29
#629 (CAMPISTA GENARO)@24047C - Gardevoir Lv54, Vaporeon Lv54
#630 (DOMINGUERA CHÍO)@2404A4 - Poliwhirl Lv21, Tauros Lv21, Blaziken Lv18
#631 (DOMINGUERA CHÍO)@2404CC - Relicanth Lv29, Lileep Lv29, Wynaut Lv26
#632 (DOMINGUERA CHÍO)@2404F4 - Electabuzz Lv47, Granbull Lv47, Minun Lv50
#633 (JOVEN YASU)@24051C - Kyogre Lv22, Machop Lv22, Rayquaza Lv22
#634 (JOVEN YASU)@240544 - Grumpig Lv47, Swellow Lv47, Whiscash Lv47
#635 (MECÁNICO BERNARDO)@24056C - Growlithe Lv28, Electabuzz Lv28, Shelgon Lv28
#636 (JUGÓN DARIAN)@240594 - Tentacruel Lv29, Slowbro Lv29
#637 (CAMPISTA CRIS)@2405BC - Houndoom Lv24, Hariyama Lv24
#638 (CAMPISTA CRIS)@2405E4 - Granbull Lv29, Sneasel Lv29
#639 (CAMPISTA CRIS)@24060C - Tauros Lv54, Dodrio Lv54
#640 (DOMINGUERA NELI)@240634 - Pikachu Lv25
#641 (DOMINGUERA NELI)@24065C - Ivysaur Lv30
#642 (DOMINGUERA NELI)@240684 - Xatu Lv55
#643 (MONTAÑERO ADOLFO)@2406AC - Shellder Lv30, Spheal Lv28
#644 (POKéMANÍACO MARCO)@2406D4 - Grumpig Lv54, Seaking Lv54
#645 (POKéMANÍACO HERNANDO)@2406FC - Meowth Lv29, Omanyte Lv29
#646 (POKéMANÍACO HERNANDO)@240724 - Girafarig Lv54, Quagsire Lv54
#647 (MONTAÑERO TARSI)@24074C - Marshtomp Lv31, Deoxys Lv31
#648 (CHICA VEVA)@240774 - Primeape Lv22, Milotic Lv22, Gorebyss Lv23, Slowbro Lv21, Venusaur Lv22
#649 (CHICA VEVA)@24079C - Gorebyss Lv46, Venomoth Lv47, Exploud Lv47, Parasect Lv47, Dustox Lv48
#650 (SUPERNECIO LADIS)@2407C4 - Delcatty Lv28, Magmar Lv28, Misdreavus Lv28
#651 (JUGÓN NORBER)@2407EC - Meditite Lv30, Manectric Lv30
#652 (MOTORISTA JARO)@240814 - Lickitung Lv28, Ivysaur Lv30
#653 (PESCADOR ELOY)@24083C - Sableye Lv28, Ampharos Lv28, Chikorita Lv28, Masquerain Lv28
#654 (ROCKERO MONE)@240864 - Drowzee Lv33, Delibird Lv33
#655 (BELLA SOL)@24088C - Primeape Lv49, Feraligatr Lv49
#656 (ORNITÓLOGO ROBERTO)@2408B4 - Mew Lv28, Kecleon Lv28, Huntail Lv28, Espeon Lv28
#657 (ORNITÓLOGO ROBERTO)@2408DC - Milotic Lv47, Umbreon Lv47, Weezing Lv47, Aipom Lv47
#658 (DOMINGUERA SUSI)@240904 - Scyther Lv27, Slaking Lv27, Pidgeot Lv27, Mew Lv27, Gulpin Lv27
#659 (DOMINGUERA SUSI)@24092C - Deoxys Lv47, Lunatone Lv47, Butterfree Lv47, Slaking Lv47, Nidoking Lv47
#660 (DOMINGUERA SUSI)@240954 - Weezing Lv52, Octillery Lv52, Sudowoodo Lv52, Donphan Lv52, Azumarill Lv52
#661 (MOTORISTA LUCIO)@24097C - Alakazam Lv47, Nidoking Lv47, Beautifly Lv47, Cradily Lv47
#662 (ORNITÓLOGO BENI)@2409A4 - Sandslash Lv32, Groudon Lv32
#663 (ORNITÓLOGO BENI)@2409CC - Nidoqueen Lv49, Donphan Lv49
#664 (ORNITÓLOGO MAURO)@2409F4 - Jumpluff Lv30, Hoothoot Lv30, Cradily Lv30
#665 (ORNITÓLOGO MAURO)@240A1C - Swellow Lv48, Clefable Lv48, Entei Lv48
#666 (BELLA GRACIA)@240A44 - Swellow Lv49, Tyranitar Lv49
#667 (ORNITÓLOGO CELSO)@240A6C - Grumpig Lv30, Wingull Lv30, Tyrogue Lv30
#668 (ORNITÓLOGO CELSO)@240A94 - Qwilfish Lv48, Kangaskhan Lv48, Hitmontop Lv48
#669 (DOMINGUERA BETINA)@240ABC - Sealeo Lv32, Sunflora Lv32
#670 (DOMINGUERA BETINA)@240AE4 - Arcanine Lv49, Lapras Lv49
#671 (DOMINGUERA BETINA)@240B0C - Exploud Lv54, Sceptile Lv54
#672 (DÚO FUERTE TIN-TINA)@240B34 - Regice@CINT. NEGRO Lv33, Xatu@CINT. NEGRO Lv33
#673 (DÚO FUERTE TIN-TINA)@240B5C - Whiscash@CINT. NEGRO Lv51, Absol@CINT. NEGRO Lv51
#674 (DÚO FUERTE TIN-TINA)@240B84 - Linoone@CINT. NEGRO Lv56, Crawdaunt@CINT. NEGRO Lv56
#675 (MOTORISTA RUBÉN)@240BAC - Ledian Lv48, Octillery Lv48, Minun Lv48
#676 (CALVO CADEL)@240BD4 - Dragonite Lv49, Smeargle Lv49
#677 (MOTORISTA JULIO)@240BFC - Shiftry Lv49, Politoed Lv49
#678 (CALVO ISAÍAS)@240C24 - Kabutops Lv49, Butterfree Lv49
#679 (CALVO CEFE)@240C4C - Salamence Lv49, Machamp Lv49
#680 (ORNITÓLOGO JACOBO)@240C74 - Diglett Lv28, Drowzee Lv28, Onix Lv28, Pikachu Lv28
#681 (ORNITÓLOGO JACOBO)@240C9C - Sceptile Lv47, Ampharos Lv47, Glalie Lv47, Sableye Lv47
#682 (NADADORA ALICIA)@240CC4 - Regice Lv49, Luvdisc Lv49
#683 (NADADOR DARÍO)@240CEC - Starmie Lv52, Relicanth Lv52, Clefable Lv52, Ariados Lv52
#684 (DOMINGUERA MERCE)@240D14 - Exeggutor Lv49, Aggron Lv49
#685 (DOMINGUERA MERCE)@240D3C - Wobbuffet Lv54, Ariados Lv54
#686 (PESCADOR GUIDO)@240D64 - Scizor Lv47, Meganium Lv47, Torkoal Lv47, Donphan Lv47, Articuno Lv47, Nidoqueen Lv47
#687 (NADADOR OMAR)@240D8C - Meganium Lv50
#688 (HERMANOS ÍA-IGOR)@240DB4 - Pinsir Lv50, Sandslash Lv50
#689 (HERMANOS ÍA-IGOR)@240DDC - Dragonite Lv55, Dodrio Lv55
#690 (NADADOR AMARO)@240E04 - Smeargle Lv50
#691 (CHICA FUERTE SILVANA)@240E2C - Meganium@CINT. NEGRO Lv50, Tentacruel@CINT. NEGRO Lv50
#692 (CHICA FUERTE SILVANA)@240E54 - Flygon@CINT. NEGRO Lv55, Pinsir@CINT. NEGRO Lv55
#693 (CHICA FUERTE TANIA)@240E7C - Walrein@CINT. NEGRO Lv50, Aggron@CINT. NEGRO Lv50
#694 (CHICA FUERTE TANIA)@240EA4 - Slaking@CINT. NEGRO Lv55, Kingdra@CINT. NEGRO Lv55
#695 (KARATEKA SHEA)@240ECC - Absol@CINT. NEGRO Lv50, Regirock@CINT. NEGRO Lv50
#696 (KARATEKA SHEA)@240EF4 - Feraligatr@CINT. NEGRO Lv55, Gardevoir@CINT. NEGRO Lv55
#697 (KARATEKA HUGO)@240F1C - Seaking@CINT. NEGRO Lv50, Latias@CINT. NEGRO Lv50
#698 (KARATEKA HUGO)@240F44 - Fearow@CINT. NEGRO Lv55, Gardevoir@CINT. NEGRO Lv55
#699 (DÚO FUERTE FER-PÍA)@240F6C - Politoed@CINT. NEGRO Lv51, Blaziken@CINT. NEGRO Lv51
#700 (DÚO FUERTE FER-PÍA)@240F94 - Tangela@CINT. NEGRO Lv56, Machamp@CINT. NEGRO Lv56
#701 (PLAYERA PIZPI)@240FBC - Masquerain Lv47, Jynx Lv47, Dragonite Lv47
#702 (GEMELAS FELI-MATI)@240FE4 - Ludicolo Lv49, Raticate Lv49
#703 (PINTORA RANIA)@24100C - Grumpig Lv54
#704 (JOVEN DIEGO)@241034 - Gengar Lv53, Huntail Lv53
#705 (CRIAPOKéMON FLOR)@24105C - Breloom Lv53, Latias Lv53, Golduck Lv53
#706 (PAREJA JOVEN AGA-ARE)@241084 - Magcargo Lv30, Dunsparce Lv30
#707 (PAREJA JOVEN AGA-ARE)@2410AC - Jirachi Lv55, Vileplume Lv55
#708 (ORNITÓLOGO MILO)@2410D4 - Jolteon Lv53, Delibird Lv55
#709 (ORNITÓLOGO TEO)@2410FC - Hitmonchan Lv53, Scizor Lv55
#710 (ORNITÓLOGO HORACIO)@241124 - Claydol Lv53, Groudon Lv55
#711 (NADADORA NICOLASA)@24114C - Manectric Lv54
#712 (MÉDIUM JACINTA)@241174 - Zangoose Lv52, Jynx Lv52, Vileplume Lv54
#713 (NADADOR SAMEL)@24119C - Raticate Lv55
#714 (MONTAÑERO VÍCTOR)@2411C4 - Camerupt Lv54, Whiscash Lv54
#715 (RUINAMANÍACO LEANDRO)@2411EC - Gardevoir Lv54, Castform Lv54
#716 (POKéMANÍACO HÉCTOR)@241214 - Scizor Lv55, Steelix Lv55
#717 (MÉDIUM FERMÍN)@24123C - Lanturn Lv56
#718 (MÉDIUM ROSANA)@241264 - Corsola Lv53, Pidgeot Lv53, Arcanine Lv53
#719 (MALABARISTA MARIANO)@24128C - Seaking Lv52, Houndoom Lv52, Electabuzz Lv52, Blastoise Lv52
#720 (POKéGUARDA NICOLÁS)@2412B4 - Houndoom Lv55, Weezing Lv55
#721 (POKéGUARDA MIRANDA)@2412DC - Crobat Lv55, Octillery Lv55
#722 (CHICA FUERTE CECILIA)@241304 - Porygon2@CINT. NEGRO Lv54, Ninetales@CINT. NEGRO Lv54, Xatu@CINT. NEGRO Lv54
#723 (DOMADOR BLASCO)@24132C - Slaking Lv52, Seaking Lv52, Lugia Lv55
#724 (POKéGUARDA JOAQUÍN)@241354 - Golem Lv53, Noctowl Lv54, Gengar Lv55
#725 (POKéGUARDA CATALINA)@24137C - Lanturn Lv56
#726 (ENTRE. GUAY LORENZO)@2413A4 - Swellow Lv52, Furret Lv54, Blastoise Lv52, Granbull Lv52, Aggron Lv55
#727 (ENTRE. GUAY MICAELA)@2413CC - Parasect Lv53, Tangela Lv53, Nidoqueen Lv54, Lanturn Lv54, Butterfree Lv56
#728 (PAREJA GUAY LINO-ABA)@2413F4 - Ampharos Lv57, Crawdaunt Lv57
#729 (CAZABICHOS CORNELIO)@24141C - Corphish Lv19, Scyther Lv19, Jigglypuff Lv19
#730 (CAZABICHOS CORNELIO)@241444 - Kabutops Lv27, Mewtwo Lv27, Breloom Lv27
#731 (CAZABICHOS CORNELIO)@24146C - Nidoqueen Lv51, Sandslash Lv54, Ho-Oh Lv51
#732 (NADADOR MATEO)@241494 - Forretress Lv49, Salamence Lv49
#733 (NADADOR TONI)@2414BC - Espeon Lv49, Meganium Lv49
#734 (NADADORA MELISA)@2414E4 - Aggron Lv49, Ampharos Lv49
#735 (ALTO MANDO LORELEI)@24150C - Flygon Lv64, Octillery Lv63, Espeon Lv63, Grumpig Lv66, Kecleon@BAYA ZREZA Lv66
#736 (ALTO MANDO BRUNO)@241534 - Claydol Lv65, Ho-Oh Lv65, Xatu Lv65, Sceptile Lv66, Dunsparce@BAYA CAQUIC Lv68
#737 (ALTO MANDO AGATHA)@24155C - Regice Lv66, Dunsparce Lv66, Wobbuffet Lv65, Claydol Lv68, Fearow@BAYA ATANIA Lv70
#738 (ALTO MANDO LANCE)@241584 - Milotic Lv68, Castform Lv66, Quagsire Lv66, Suicune Lv70, Primeape@BAYA CAQUIC Lv72
#739 (CAMPEÓN TEREN)@2415AC - Ariados Lv72, Dewgong Lv73, Noctowl Lv72, Parasect Lv73, Crobat Lv73, Jolteon@BAYA ZIDRA Lv75
#740 (CAMPEÓN TEREN)@2415D4 - Arcanine Lv72, Raichu Lv73, Tentacruel Lv72, Forretress Lv73, Rapidash Lv73, Blaziken@BAYA ZIDRA Lv75
#741 (CAMPEÓN TEREN)@2415FC - Raichu Lv72, Gorebyss Lv73, Nidoking Lv72, Crobat Lv73, Piloswine Lv73, Beautifly@BAYA ZIDRA Lv75
#742 (CALVO GUILLE)@241624 - Houndoom Lv39, Granbull Lv39

--Static Pokemon--
Eevee => Larvitar
Hitmonlee => Ledian
Hitmonchan => Pikachu
Electrode => Gardevoir
Electrode(2) => Venonat
Zapdos => Phanpy
Articuno => Bulbasaur
Moltres => Seadra
Mewtwo => Arbok
Snorlax => Kabutops
Snorlax(2) => Cloyster
Hypno => Meganium
Deoxys => Paras
Ho-Oh => Gengar
Lugia => Blaziken
Aerodactyl => Delibird
Omanyte => Beedrill
Kabuto => Golem
Lapras => Regice
Magikarp => Wailmer
Abra => Granbull
Clefairy => Tyranitar
Scyther => Raichu
Dratini => Umbreon
Porygon => Kadabra

--Wild Pokemon--
Set #1 - CÁMARA ANÉMUNA Grass/Cave (rate=7)
Forretress Lv25          HP 75  ATK 90  DEF 140 SPATK 60  SPDEF 60  SPEED 40 
Regice Lv25              HP 80  ATK 50  DEF 100 SPATK 100 SPDEF 200 SPEED 50 
Weezing Lv25             HP 65  ATK 90  DEF 120 SPATK 85  SPDEF 70  SPEED 60 
Absol Lv25               HP 65  ATK 130 DEF 60  SPATK 75  SPDEF 60  SPEED 75 
Wurmple Lv25             HP 45  ATK 45  DEF 35  SPATK 20  SPDEF 30  SPEED 20 
Grimer Lv25              HP 80  ATK 80  DEF 50  SPATK 40  SPDEF 50  SPEED 25 
Primeape Lv25            HP 65  ATK 105 DEF 60  SPATK 60  SPDEF 70  SPEED 95 
Medicham Lv25            HP 60  ATK 60  DEF 75  SPATK 60  SPDEF 75  SPEED 80 
Solrock Lv25             HP 90  ATK 95  DEF 85  SPATK 55  SPDEF 65  SPEED 70 
Parasect Lv25            HP 60  ATK 95  DEF 80  SPATK 60  SPDEF 80  SPEED 30 
Articuno Lv25            HP 90  ATK 85  DEF 100 SPATK 95  SPDEF 125 SPEED 85 
Murkrow Lv25             HP 60  ATK 85  DEF 42  SPATK 85  SPDEF 42  SPEED 91 

Set #2 - CÁMARA TULIPDOS Grass/Cave (rate=7)
Ariados Lv25             HP 70  ATK 90  DEF 70  SPATK 60  SPDEF 70  SPEED 40 
Entei Lv25               HP 115 ATK 115 DEF 85  SPATK 90  SPDEF 75  SPEED 100
Taillow Lv25             HP 40  ATK 55  DEF 30  SPATK 30  SPDEF 30  SPEED 85 
Wailmer Lv25             HP 130 ATK 70  DEF 35  SPATK 70  SPDEF 35  SPEED 60 
Zubat Lv25               HP 40  ATK 45  DEF 35  SPATK 30  SPDEF 40  SPEED 55 
Taillow Lv25             HP 40  ATK 55  DEF 30  SPATK 30  SPDEF 30  SPEED 85 
Larvitar Lv25            HP 50  ATK 64  DEF 50  SPATK 45  SPDEF 50  SPEED 41 
Altaria Lv25             HP 75  ATK 70  DEF 90  SPATK 70  SPDEF 105 SPEED 80 
Arcanine Lv25            HP 90  ATK 110 DEF 80  SPATK 100 SPDEF 80  SPEED 95 
Shedinja Lv25            HP 1   ATK 90  DEF 45  SPATK 30  SPDEF 30  SPEED 40 
Tauros Lv25              HP 75  ATK 100 DEF 95  SPATK 40  SPDEF 70  SPEED 110
Mew Lv25                 HP 100 ATK 100 DEF 100 SPATK 100 SPDEF 100 SPEED 100

Set #3 - CÁMARA TRISANTE Grass/Cave (rate=7)
Slakoth Lv25             HP 60  ATK 60  DEF 60  SPATK 35  SPDEF 35  SPEED 30 
Hitmontop Lv25           HP 50  ATK 95  DEF 95  SPATK 35  SPDEF 110 SPEED 70 
Clefable Lv25            HP 95  ATK 70  DEF 73  SPATK 95  SPDEF 90  SPEED 60 
Pidgeot Lv25             HP 83  ATK 80  DEF 75  SPATK 70  SPDEF 70  SPEED 101
Vileplume Lv25           HP 75  ATK 80  DEF 85  SPATK 110 SPDEF 90  SPEED 50 
Trapinch Lv25            HP 45  ATK 100 DEF 45  SPATK 45  SPDEF 45  SPEED 10 
Pidgeotto Lv25           HP 63  ATK 60  DEF 55  SPATK 50  SPDEF 50  SPEED 71 
Furret Lv25              HP 85  ATK 76  DEF 64  SPATK 45  SPDEF 55  SPEED 90 
Ninjask Lv25             HP 61  ATK 90  DEF 45  SPATK 50  SPDEF 50  SPEED 160
Regirock Lv25            HP 80  ATK 100 DEF 200 SPATK 50  SPDEF 100 SPEED 50 
Growlithe Lv25           HP 55  ATK 70  DEF 45  SPATK 70  SPDEF 50  SPEED 60 
Marshtomp Lv25           HP 70  ATK 85  DEF 70  SPATK 60  SPDEF 70  SPEED 50 

Set #4 - CÁMARA QUARCISO Grass/Cave (rate=7)
Pupitar Lv25             HP 70  ATK 84  DEF 70  SPATK 65  SPDEF 70  SPEED 51 
Noctowl Lv25             HP 100 ATK 50  DEF 50  SPATK 86  SPDEF 96  SPEED 70 
Blissey Lv25             HP 255 ATK 10  DEF 10  SPATK 75  SPDEF 135 SPEED 55 
Exploud Lv25             HP 104 ATK 91  DEF 63  SPATK 91  SPDEF 73  SPEED 68 
Spearow Lv25             HP 40  ATK 60  DEF 30  SPATK 31  SPDEF 31  SPEED 70 
Ho-Oh Lv25               HP 106 ATK 130 DEF 90  SPATK 110 SPDEF 154 SPEED 90 
Dragonite Lv25           HP 91  ATK 134 DEF 95  SPATK 100 SPDEF 100 SPEED 80 
Linoone Lv25             HP 78  ATK 70  DEF 61  SPATK 50  SPDEF 61  SPEED 100
Gorebyss Lv25            HP 55  ATK 84  DEF 105 SPATK 114 SPDEF 75  SPEED 52 
Nincada Lv25             HP 31  ATK 45  DEF 90  SPATK 30  SPDEF 30  SPEED 40 
Vibrava Lv25             HP 50  ATK 70  DEF 50  SPATK 50  SPDEF 50  SPEED 70 
Bellsprout Lv25          HP 50  ATK 75  DEF 35  SPATK 70  SPDEF 30  SPEED 40 

Set #5 - CÁMARA HIBINCA Grass/Cave (rate=7)
Machamp Lv25             HP 90  ATK 130 DEF 80  SPATK 65  SPDEF 85  SPEED 55 
Exploud Lv25             HP 104 ATK 91  DEF 63  SPATK 91  SPDEF 73  SPEED 68 
Raikou Lv25              HP 90  ATK 85  DEF 75  SPATK 115 SPDEF 100 SPEED 115
Aerodactyl Lv25          HP 80  ATK 105 DEF 65  SPATK 60  SPDEF 75  SPEED 130
Makuhita Lv25            HP 72  ATK 60  DEF 30  SPATK 20  SPDEF 30  SPEED 25 
Stantler Lv25            HP 73  ATK 95  DEF 62  SPATK 85  SPDEF 65  SPEED 85 
Porygon Lv25             HP 65  ATK 60  DEF 70  SPATK 85  SPDEF 75  SPEED 40 
Dragonair Lv25           HP 61  ATK 84  DEF 65  SPATK 70  SPDEF 70  SPEED 70 
Nidorino Lv25            HP 61  ATK 72  DEF 57  SPATK 55  SPDEF 55  SPEED 65 
Registeel Lv25           HP 80  ATK 75  DEF 150 SPATK 75  SPDEF 150 SPEED 50 
Lunatone Lv25            HP 90  ATK 55  DEF 65  SPATK 95  SPDEF 85  SPEED 70 
Growlithe Lv25           HP 55  ATK 70  DEF 45  SPATK 70  SPDEF 50  SPEED 60 

Set #6 - CÁMARA SEIRIS Grass/Cave (rate=7)
Linoone Lv25             HP 78  ATK 70  DEF 61  SPATK 50  SPDEF 61  SPEED 100
Igglybuff Lv25           HP 90  ATK 30  DEF 15  SPATK 40  SPDEF 20  SPEED 15 
Persian Lv25             HP 65  ATK 70  DEF 60  SPATK 65  SPDEF 65  SPEED 115
Seel Lv25                HP 65  ATK 45  DEF 55  SPATK 45  SPDEF 70  SPEED 45 
Poliwhirl Lv25           HP 65  ATK 65  DEF 65  SPATK 50  SPDEF 50  SPEED 90 
Aipom Lv25               HP 55  ATK 70  DEF 55  SPATK 40  SPDEF 55  SPEED 85 
Jynx Lv25                HP 65  ATK 50  DEF 35  SPATK 115 SPDEF 95  SPEED 95 
Ludicolo Lv25            HP 80  ATK 70  DEF 70  SPATK 90  SPDEF 100 SPEED 70 
Flareon Lv25             HP 65  ATK 130 DEF 60  SPATK 95  SPDEF 110 SPEED 65 
Magneton Lv25            HP 50  ATK 60  DEF 95  SPATK 120 SPDEF 70  SPEED 70 
Vaporeon Lv25            HP 130 ATK 65  DEF 60  SPATK 110 SPDEF 95  SPEED 65 
Dratini Lv25             HP 41  ATK 64  DEF 45  SPATK 50  SPDEF 50  SPEED 50 

Set #7 - CÁMARA PASIETE Grass/Cave (rate=7)
Dodrio Lv25              HP 60  ATK 110 DEF 70  SPATK 60  SPDEF 60  SPEED 110
Porygon Lv25             HP 65  ATK 60  DEF 70  SPATK 85  SPDEF 75  SPEED 40 
Hoppip Lv25              HP 35  ATK 35  DEF 40  SPATK 35  SPDEF 55  SPEED 50 
Altaria Lv25             HP 75  ATK 70  DEF 90  SPATK 70  SPDEF 105 SPEED 80 
Aggron Lv25              HP 70  ATK 110 DEF 180 SPATK 60  SPDEF 60  SPEED 50 
Misdreavus Lv25          HP 60  ATK 60  DEF 60  SPATK 85  SPDEF 85  SPEED 85 
Corphish Lv25            HP 43  ATK 80  DEF 65  SPATK 50  SPDEF 35  SPEED 35 
Growlithe Lv25           HP 55  ATK 70  DEF 45  SPATK 70  SPDEF 50  SPEED 60 
Wingull Lv25             HP 40  ATK 30  DEF 30  SPATK 55  SPDEF 30  SPEED 85 
Minun Lv25               HP 60  ATK 40  DEF 50  SPATK 75  SPDEF 85  SPEED 95 
Ursaring Lv25            HP 90  ATK 130 DEF 75  SPATK 75  SPDEF 75  SPEED 55 
Manectric Lv25           HP 70  ATK 75  DEF 60  SPATK 105 SPDEF 60  SPEED 105

Set #8 - BOSQUE VERDE Grass/Cave (rate=14)
Lapras Lv4               HP 130 ATK 85  DEF 80  SPATK 85  SPDEF 95  SPEED 60 
Ivysaur Lv4              HP 60  ATK 62  DEF 63  SPATK 80  SPDEF 80  SPEED 60 
Glalie Lv5               HP 80  ATK 80  DEF 80  SPATK 80  SPDEF 80  SPEED 80 
Numel Lv5                HP 60  ATK 60  DEF 40  SPATK 65  SPDEF 45  SPEED 35 
Phanpy Lv3               HP 90  ATK 60  DEF 60  SPATK 40  SPDEF 40  SPEED 40 
Aerodactyl Lv3           HP 80  ATK 105 DEF 65  SPATK 60  SPDEF 75  SPEED 130
Gorebyss Lv5             HP 55  ATK 84  DEF 105 SPATK 114 SPDEF 75  SPEED 52 
Ponyta Lv5               HP 50  ATK 85  DEF 55  SPATK 65  SPDEF 65  SPEED 90 
Nidoqueen Lv4            HP 90  ATK 92  DEF 87  SPATK 75  SPDEF 85  SPEED 76 
Chansey Lv3              HP 250 ATK 5   DEF 5   SPATK 35  SPDEF 105 SPEED 50 
Abra Lv6                 HP 25  ATK 20  DEF 15  SPATK 105 SPDEF 55  SPEED 90 
Spinda Lv5               HP 60  ATK 60  DEF 60  SPATK 60  SPDEF 60  SPEED 60 

Set #9 - MT. MOON Grass/Cave (rate=7)
Porygon2 Lv7             HP 85  ATK 80  DEF 90  SPATK 105 SPDEF 95  SPEED 60 
Grovyle Lv8              HP 50  ATK 65  DEF 45  SPATK 85  SPDEF 65  SPEED 95 
Primeape Lv7             HP 65  ATK 105 DEF 60  SPATK 60  SPDEF 70  SPEED 95 
Swalot Lv9               HP 100 ATK 73  DEF 83  SPATK 73  SPDEF 83  SPEED 55 
Venonat Lv10             HP 60  ATK 55  DEF 50  SPATK 40  SPDEF 55  SPEED 45 
Shellder Lv8             HP 30  ATK 65  DEF 100 SPATK 45  SPDEF 25  SPEED 40 
Omastar Lv9              HP 70  ATK 60  DEF 125 SPATK 115 SPDEF 70  SPEED 55 
Salamence Lv8            HP 95  ATK 135 DEF 80  SPATK 110 SPDEF 80  SPEED 100
Beldum Lv7               HP 40  ATK 55  DEF 80  SPATK 35  SPDEF 60  SPEED 30 
Scyther Lv7              HP 70  ATK 110 DEF 80  SPATK 55  SPDEF 80  SPEED 105
Glalie Lv7               HP 80  ATK 80  DEF 80  SPATK 80  SPDEF 80  SPEED 80 
Arcanine Lv8             HP 90  ATK 110 DEF 80  SPATK 100 SPDEF 80  SPEED 95 

Set #10 - MT. MOON Grass/Cave (rate=5)
Sandslash Lv7            HP 75  ATK 100 DEF 110 SPATK 45  SPDEF 55  SPEED 65 
Gulpin Lv8               HP 70  ATK 43  DEF 53  SPATK 43  SPDEF 53  SPEED 40 
Camerupt Lv5             HP 70  ATK 100 DEF 70  SPATK 105 SPDEF 75  SPEED 40 
Seel Lv6                 HP 65  ATK 45  DEF 55  SPATK 45  SPDEF 70  SPEED 45 
Snubbull Lv9             HP 60  ATK 80  DEF 50  SPATK 40  SPDEF 40  SPEED 30 
Rayquaza Lv10            HP 105 ATK 150 DEF 90  SPATK 150 SPDEF 90  SPEED 95 
Whiscash Lv7             HP 110 ATK 78  DEF 73  SPATK 76  SPDEF 71  SPEED 60 
Dunsparce Lv8            HP 100 ATK 70  DEF 70  SPATK 65  SPDEF 65  SPEED 45 
Onix Lv5                 HP 35  ATK 45  DEF 160 SPATK 30  SPDEF 45  SPEED 70 
Raikou Lv6               HP 90  ATK 85  DEF 75  SPATK 115 SPDEF 100 SPEED 115
Sunkern Lv9              HP 30  ATK 30  DEF 30  SPATK 30  SPDEF 30  SPEED 30 
Abra Lv10                HP 25  ATK 20  DEF 15  SPATK 105 SPDEF 55  SPEED 90 

Set #11 - MT. MOON Grass/Cave (rate=7)
Bulbasaur Lv8            HP 45  ATK 49  DEF 49  SPATK 65  SPDEF 65  SPEED 45 
Kingdra Lv9              HP 75  ATK 95  DEF 95  SPATK 95  SPDEF 95  SPEED 85 
Sneasel Lv9              HP 55  ATK 95  DEF 55  SPATK 35  SPDEF 75  SPEED 115
Grimer Lv10              HP 80  ATK 80  DEF 50  SPATK 40  SPDEF 50  SPEED 25 
Walrein Lv10             HP 110 ATK 80  DEF 90  SPATK 95  SPDEF 90  SPEED 65 
Octillery Lv10           HP 75  ATK 105 DEF 75  SPATK 105 SPDEF 75  SPEED 45 
Meowth Lv12              HP 40  ATK 45  DEF 35  SPATK 40  SPDEF 40  SPEED 90 
Pidgeot Lv10             HP 83  ATK 80  DEF 75  SPATK 70  SPDEF 70  SPEED 101
Mr. Mime Lv11            HP 40  ATK 45  DEF 65  SPATK 100 SPDEF 120 SPEED 90 
Ekans Lv11               HP 35  ATK 60  DEF 44  SPATK 40  SPDEF 54  SPEED 55 
Houndoom Lv11            HP 75  ATK 90  DEF 50  SPATK 110 SPDEF 80  SPEED 95 
Magmar Lv12              HP 65  ATK 95  DEF 57  SPATK 100 SPDEF 85  SPEED 93 

Set #12 - S.S. ANNE Surfing (rate=1)
Plusle Lvs 5-10          HP 60  ATK 50  DEF 40  SPATK 85  SPDEF 75  SPEED 95 
Teddiursa Lvs 10-20      HP 60  ATK 80  DEF 50  SPATK 50  SPDEF 50  SPEED 40 
Beautifly Lvs 20-30      HP 60  ATK 70  DEF 50  SPATK 100 SPDEF 50  SPEED 65 
Corphish Lvs 30-35       HP 43  ATK 80  DEF 65  SPATK 50  SPDEF 35  SPEED 35 
Aron Lvs 35-40           HP 50  ATK 70  DEF 100 SPATK 40  SPDEF 40  SPEED 30 

Set #13 - S.S. ANNE Fishing (rate=10)
Armaldo Lv5              HP 75  ATK 125 DEF 100 SPATK 70  SPDEF 80  SPEED 45 
Beldum Lv5               HP 40  ATK 55  DEF 80  SPATK 35  SPDEF 60  SPEED 30 
Pidgeot Lvs 5-15         HP 83  ATK 80  DEF 75  SPATK 70  SPDEF 70  SPEED 101
Glalie Lvs 5-15          HP 80  ATK 80  DEF 80  SPATK 80  SPDEF 80  SPEED 80 
Shuppet Lvs 5-15         HP 44  ATK 75  DEF 35  SPATK 63  SPDEF 33  SPEED 45 
Seaking Lvs 15-25        HP 80  ATK 92  DEF 65  SPATK 65  SPDEF 80  SPEED 68 
Clefairy Lvs 15-25       HP 70  ATK 45  DEF 48  SPATK 60  SPDEF 65  SPEED 35 
Stantler Lvs 15-25       HP 73  ATK 95  DEF 62  SPATK 85  SPDEF 65  SPEED 85 
Nosepass Lvs 25-35       HP 30  ATK 45  DEF 135 SPATK 45  SPDEF 90  SPEED 30 
Aggron Lvs 25-35         HP 70  ATK 110 DEF 180 SPATK 60  SPDEF 60  SPEED 50 

Set #14 - CUEVA DIGLETT Grass/Cave (rate=5)
Aron Lv18                HP 50  ATK 70  DEF 100 SPATK 40  SPDEF 40  SPEED 30 
Miltank Lv19             HP 95  ATK 80  DEF 105 SPATK 40  SPDEF 70  SPEED 100
Hoothoot Lv17            HP 60  ATK 30  DEF 30  SPATK 36  SPDEF 56  SPEED 50 
Gligar Lv15              HP 65  ATK 75  DEF 105 SPATK 35  SPDEF 65  SPEED 85 
Gorebyss Lv16            HP 55  ATK 84  DEF 105 SPATK 114 SPDEF 75  SPEED 52 
Skitty Lv20              HP 50  ATK 45  DEF 45  SPATK 35  SPDEF 35  SPEED 50 
Regice Lv21              HP 80  ATK 50  DEF 100 SPATK 100 SPDEF 200 SPEED 50 
Sableye Lv22             HP 50  ATK 75  DEF 75  SPATK 65  SPDEF 65  SPEED 50 
Carvanha Lv17            HP 45  ATK 90  DEF 20  SPATK 65  SPDEF 20  SPEED 65 
Igglybuff Lv29           HP 90  ATK 30  DEF 15  SPATK 40  SPDEF 20  SPEED 15 
Barboach Lv17            HP 50  ATK 48  DEF 43  SPATK 46  SPDEF 41  SPEED 60 
Poliwrath Lv31           HP 90  ATK 95  DEF 95  SPATK 70  SPDEF 90  SPEED 70 

Set #15 - CALLE VICTORIA Grass/Cave (rate=7)
Donphan Lv32             HP 90  ATK 120 DEF 120 SPATK 60  SPDEF 60  SPEED 50 
Voltorb Lv32             HP 40  ATK 30  DEF 50  SPATK 55  SPDEF 55  SPEED 100
Ninjask Lv40             HP 61  ATK 90  DEF 45  SPATK 50  SPDEF 50  SPEED 160
Misdreavus Lv43          HP 60  ATK 60  DEF 60  SPATK 85  SPDEF 85  SPEED 85 
Phanpy Lv46              HP 90  ATK 60  DEF 60  SPATK 40  SPDEF 40  SPEED 40 
Sharpedo Lv32            HP 70  ATK 120 DEF 40  SPATK 95  SPDEF 40  SPEED 95 
Cloyster Lv44            HP 50  ATK 95  DEF 180 SPATK 85  SPDEF 45  SPEED 70 
Tentacool Lv44           HP 40  ATK 40  DEF 35  SPATK 50  SPDEF 100 SPEED 70 
Marowak Lv44             HP 60  ATK 80  DEF 110 SPATK 50  SPDEF 80  SPEED 45 
Relicanth Lv44           HP 100 ATK 90  DEF 130 SPATK 45  SPDEF 65  SPEED 55 
Paras Lv46               HP 35  ATK 70  DEF 55  SPATK 45  SPDEF 55  SPEED 25 
Registeel Lv46           HP 80  ATK 75  DEF 150 SPATK 75  SPDEF 150 SPEED 50 

Set #16 - CALLE VICTORIA Grass/Cave (rate=7)
Meditite Lv34            HP 30  ATK 40  DEF 55  SPATK 40  SPDEF 55  SPEED 60 
Wartortle Lv34           HP 59  ATK 63  DEF 80  SPATK 65  SPDEF 80  SPEED 58 
Whiscash Lv42            HP 110 ATK 78  DEF 73  SPATK 76  SPDEF 71  SPEED 60 
Remoraid Lv45            HP 35  ATK 65  DEF 35  SPATK 65  SPDEF 35  SPEED 65 
Wynaut Lv48              HP 95  ATK 23  DEF 48  SPATK 23  SPDEF 48  SPEED 23 
Wooper Lv34              HP 55  ATK 45  DEF 45  SPATK 25  SPDEF 25  SPEED 15 
Wailmer Lv46             HP 130 ATK 70  DEF 35  SPATK 70  SPDEF 35  SPEED 60 
Ariados Lv46             HP 70  ATK 90  DEF 70  SPATK 60  SPDEF 70  SPEED 40 
Tyrogue Lv46             HP 35  ATK 35  DEF 35  SPATK 35  SPDEF 35  SPEED 35 
Stantler Lv46            HP 73  ATK 95  DEF 62  SPATK 85  SPDEF 65  SPEED 85 
Metapod Lv48             HP 50  ATK 20  DEF 55  SPATK 25  SPDEF 25  SPEED 30 
Bagon Lv48               HP 45  ATK 75  DEF 60  SPATK 40  SPDEF 30  SPEED 50 

Set #17 - CALLE VICTORIA Grass/Cave (rate=7)
Starmie Lv32             HP 60  ATK 75  DEF 85  SPATK 100 SPDEF 85  SPEED 115
Vigoroth Lv32            HP 80  ATK 80  DEF 80  SPATK 55  SPDEF 55  SPEED 90 
Snorunt Lv40             HP 50  ATK 50  DEF 50  SPATK 50  SPDEF 50  SPEED 50 
Tentacruel Lv43          HP 80  ATK 70  DEF 65  SPATK 80  SPDEF 120 SPEED 100
Slowpoke Lv46            HP 90  ATK 65  DEF 65  SPATK 40  SPDEF 40  SPEED 15 
Swinub Lv32              HP 50  ATK 50  DEF 40  SPATK 30  SPDEF 30  SPEED 50 
Rapidash Lv44            HP 65  ATK 100 DEF 70  SPATK 80  SPDEF 80  SPEED 105
Granbull Lv44            HP 90  ATK 120 DEF 75  SPATK 60  SPDEF 60  SPEED 45 
Growlithe Lv44           HP 55  ATK 70  DEF 45  SPATK 70  SPDEF 50  SPEED 60 
Deoxys Lv44              HP 50  ATK 180 DEF 20  SPATK 180 SPDEF 20  SPEED 150
Dodrio Lv46              HP 60  ATK 110 DEF 70  SPATK 60  SPDEF 60  SPEED 110
Celebi Lv46              HP 100 ATK 100 DEF 100 SPATK 100 SPDEF 100 SPEED 100

Set #18 - MANSIÓN POKéMON Grass/Cave (rate=7)
Oddish Lv28              HP 45  ATK 50  DEF 55  SPATK 75  SPDEF 65  SPEED 30 
Girafarig Lv32           HP 70  ATK 80  DEF 65  SPATK 90  SPDEF 65  SPEED 85 
Lugia Lv30               HP 106 ATK 90  DEF 130 SPATK 90  SPDEF 154 SPEED 110
Mewtwo Lv36              HP 106 ATK 110 DEF 90  SPATK 154 SPDEF 90  SPEED 130
Ekans Lv30               HP 35  ATK 60  DEF 44  SPATK 40  SPDEF 54  SPEED 55 
Ralts Lv28               HP 28  ATK 25  DEF 25  SPATK 45  SPDEF 35  SPEED 40 
Lombre Lv28              HP 60  ATK 50  DEF 50  SPATK 60  SPDEF 70  SPEED 50 
Claydol Lv32             HP 60  ATK 70  DEF 105 SPATK 70  SPDEF 120 SPEED 75 
Pidgey Lv32              HP 40  ATK 45  DEF 40  SPATK 35  SPDEF 35  SPEED 56 
Natu Lv26                HP 40  ATK 50  DEF 45  SPATK 70  SPDEF 45  SPEED 70 
Anorith Lv32             HP 45  ATK 95  DEF 50  SPATK 40  SPDEF 50  SPEED 75 
Snubbull Lv26            HP 60  ATK 80  DEF 50  SPATK 40  SPDEF 40  SPEED 30 

Set #19 - MANSIÓN POKéMON Grass/Cave (rate=7)
Ralts Lv28               HP 28  ATK 25  DEF 25  SPATK 45  SPDEF 35  SPEED 40 
Slakoth Lv32             HP 60  ATK 60  DEF 60  SPATK 35  SPDEF 35  SPEED 30 
Slowpoke Lv30            HP 90  ATK 65  DEF 65  SPATK 40  SPDEF 40  SPEED 15 
Wobbuffet Lv36           HP 190 ATK 33  DEF 58  SPATK 33  SPDEF 58  SPEED 33 
Wailord Lv30             HP 170 ATK 90  DEF 45  SPATK 90  SPDEF 45  SPEED 60 
Charizard Lv28           HP 78  ATK 84  DEF 78  SPATK 109 SPDEF 85  SPEED 100
Wynaut Lv28              HP 95  ATK 23  DEF 48  SPATK 23  SPDEF 48  SPEED 23 
Kecleon Lv32             HP 60  ATK 90  DEF 70  SPATK 60  SPDEF 120 SPEED 40 
Stantler Lv32            HP 73  ATK 95  DEF 62  SPATK 85  SPDEF 65  SPEED 85 
Electrike Lv26           HP 40  ATK 45  DEF 40  SPATK 65  SPDEF 40  SPEED 65 
Castform Lv32            HP 70  ATK 70  DEF 70  SPATK 70  SPDEF 70  SPEED 70 
Porygon2 Lv26            HP 85  ATK 80  DEF 90  SPATK 105 SPDEF 95  SPEED 60 

Set #20 - MANSIÓN POKéMON Grass/Cave (rate=7)
Clamperl Lv28            HP 35  ATK 64  DEF 85  SPATK 74  SPDEF 55  SPEED 32 
Ledyba Lv32              HP 40  ATK 20  DEF 30  SPATK 40  SPDEF 80  SPEED 55 
Celebi Lv30              HP 100 ATK 100 DEF 100 SPATK 100 SPDEF 100 SPEED 100
Salamence Lv36           HP 95  ATK 135 DEF 80  SPATK 110 SPDEF 80  SPEED 100
Alakazam Lv30            HP 55  ATK 50  DEF 45  SPATK 135 SPDEF 95  SPEED 120
Meowth Lv28              HP 40  ATK 45  DEF 35  SPATK 40  SPDEF 40  SPEED 90 
Bagon Lv28               HP 45  ATK 75  DEF 60  SPATK 40  SPDEF 30  SPEED 50 
Scizor Lv32              HP 70  ATK 130 DEF 100 SPATK 55  SPDEF 80  SPEED 65 
Azumarill Lv32           HP 100 ATK 50  DEF 80  SPATK 60  SPDEF 80  SPEED 50 
Nidoking Lv26            HP 81  ATK 102 DEF 77  SPATK 85  SPDEF 75  SPEED 85 
Togepi Lv32              HP 35  ATK 20  DEF 65  SPATK 40  SPDEF 65  SPEED 20 
Blissey Lv26             HP 255 ATK 10  DEF 10  SPATK 75  SPDEF 135 SPEED 55 

Set #21 - MANSIÓN POKéMON Grass/Cave (rate=5)
Pidgey Lv28              HP 40  ATK 45  DEF 40  SPATK 35  SPDEF 35  SPEED 56 
Muk Lv34                 HP 105 ATK 105 DEF 75  SPATK 65  SPDEF 100 SPEED 50 
Slakoth Lv30             HP 60  ATK 60  DEF 60  SPATK 35  SPDEF 35  SPEED 30 
Charmander Lv30          HP 39  ATK 52  DEF 43  SPATK 60  SPDEF 50  SPEED 65 
Beautifly Lv30           HP 60  ATK 70  DEF 50  SPATK 100 SPDEF 50  SPEED 65 
Pichu Lv38               HP 20  ATK 40  DEF 15  SPATK 35  SPDEF 35  SPEED 60 
Barboach Lv28            HP 50  ATK 48  DEF 43  SPATK 46  SPDEF 41  SPEED 60 
Nuzleaf Lv34             HP 70  ATK 70  DEF 40  SPATK 60  SPDEF 40  SPEED 60 
Hypno Lv32               HP 85  ATK 73  DEF 70  SPATK 73  SPDEF 115 SPEED 67 
Mewtwo Lv26              HP 106 ATK 110 DEF 90  SPATK 154 SPDEF 90  SPEED 130
Raichu Lv32              HP 60  ATK 90  DEF 55  SPATK 90  SPDEF 80  SPEED 110
Cradily Lv26             HP 86  ATK 81  DEF 97  SPATK 81  SPDEF 107 SPEED 43 

Set #22 - ZONA SAFARI Grass/Cave (rate=21)
Spinarak Lv25            HP 40  ATK 60  DEF 40  SPATK 40  SPDEF 40  SPEED 30 
Raikou Lv22              HP 90  ATK 85  DEF 75  SPATK 115 SPDEF 100 SPEED 115
Mew Lv24                 HP 100 ATK 100 DEF 100 SPATK 100 SPDEF 100 SPEED 100
Ho-Oh Lv25               HP 106 ATK 130 DEF 90  SPATK 110 SPDEF 154 SPEED 90 
Wailmer Lv22             HP 130 ATK 70  DEF 35  SPATK 70  SPDEF 35  SPEED 60 
Abra Lv31                HP 25  ATK 20  DEF 15  SPATK 105 SPDEF 55  SPEED 90 
Metagross Lv31           HP 80  ATK 135 DEF 130 SPATK 95  SPDEF 90  SPEED 70 
Exploud Lv30             HP 104 ATK 91  DEF 63  SPATK 91  SPDEF 73  SPEED 68 
Venonat Lv22             HP 60  ATK 55  DEF 50  SPATK 40  SPDEF 55  SPEED 45 
Kyogre Lv23              HP 100 ATK 100 DEF 90  SPATK 150 SPDEF 140 SPEED 90 
Horsea Lv22              HP 30  ATK 40  DEF 70  SPATK 70  SPDEF 25  SPEED 60 
Dewgong Lv23             HP 90  ATK 70  DEF 80  SPATK 70  SPDEF 95  SPEED 70 

Set #23 - ZONA SAFARI Surfing (rate=2)
Marowak Lvs 20-25        HP 60  ATK 80  DEF 110 SPATK 50  SPDEF 80  SPEED 45 
Espeon Lvs 20-25         HP 65  ATK 65  DEF 60  SPATK 130 SPDEF 95  SPEED 110
Grumpig Lvs 25-30        HP 80  ATK 45  DEF 65  SPATK 90  SPDEF 110 SPEED 80 
Sandslash Lvs 30-35      HP 75  ATK 100 DEF 110 SPATK 45  SPDEF 55  SPEED 65 
Swablu Lvs 35-40         HP 45  ATK 40  DEF 60  SPATK 40  SPDEF 75  SPEED 50 

Set #24 - ZONA SAFARI Fishing (rate=20)
Psyduck Lv5              HP 50  ATK 52  DEF 48  SPATK 65  SPDEF 50  SPEED 55 
Spinda Lv5               HP 60  ATK 60  DEF 60  SPATK 60  SPDEF 60  SPEED 60 
Ekans Lvs 5-15           HP 35  ATK 60  DEF 44  SPATK 40  SPDEF 54  SPEED 55 
Surskit Lvs 5-15         HP 40  ATK 30  DEF 32  SPATK 50  SPDEF 52  SPEED 65 
Nidorino Lvs 5-15        HP 61  ATK 72  DEF 57  SPATK 55  SPDEF 55  SPEED 65 
Teddiursa Lvs 15-25      HP 60  ATK 80  DEF 50  SPATK 50  SPDEF 50  SPEED 40 
Golem Lvs 20-30          HP 80  ATK 120 DEF 130 SPATK 55  SPDEF 65  SPEED 45 
Muk Lvs 15-25            HP 105 ATK 105 DEF 75  SPATK 65  SPDEF 100 SPEED 50 
Electrike Lvs 15-35      HP 40  ATK 45  DEF 40  SPATK 65  SPDEF 40  SPEED 65 
Seadra Lvs 25-35         HP 55  ATK 65  DEF 95  SPATK 95  SPDEF 45  SPEED 85 

Set #25 - ZONA SAFARI Grass/Cave (rate=21)
Spinda Lv24              HP 60  ATK 60  DEF 60  SPATK 60  SPDEF 60  SPEED 60 
Charmeleon Lv26          HP 58  ATK 64  DEF 58  SPATK 80  SPDEF 65  SPEED 80 
Surskit Lv23             HP 40  ATK 30  DEF 32  SPATK 50  SPDEF 52  SPEED 65 
Walrein Lv25             HP 110 ATK 80  DEF 90  SPATK 95  SPDEF 90  SPEED 65 
Crawdaunt Lv22           HP 63  ATK 120 DEF 85  SPATK 90  SPDEF 55  SPEED 55 
Arbok Lv33               HP 60  ATK 95  DEF 69  SPATK 65  SPDEF 79  SPEED 80 
Voltorb Lv24             HP 40  ATK 30  DEF 50  SPATK 55  SPDEF 55  SPEED 100
Kangaskhan Lv25          HP 105 ATK 95  DEF 80  SPATK 40  SPDEF 80  SPEED 90 
Marill Lv22              HP 70  ATK 20  DEF 50  SPATK 20  SPDEF 50  SPEED 40 
Jirachi Lv25             HP 100 ATK 100 DEF 100 SPATK 100 SPDEF 100 SPEED 100
Mewtwo Lv22              HP 106 ATK 110 DEF 90  SPATK 154 SPDEF 90  SPEED 130
Slowpoke Lv28            HP 90  ATK 65  DEF 65  SPATK 40  SPDEF 40  SPEED 15 

Set #26 - ZONA SAFARI Surfing (rate=2)
Dugtrio Lvs 20-25        HP 35  ATK 100 DEF 50  SPATK 50  SPDEF 70  SPEED 120
Zangoose Lvs 20-25       HP 73  ATK 115 DEF 60  SPATK 60  SPDEF 60  SPEED 90 
Tauros Lvs 25-30         HP 75  ATK 100 DEF 95  SPATK 40  SPDEF 70  SPEED 110
Grimer Lvs 30-35         HP 80  ATK 80  DEF 50  SPATK 40  SPDEF 50  SPEED 25 
Blissey Lvs 35-40        HP 255 ATK 10  DEF 10  SPATK 75  SPDEF 135 SPEED 55 

Set #27 - ZONA SAFARI Fishing (rate=20)
Krabby Lv5               HP 30  ATK 105 DEF 90  SPATK 25  SPDEF 25  SPEED 50 
Gligar Lv5               HP 65  ATK 75  DEF 105 SPATK 35  SPDEF 65  SPEED 85 
Kyogre Lvs 5-15          HP 100 ATK 100 DEF 90  SPATK 150 SPDEF 140 SPEED 90 
Ralts Lvs 5-15           HP 28  ATK 25  DEF 25  SPATK 45  SPDEF 35  SPEED 40 
Spearow Lvs 5-15         HP 40  ATK 60  DEF 30  SPATK 31  SPDEF 31  SPEED 70 
Elekid Lvs 15-25         HP 45  ATK 63  DEF 37  SPATK 65  SPDEF 55  SPEED 95 
Flareon Lvs 20-30        HP 65  ATK 130 DEF 60  SPATK 95  SPDEF 110 SPEED 65 
Farfetch’d Lvs 15-25     HP 52  ATK 90  DEF 55  SPATK 58  SPDEF 62  SPEED 60 
Cradily Lvs 15-35        HP 86  ATK 81  DEF 97  SPATK 81  SPDEF 107 SPEED 43 
Gligar Lvs 25-35         HP 65  ATK 75  DEF 105 SPATK 35  SPDEF 65  SPEED 85 

Set #28 - ZONA SAFARI Grass/Cave (rate=21)
Dratini Lv26             HP 41  ATK 64  DEF 45  SPATK 50  SPDEF 50  SPEED 50 
Chikorita Lv30           HP 45  ATK 49  DEF 65  SPATK 49  SPDEF 65  SPEED 45 
Rapidash Lv25            HP 65  ATK 100 DEF 70  SPATK 80  SPDEF 80  SPEED 105
Mankey Lv27              HP 40  ATK 80  DEF 35  SPATK 35  SPDEF 45  SPEED 70 
Smoochum Lv23            HP 45  ATK 30  DEF 15  SPATK 85  SPDEF 65  SPEED 65 
Gyarados Lv30            HP 95  ATK 125 DEF 79  SPATK 60  SPDEF 100 SPEED 81 
Ralts Lv30               HP 28  ATK 25  DEF 25  SPATK 45  SPDEF 35  SPEED 40 
Charmander Lv32          HP 39  ATK 52  DEF 43  SPATK 60  SPDEF 50  SPEED 65 
Remoraid Lv23            HP 35  ATK 65  DEF 35  SPATK 65  SPDEF 35  SPEED 65 
Venonat Lv26             HP 60  ATK 55  DEF 50  SPATK 40  SPDEF 55  SPEED 45 
Poliwrath Lv23           HP 90  ATK 95  DEF 95  SPATK 70  SPDEF 90  SPEED 70 
Flygon Lv28              HP 80  ATK 100 DEF 80  SPATK 80  SPDEF 80  SPEED 100

Set #29 - ZONA SAFARI Surfing (rate=2)
Dusclops Lvs 20-25       HP 40  ATK 70  DEF 130 SPATK 60  SPDEF 130 SPEED 25 
Taillow Lvs 20-25        HP 40  ATK 55  DEF 30  SPATK 30  SPDEF 30  SPEED 85 
Goldeen Lvs 25-30        HP 45  ATK 67  DEF 60  SPATK 35  SPDEF 50  SPEED 63 
Xatu Lvs 30-35           HP 65  ATK 75  DEF 70  SPATK 95  SPDEF 70  SPEED 95 
Magneton Lvs 35-40       HP 50  ATK 60  DEF 95  SPATK 120 SPDEF 70  SPEED 70 

Set #30 - ZONA SAFARI Fishing (rate=20)
Banette Lv5              HP 64  ATK 115 DEF 65  SPATK 83  SPDEF 63  SPEED 65 
Hypno Lv5                HP 85  ATK 73  DEF 70  SPATK 73  SPDEF 115 SPEED 67 
Claydol Lvs 5-15         HP 60  ATK 70  DEF 105 SPATK 70  SPDEF 120 SPEED 75 
Hoppip Lvs 5-15          HP 35  ATK 35  DEF 40  SPATK 35  SPDEF 55  SPEED 50 
Slowpoke Lvs 5-15        HP 90  ATK 65  DEF 65  SPATK 40  SPDEF 40  SPEED 15 
Politoed Lvs 15-25       HP 90  ATK 75  DEF 75  SPATK 90  SPDEF 100 SPEED 70 
Octillery Lvs 20-30      HP 75  ATK 105 DEF 75  SPATK 105 SPDEF 75  SPEED 45 
Gardevoir Lvs 15-25      HP 68  ATK 65  DEF 65  SPATK 125 SPDEF 115 SPEED 80 
Milotic Lvs 15-35        HP 95  ATK 60  DEF 79  SPATK 100 SPDEF 125 SPEED 81 
Oddish Lvs 25-35         HP 45  ATK 50  DEF 55  SPATK 75  SPDEF 65  SPEED 30 

Set #31 - ZONA SAFARI Grass/Cave (rate=21)
Granbull Lv26            HP 90  ATK 120 DEF 75  SPATK 60  SPDEF 60  SPEED 45 
Miltank Lv22             HP 95  ATK 80  DEF 105 SPATK 40  SPDEF 70  SPEED 100
Blaziken Lv25            HP 80  ATK 120 DEF 70  SPATK 110 SPDEF 70  SPEED 80 
Ursaring Lv27            HP 90  ATK 130 DEF 75  SPATK 75  SPDEF 75  SPEED 55 
Medicham Lv23            HP 60  ATK 60  DEF 75  SPATK 60  SPDEF 75  SPEED 80 
Zigzagoon Lv30           HP 38  ATK 30  DEF 41  SPATK 30  SPDEF 41  SPEED 60 
Qwilfish Lv30            HP 65  ATK 95  DEF 85  SPATK 55  SPDEF 55  SPEED 85 
Moltres Lv32             HP 90  ATK 100 DEF 90  SPATK 125 SPDEF 85  SPEED 90 
Kirlia Lv23              HP 38  ATK 35  DEF 35  SPATK 65  SPDEF 55  SPEED 50 
Grimer Lv25              HP 80  ATK 80  DEF 50  SPATK 40  SPDEF 50  SPEED 25 
Misdreavus Lv23          HP 60  ATK 60  DEF 60  SPATK 85  SPDEF 85  SPEED 85 
Combusken Lv28           HP 60  ATK 85  DEF 60  SPATK 85  SPDEF 60  SPEED 55 

Set #32 - ZONA SAFARI Surfing (rate=2)
Kyogre Lvs 20-25         HP 100 ATK 100 DEF 90  SPATK 150 SPDEF 140 SPEED 90 
Ivysaur Lvs 20-25        HP 60  ATK 62  DEF 63  SPATK 80  SPDEF 80  SPEED 60 
Miltank Lvs 25-30        HP 95  ATK 80  DEF 105 SPATK 40  SPDEF 70  SPEED 100
Metang Lvs 30-35         HP 60  ATK 75  DEF 100 SPATK 55  SPDEF 80  SPEED 50 
Victreebel Lvs 35-40     HP 80  ATK 105 DEF 65  SPATK 100 SPDEF 70  SPEED 70 

Set #33 - ZONA SAFARI Fishing (rate=20)
Horsea Lv5               HP 30  ATK 40  DEF 70  SPATK 70  SPDEF 25  SPEED 60 
Machamp Lv5              HP 90  ATK 130 DEF 80  SPATK 65  SPDEF 85  SPEED 55 
Lombre Lvs 5-15          HP 60  ATK 50  DEF 50  SPATK 60  SPDEF 70  SPEED 50 
Fearow Lvs 5-15          HP 65  ATK 90  DEF 65  SPATK 61  SPDEF 61  SPEED 100
Ledyba Lvs 5-15          HP 40  ATK 20  DEF 30  SPATK 40  SPDEF 80  SPEED 55 
Azumarill Lvs 15-25      HP 100 ATK 50  DEF 80  SPATK 60  SPDEF 80  SPEED 50 
Spearow Lvs 20-30        HP 40  ATK 60  DEF 30  SPATK 31  SPDEF 31  SPEED 70 
Swablu Lvs 15-25         HP 45  ATK 40  DEF 60  SPATK 40  SPDEF 75  SPEED 50 
Girafarig Lvs 15-35      HP 70  ATK 80  DEF 65  SPATK 90  SPDEF 65  SPEED 85 
Ponyta Lvs 25-35         HP 50  ATK 85  DEF 55  SPATK 65  SPDEF 65  SPEED 90 

Set #34 - CUEVA CELESTE Grass/Cave (rate=7)
Jumpluff Lv49            HP 75  ATK 55  DEF 70  SPATK 55  SPDEF 95  SPEED 110
Flareon Lv49             HP 65  ATK 130 DEF 60  SPATK 95  SPDEF 110 SPEED 65 
Tyranitar Lv46           HP 100 ATK 134 DEF 110 SPATK 95  SPDEF 100 SPEED 61 
Houndoom Lv46            HP 75  ATK 90  DEF 50  SPATK 110 SPDEF 80  SPEED 95 
Slakoth Lv52             HP 60  ATK 60  DEF 60  SPATK 35  SPDEF 35  SPEED 30 
Zubat Lv52               HP 40  ATK 45  DEF 35  SPATK 30  SPDEF 40  SPEED 55 
Altaria Lv58             HP 75  ATK 70  DEF 90  SPATK 70  SPDEF 105 SPEED 80 
Rattata Lv58             HP 30  ATK 56  DEF 35  SPATK 25  SPDEF 35  SPEED 72 
Manectric Lv55           HP 70  ATK 75  DEF 60  SPATK 105 SPDEF 60  SPEED 105
Pidgeotto Lv55           HP 63  ATK 60  DEF 55  SPATK 50  SPDEF 50  SPEED 71 
Noctowl Lv61             HP 100 ATK 50  DEF 50  SPATK 86  SPDEF 96  SPEED 70 
Nidoking Lv61            HP 81  ATK 102 DEF 77  SPATK 85  SPDEF 75  SPEED 85 

Set #35 - CUEVA CELESTE Surfing (rate=2)
Latias Lvs 30-40         HP 80  ATK 80  DEF 90  SPATK 110 SPDEF 130 SPEED 110
Shiftry Lvs 40-50        HP 90  ATK 100 DEF 60  SPATK 90  SPDEF 60  SPEED 80 
Weedle Lvs 45-55         HP 40  ATK 35  DEF 30  SPATK 20  SPDEF 20  SPEED 50 
Poliwrath Lvs 40-50      HP 90  ATK 95  DEF 95  SPATK 70  SPDEF 90  SPEED 70 
Metapod Lvs 40-50        HP 50  ATK 20  DEF 55  SPATK 25  SPDEF 25  SPEED 30 

Set #36 - CUEVA CELESTE Rock Smash (rate=50)
Typhlosion Lvs 30-40     HP 78  ATK 84  DEF 78  SPATK 109 SPDEF 85  SPEED 100
Rayquaza Lvs 40-50       HP 105 ATK 150 DEF 90  SPATK 150 SPDEF 90  SPEED 95 
Ditto Lvs 45-55          HP 48  ATK 48  DEF 48  SPATK 48  SPDEF 48  SPEED 48 
Heracross Lvs 40-50      HP 80  ATK 125 DEF 75  SPATK 40  SPDEF 95  SPEED 85 
Snorunt Lvs 40-50        HP 50  ATK 50  DEF 50  SPATK 50  SPDEF 50  SPEED 50 

Set #37 - CUEVA CELESTE Fishing (rate=20)
Staryu Lv5               HP 30  ATK 45  DEF 55  SPATK 70  SPDEF 55  SPEED 85 
Poliwrath Lv5            HP 90  ATK 95  DEF 95  SPATK 70  SPDEF 90  SPEED 70 
Corphish Lvs 5-15        HP 43  ATK 80  DEF 65  SPATK 50  SPDEF 35  SPEED 35 
Paras Lvs 5-15           HP 35  ATK 70  DEF 55  SPATK 45  SPDEF 55  SPEED 25 
Magby Lvs 5-15           HP 45  ATK 75  DEF 37  SPATK 70  SPDEF 55  SPEED 83 
Swalot Lvs 15-25         HP 100 ATK 73  DEF 83  SPATK 73  SPDEF 83  SPEED 55 
Taillow Lvs 20-30        HP 40  ATK 55  DEF 30  SPATK 30  SPDEF 30  SPEED 85 
Silcoon Lvs 15-25        HP 50  ATK 35  DEF 55  SPATK 25  SPDEF 25  SPEED 15 
Numel Lvs 15-25          HP 60  ATK 60  DEF 40  SPATK 65  SPDEF 45  SPEED 35 
Venusaur Lvs 25-35       HP 80  ATK 82  DEF 83  SPATK 100 SPDEF 100 SPEED 80 

Set #38 - CUEVA CELESTE Grass/Cave (rate=7)
Swampert Lv49            HP 100 ATK 110 DEF 90  SPATK 85  SPDEF 90  SPEED 60 
Rhydon Lv49              HP 105 ATK 130 DEF 120 SPATK 45  SPDEF 45  SPEED 40 
Kakuna Lv52              HP 45  ATK 25  DEF 50  SPATK 25  SPDEF 25  SPEED 35 
Lairon Lv52              HP 60  ATK 90  DEF 140 SPATK 50  SPDEF 50  SPEED 40 
Golem Lv55               HP 80  ATK 120 DEF 130 SPATK 55  SPDEF 65  SPEED 45 
Castform Lv55            HP 70  ATK 70  DEF 70  SPATK 70  SPDEF 70  SPEED 70 
Pidgey Lv58              HP 40  ATK 45  DEF 40  SPATK 35  SPDEF 35  SPEED 56 
Lickitung Lv58           HP 90  ATK 55  DEF 75  SPATK 60  SPDEF 75  SPEED 30 
Geodude Lv61             HP 40  ATK 80  DEF 100 SPATK 30  SPDEF 30  SPEED 20 
Caterpie Lv61            HP 45  ATK 30  DEF 35  SPATK 20  SPDEF 20  SPEED 45 
Dugtrio Lv64             HP 35  ATK 100 DEF 50  SPATK 50  SPDEF 70  SPEED 120
Sealeo Lv64              HP 90  ATK 60  DEF 70  SPATK 75  SPDEF 70  SPEED 45 

Set #39 - CUEVA CELESTE Rock Smash (rate=50)
Metagross Lvs 35-45      HP 80  ATK 135 DEF 130 SPATK 95  SPDEF 90  SPEED 70 
Kecleon Lvs 45-55        HP 60  ATK 90  DEF 70  SPATK 60  SPDEF 120 SPEED 40 
Houndoom Lvs 50-60       HP 75  ATK 90  DEF 50  SPATK 110 SPDEF 80  SPEED 95 
Noctowl Lvs 45-55        HP 100 ATK 50  DEF 50  SPATK 86  SPDEF 96  SPEED 70 
Tauros Lvs 45-55         HP 75  ATK 100 DEF 95  SPATK 40  SPDEF 70  SPEED 110

Set #40 - CUEVA CELESTE Grass/Cave (rate=7)
Dustox Lv58              HP 60  ATK 50  DEF 70  SPATK 50  SPDEF 90  SPEED 65 
Milotic Lv58             HP 95  ATK 60  DEF 79  SPATK 100 SPDEF 125 SPEED 81 
Arcanine Lv55            HP 90  ATK 110 DEF 80  SPATK 100 SPDEF 80  SPEED 95 
Combusken Lv55           HP 60  ATK 85  DEF 60  SPATK 85  SPDEF 60  SPEED 55 
Manectric Lv52           HP 70  ATK 75  DEF 60  SPATK 105 SPDEF 60  SPEED 105
Heracross Lv52           HP 80  ATK 125 DEF 75  SPATK 40  SPDEF 95  SPEED 85 
Houndour Lv67            HP 45  ATK 60  DEF 30  SPATK 80  SPDEF 50  SPEED 65 
Shuppet Lv67             HP 44  ATK 75  DEF 35  SPATK 63  SPDEF 33  SPEED 45 
Magneton Lv64            HP 50  ATK 60  DEF 95  SPATK 120 SPDEF 70  SPEED 70 
Omanyte Lv64             HP 35  ATK 40  DEF 100 SPATK 90  SPDEF 55  SPEED 35 
Sudowoodo Lv61           HP 70  ATK 100 DEF 115 SPATK 30  SPDEF 65  SPEED 30 
Houndoom Lv61            HP 75  ATK 90  DEF 50  SPATK 110 SPDEF 80  SPEED 95 

Set #41 - CUEVA CELESTE Surfing (rate=2)
Sceptile Lvs 40-50       HP 70  ATK 85  DEF 65  SPATK 105 SPDEF 85  SPEED 120
Wingull Lvs 50-60        HP 40  ATK 30  DEF 30  SPATK 55  SPDEF 30  SPEED 85 
Torchic Lvs 55-65        HP 45  ATK 60  DEF 40  SPATK 70  SPDEF 50  SPEED 45 
Mawile Lvs 50-60         HP 50  ATK 85  DEF 85  SPATK 55  SPDEF 55  SPEED 50 
Aipom Lvs 50-60          HP 55  ATK 70  DEF 55  SPATK 40  SPDEF 55  SPEED 85 

Set #42 - CUEVA CELESTE Rock Smash (rate=50)
Marshtomp Lvs 40-50      HP 70  ATK 85  DEF 70  SPATK 60  SPDEF 70  SPEED 50 
Sudowoodo Lvs 50-60      HP 70  ATK 100 DEF 115 SPATK 30  SPDEF 65  SPEED 30 
Golduck Lvs 55-65        HP 80  ATK 82  DEF 78  SPATK 95  SPDEF 80  SPEED 85 
Gorebyss Lvs 50-60       HP 55  ATK 84  DEF 105 SPATK 114 SPDEF 75  SPEED 52 
Relicanth Lvs 50-60      HP 100 ATK 90  DEF 130 SPATK 45  SPDEF 65  SPEED 55 

Set #43 - CUEVA CELESTE Fishing (rate=20)
Gulpin Lv5               HP 70  ATK 43  DEF 53  SPATK 43  SPDEF 53  SPEED 40 
Remoraid Lv5             HP 35  ATK 65  DEF 35  SPATK 65  SPDEF 35  SPEED 65 
Snorlax Lvs 5-15         HP 160 ATK 110 DEF 65  SPATK 65  SPDEF 110 SPEED 30 
Jolteon Lvs 5-15         HP 65  ATK 65  DEF 60  SPATK 110 SPDEF 95  SPEED 130
Ledyba Lvs 5-15          HP 40  ATK 20  DEF 30  SPATK 40  SPDEF 80  SPEED 55 
Slakoth Lvs 15-25        HP 60  ATK 60  DEF 60  SPATK 35  SPDEF 35  SPEED 30 
Aggron Lvs 20-30         HP 70  ATK 110 DEF 180 SPATK 60  SPDEF 60  SPEED 50 
Seedot Lvs 15-25         HP 40  ATK 40  DEF 50  SPATK 30  SPDEF 30  SPEED 30 
Marowak Lvs 15-25        HP 60  ATK 80  DEF 110 SPATK 50  SPDEF 80  SPEED 45 
Entei Lvs 25-35          HP 115 ATK 115 DEF 85  SPATK 90  SPDEF 75  SPEED 100

Set #44 - TÚNEL ROCA Grass/Cave (rate=7)
Farfetch’d Lv15          HP 52  ATK 90  DEF 55  SPATK 58  SPDEF 62  SPEED 60 
Regirock Lv16            HP 80  ATK 100 DEF 200 SPATK 50  SPDEF 100 SPEED 50 
Quagsire Lv16            HP 95  ATK 85  DEF 85  SPATK 65  SPDEF 65  SPEED 35 
Ludicolo Lv17            HP 80  ATK 70  DEF 70  SPATK 90  SPDEF 100 SPEED 70 
Houndour Lv16            HP 45  ATK 60  DEF 30  SPATK 80  SPDEF 50  SPEED 65 
Forretress Lv16          HP 75  ATK 90  DEF 140 SPATK 60  SPDEF 60  SPEED 40 
Stantler Lv17            HP 73  ATK 95  DEF 62  SPATK 85  SPDEF 65  SPEED 85 
Doduo Lv17               HP 35  ATK 85  DEF 45  SPATK 35  SPDEF 35  SPEED 75 
Doduo Lv15               HP 35  ATK 85  DEF 45  SPATK 35  SPDEF 35  SPEED 75 
Huntail Lv13             HP 55  ATK 104 DEF 105 SPATK 94  SPDEF 75  SPEED 52 
Oddish Lv15              HP 45  ATK 50  DEF 55  SPATK 75  SPDEF 65  SPEED 30 
Lugia Lv15               HP 106 ATK 90  DEF 130 SPATK 90  SPDEF 154 SPEED 110

Set #45 - TÚNEL ROCA Grass/Cave (rate=7)
Moltres Lv16             HP 90  ATK 100 DEF 90  SPATK 125 SPDEF 85  SPEED 90 
Altaria Lv17             HP 75  ATK 70  DEF 90  SPATK 70  SPDEF 105 SPEED 80 
Yanma Lv17               HP 65  ATK 65  DEF 45  SPATK 75  SPDEF 45  SPEED 95 
Raichu Lv16              HP 60  ATK 90  DEF 55  SPATK 90  SPDEF 80  SPEED 110
Lairon Lv15              HP 60  ATK 90  DEF 140 SPATK 50  SPDEF 50  SPEED 40 
Skarmory Lv17            HP 65  ATK 80  DEF 140 SPATK 40  SPDEF 70  SPEED 70 
Sneasel Lv16             HP 55  ATK 95  DEF 55  SPATK 35  SPDEF 75  SPEED 115
Furret Lv13              HP 85  ATK 76  DEF 64  SPATK 45  SPDEF 55  SPEED 90 
Wurmple Lv15             HP 45  ATK 45  DEF 35  SPATK 20  SPDEF 30  SPEED 20 
Mew Lv15                 HP 100 ATK 100 DEF 100 SPATK 100 SPDEF 100 SPEED 100
Lickitung Lv15           HP 90  ATK 55  DEF 75  SPATK 60  SPDEF 75  SPEED 30 
Mewtwo Lv17              HP 106 ATK 110 DEF 90  SPATK 154 SPDEF 90  SPEED 130

Set #46 - TÚNEL ROCA Rock Smash (rate=50)
Rhydon Lvs 5-20          HP 105 ATK 130 DEF 120 SPATK 45  SPDEF 45  SPEED 40 
Aipom Lvs 10-20          HP 55  ATK 70  DEF 55  SPATK 40  SPDEF 55  SPEED 85 
Kirlia Lvs 15-30         HP 38  ATK 35  DEF 35  SPATK 65  SPDEF 55  SPEED 50 
Heracross Lvs 25-40      HP 80  ATK 125 DEF 75  SPATK 40  SPDEF 95  SPEED 85 
Furret Lvs 30-40         HP 85  ATK 76  DEF 64  SPATK 45  SPDEF 55  SPEED 90 

Set #47 - ISLAS ESPUMA Grass/Cave (rate=7)
Articuno Lv27            HP 90  ATK 85  DEF 100 SPATK 95  SPDEF 125 SPEED 85 
Magneton Lv29            HP 50  ATK 60  DEF 95  SPATK 120 SPDEF 70  SPEED 70 
Shelgon Lv31             HP 65  ATK 95  DEF 100 SPATK 60  SPDEF 50  SPEED 50 
Chansey Lv22             HP 250 ATK 5   DEF 5   SPATK 35  SPDEF 105 SPEED 50 
Poliwag Lv22             HP 40  ATK 50  DEF 40  SPATK 40  SPDEF 40  SPEED 90 
Jynx Lv24                HP 65  ATK 50  DEF 35  SPATK 115 SPDEF 95  SPEED 95 
Phanpy Lv26              HP 90  ATK 60  DEF 60  SPATK 40  SPDEF 40  SPEED 40 
Raticate Lv28            HP 55  ATK 81  DEF 60  SPATK 50  SPDEF 70  SPEED 97 
Kabuto Lv33              HP 30  ATK 80  DEF 90  SPATK 55  SPDEF 45  SPEED 55 
Lairon Lv26              HP 60  ATK 90  DEF 140 SPATK 50  SPDEF 50  SPEED 40 
Magcargo Lv26            HP 60  ATK 50  DEF 120 SPATK 90  SPDEF 80  SPEED 30 
Raichu Lv30              HP 60  ATK 90  DEF 55  SPATK 90  SPDEF 80  SPEED 110

Set #48 - ISLAS ESPUMA Grass/Cave (rate=7)
Omastar Lv29             HP 70  ATK 60  DEF 125 SPATK 115 SPDEF 70  SPEED 55 
Koffing Lv31             HP 40  ATK 65  DEF 95  SPATK 60  SPDEF 45  SPEED 35 
Metang Lv28              HP 60  ATK 75  DEF 100 SPATK 55  SPDEF 80  SPEED 50 
Croconaw Lv22            HP 65  ATK 80  DEF 80  SPATK 59  SPDEF 63  SPEED 58 
Dratini Lv22             HP 41  ATK 64  DEF 45  SPATK 50  SPDEF 50  SPEED 50 
Gligar Lv24              HP 65  ATK 75  DEF 105 SPATK 35  SPDEF 65  SPEED 85 
Nidorino Lv26            HP 61  ATK 72  DEF 57  SPATK 55  SPDEF 55  SPEED 65 
Castform Lv28            HP 70  ATK 70  DEF 70  SPATK 70  SPDEF 70  SPEED 70 
Murkrow Lv33             HP 60  ATK 85  DEF 42  SPATK 85  SPDEF 42  SPEED 91 
Wurmple Lv26             HP 45  ATK 45  DEF 35  SPATK 20  SPDEF 30  SPEED 20 
Nidoking Lv35            HP 81  ATK 102 DEF 77  SPATK 85  SPDEF 75  SPEED 85 
Dugtrio Lv30             HP 35  ATK 100 DEF 50  SPATK 50  SPDEF 70  SPEED 120

Set #49 - ISLAS ESPUMA Grass/Cave (rate=7)
Bagon Lv30               HP 45  ATK 75  DEF 60  SPATK 40  SPDEF 30  SPEED 50 
Minun Lv32               HP 60  ATK 40  DEF 50  SPATK 75  SPDEF 85  SPEED 95 
Crobat Lv30              HP 85  ATK 90  DEF 80  SPATK 70  SPDEF 80  SPEED 130
Raticate Lv32            HP 55  ATK 81  DEF 60  SPATK 50  SPDEF 70  SPEED 97 
Bellsprout Lv22          HP 50  ATK 75  DEF 35  SPATK 70  SPDEF 30  SPEED 40 
Grumpig Lv24             HP 80  ATK 45  DEF 65  SPATK 90  SPDEF 110 SPEED 80 
Chikorita Lv26           HP 45  ATK 49  DEF 65  SPATK 49  SPDEF 65  SPEED 45 
Torchic Lv34             HP 45  ATK 60  DEF 40  SPATK 70  SPDEF 50  SPEED 45 
Sneasel Lv32             HP 55  ATK 95  DEF 55  SPATK 35  SPDEF 75  SPEED 115
Haunter Lv28             HP 45  ATK 50  DEF 45  SPATK 115 SPDEF 55  SPEED 95 
Nidoking Lv32            HP 81  ATK 102 DEF 77  SPATK 85  SPDEF 75  SPEED 85 
Nidoran♂ Lv30            HP 46  ATK 57  DEF 40  SPATK 40  SPDEF 40  SPEED 50 

Set #50 - ISLAS ESPUMA Grass/Cave (rate=7)
Kangaskhan Lv30          HP 105 ATK 95  DEF 80  SPATK 40  SPDEF 80  SPEED 90 
Houndoom Lv32            HP 75  ATK 90  DEF 50  SPATK 110 SPDEF 80  SPEED 95 
Houndour Lv32            HP 45  ATK 60  DEF 30  SPATK 80  SPDEF 50  SPEED 65 
Ekans Lv30               HP 35  ATK 60  DEF 44  SPATK 40  SPDEF 54  SPEED 55 
Machoke Lv32             HP 80  ATK 100 DEF 70  SPATK 50  SPDEF 60  SPEED 45 
Metang Lv24              HP 60  ATK 75  DEF 100 SPATK 55  SPDEF 80  SPEED 50 
Rattata Lv26             HP 30  ATK 56  DEF 35  SPATK 25  SPDEF 35  SPEED 72 
Magnemite Lv34           HP 25  ATK 35  DEF 70  SPATK 95  SPDEF 55  SPEED 45 
Raticate Lv32            HP 55  ATK 81  DEF 60  SPATK 50  SPDEF 70  SPEED 97 
Rayquaza Lv28            HP 105 ATK 150 DEF 90  SPATK 150 SPDEF 90  SPEED 95 
Persian Lv34             HP 65  ATK 70  DEF 60  SPATK 65  SPDEF 65  SPEED 115
Pidgeotto Lv30           HP 63  ATK 60  DEF 55  SPATK 50  SPDEF 50  SPEED 71 

Set #51 - ISLAS ESPUMA Surfing (rate=2)
Shroomish Lvs 25-35      HP 60  ATK 40  DEF 60  SPATK 40  SPDEF 60  SPEED 35 
Rayquaza Lvs 25-30       HP 105 ATK 150 DEF 90  SPATK 150 SPDEF 90  SPEED 95 
Vulpix Lvs 35-40         HP 38  ATK 41  DEF 40  SPATK 50  SPDEF 65  SPEED 65 
Zangoose Lvs 30-40       HP 73  ATK 115 DEF 60  SPATK 60  SPDEF 60  SPEED 90 
Natu Lvs 35-40           HP 40  ATK 50  DEF 45  SPATK 70  SPDEF 45  SPEED 70 

Set #52 - ISLAS ESPUMA Fishing (rate=20)
Haunter Lv5              HP 45  ATK 50  DEF 45  SPATK 115 SPDEF 55  SPEED 95 
Bayleef Lv5              HP 60  ATK 62  DEF 80  SPATK 63  SPDEF 80  SPEED 60 
Mightyena Lvs 5-15       HP 70  ATK 90  DEF 70  SPATK 60  SPDEF 60  SPEED 70 
Gengar Lvs 5-15          HP 60  ATK 65  DEF 60  SPATK 130 SPDEF 75  SPEED 110
Croconaw Lvs 5-15        HP 65  ATK 80  DEF 80  SPATK 59  SPDEF 63  SPEED 58 
Magikarp Lvs 15-25       HP 20  ATK 10  DEF 55  SPATK 15  SPDEF 20  SPEED 80 
Gligar Lvs 20-30         HP 65  ATK 75  DEF 105 SPATK 35  SPDEF 65  SPEED 85 
Pinsir Lvs 15-25         HP 65  ATK 125 DEF 100 SPATK 55  SPDEF 70  SPEED 85 
Tyranitar Lvs 15-25      HP 100 ATK 134 DEF 110 SPATK 95  SPDEF 100 SPEED 61 
Mightyena Lvs 25-35      HP 70  ATK 90  DEF 70  SPATK 60  SPDEF 60  SPEED 70 

Set #53 - ISLAS ESPUMA Grass/Cave (rate=7)
Koffing Lv30             HP 40  ATK 65  DEF 95  SPATK 60  SPDEF 45  SPEED 35 
Skarmory Lv32            HP 65  ATK 80  DEF 140 SPATK 40  SPDEF 70  SPEED 70 
Chinchou Lv32            HP 75  ATK 38  DEF 38  SPATK 56  SPDEF 56  SPEED 67 
Spheal Lv34              HP 70  ATK 40  DEF 50  SPATK 55  SPDEF 50  SPEED 25 
Delcatty Lv32            HP 70  ATK 65  DEF 65  SPATK 55  SPDEF 55  SPEED 90 
Electrode Lv26           HP 60  ATK 50  DEF 70  SPATK 80  SPDEF 80  SPEED 150
Arcanine Lv34            HP 90  ATK 110 DEF 80  SPATK 100 SPDEF 80  SPEED 95 
Castform Lv34            HP 70  ATK 70  DEF 70  SPATK 70  SPDEF 70  SPEED 70 
Magmar Lv36              HP 65  ATK 95  DEF 57  SPATK 100 SPDEF 85  SPEED 93 
Heracross Lv28           HP 80  ATK 125 DEF 75  SPATK 40  SPDEF 95  SPEED 85 
Wailmer Lv36             HP 130 ATK 70  DEF 35  SPATK 70  SPDEF 35  SPEED 60 
Scizor Lv30              HP 70  ATK 130 DEF 100 SPATK 55  SPDEF 80  SPEED 65 

Set #54 - ISLAS ESPUMA Surfing (rate=2)
Moltres Lvs 25-35        HP 90  ATK 100 DEF 90  SPATK 125 SPDEF 85  SPEED 90 
Hitmonchan Lvs 25-30     HP 50  ATK 105 DEF 79  SPATK 35  SPDEF 110 SPEED 76 
Sunkern Lvs 35-40        HP 30  ATK 30  DEF 30  SPATK 30  SPDEF 30  SPEED 30 
Tyranitar Lvs 30-40      HP 100 ATK 134 DEF 110 SPATK 95  SPDEF 100 SPEED 61 
Doduo Lvs 35-40          HP 35  ATK 85  DEF 45  SPATK 35  SPDEF 35  SPEED 75 

Set #55 - ISLAS ESPUMA Fishing (rate=20)
Glalie Lv5               HP 80  ATK 80  DEF 80  SPATK 80  SPDEF 80  SPEED 80 
Huntail Lv5              HP 55  ATK 104 DEF 105 SPATK 94  SPDEF 75  SPEED 52 
Celebi Lvs 5-15          HP 100 ATK 100 DEF 100 SPATK 100 SPDEF 100 SPEED 100
Spoink Lvs 5-15          HP 60  ATK 25  DEF 35  SPATK 70  SPDEF 80  SPEED 60 
Zigzagoon Lvs 5-15       HP 38  ATK 30  DEF 41  SPATK 30  SPDEF 41  SPEED 60 
Snorunt Lvs 15-25        HP 50  ATK 50  DEF 50  SPATK 50  SPDEF 50  SPEED 50 
Milotic Lvs 20-30        HP 95  ATK 60  DEF 79  SPATK 100 SPDEF 125 SPEED 81 
Hitmonchan Lvs 15-25     HP 50  ATK 105 DEF 79  SPATK 35  SPDEF 110 SPEED 76 
Bagon Lvs 15-25          HP 45  ATK 75  DEF 60  SPATK 40  SPDEF 30  SPEED 50 
Beldum Lvs 25-35         HP 40  ATK 55  DEF 80  SPATK 35  SPDEF 60  SPEED 30 

Set #56 - TORRE POKéMON Grass/Cave (rate=2)
Entei Lv15               HP 115 ATK 115 DEF 85  SPATK 90  SPDEF 75  SPEED 100
Moltres Lv16             HP 90  ATK 100 DEF 90  SPATK 125 SPDEF 85  SPEED 90 
Loudred Lv17             HP 84  ATK 71  DEF 43  SPATK 71  SPDEF 43  SPEED 48 
Koffing Lv13             HP 40  ATK 65  DEF 95  SPATK 60  SPDEF 45  SPEED 35 
Slaking Lv14             HP 150 ATK 160 DEF 100 SPATK 95  SPDEF 65  SPEED 100
Snorunt Lv18             HP 50  ATK 50  DEF 50  SPATK 50  SPDEF 50  SPEED 50 
Numel Lv19               HP 60  ATK 60  DEF 40  SPATK 65  SPDEF 45  SPEED 35 
Rayquaza Lv15            HP 105 ATK 150 DEF 90  SPATK 150 SPDEF 90  SPEED 95 
Slaking Lv17             HP 150 ATK 160 DEF 100 SPATK 95  SPDEF 65  SPEED 100
Marill Lv17              HP 70  ATK 20  DEF 50  SPATK 20  SPDEF 50  SPEED 40 
Tyrogue Lv17             HP 35  ATK 35  DEF 35  SPATK 35  SPDEF 35  SPEED 35 
Feraligatr Lv20          HP 85  ATK 105 DEF 100 SPATK 79  SPDEF 83  SPEED 78 

Set #57 - TORRE POKéMON Grass/Cave (rate=4)
Vileplume Lv15           HP 75  ATK 80  DEF 85  SPATK 110 SPDEF 90  SPEED 50 
Regirock Lv16            HP 80  ATK 100 DEF 200 SPATK 50  SPDEF 100 SPEED 50 
Quagsire Lv17            HP 95  ATK 85  DEF 85  SPATK 65  SPDEF 65  SPEED 35 
Rhyhorn Lv13             HP 80  ATK 85  DEF 95  SPATK 30  SPDEF 30  SPEED 25 
Dusclops Lv14            HP 40  ATK 70  DEF 130 SPATK 60  SPDEF 130 SPEED 25 
Croconaw Lv18            HP 65  ATK 80  DEF 80  SPATK 59  SPDEF 63  SPEED 58 
Azurill Lv20             HP 50  ATK 20  DEF 40  SPATK 20  SPDEF 40  SPEED 20 
Grovyle Lv15             HP 50  ATK 65  DEF 45  SPATK 85  SPDEF 65  SPEED 95 
Pikachu Lv17             HP 35  ATK 55  DEF 40  SPATK 50  SPDEF 50  SPEED 90 
Slaking Lv17             HP 150 ATK 160 DEF 100 SPATK 95  SPDEF 65  SPEED 100
Horsea Lv17              HP 30  ATK 40  DEF 70  SPATK 70  SPDEF 25  SPEED 60 
Shuckle Lv19             HP 20  ATK 10  DEF 230 SPATK 10  SPDEF 230 SPEED 5  

Set #58 - TORRE POKéMON Grass/Cave (rate=6)
Cacturne Lv15            HP 70  ATK 115 DEF 60  SPATK 115 SPDEF 60  SPEED 55 
Blaziken Lv16            HP 80  ATK 120 DEF 70  SPATK 110 SPDEF 70  SPEED 80 
Lombre Lv17              HP 60  ATK 50  DEF 50  SPATK 60  SPDEF 70  SPEED 50 
Omanyte Lv13             HP 35  ATK 40  DEF 100 SPATK 90  SPDEF 55  SPEED 35 
Spinarak Lv14            HP 40  ATK 60  DEF 40  SPATK 40  SPDEF 40  SPEED 30 
Gorebyss Lv18            HP 55  ATK 84  DEF 105 SPATK 114 SPDEF 75  SPEED 52 
Skitty Lv20              HP 50  ATK 45  DEF 45  SPATK 35  SPDEF 35  SPEED 50 
Totodile Lv15            HP 50  ATK 65  DEF 64  SPATK 44  SPDEF 48  SPEED 43 
Ralts Lv17               HP 28  ATK 25  DEF 25  SPATK 45  SPDEF 35  SPEED 40 
Sentret Lv17             HP 35  ATK 46  DEF 34  SPATK 35  SPDEF 45  SPEED 20 
Azumarill Lv17           HP 100 ATK 50  DEF 80  SPATK 60  SPDEF 80  SPEED 50 
Krabby Lv19              HP 30  ATK 105 DEF 90  SPATK 25  SPDEF 25  SPEED 50 

Set #59 - TORRE POKéMON Grass/Cave (rate=8)
Kingler Lv16             HP 55  ATK 130 DEF 115 SPATK 50  SPDEF 50  SPEED 75 
Seadra Lv17              HP 55  ATK 65  DEF 95  SPATK 95  SPDEF 45  SPEED 85 
Grumpig Lv18             HP 80  ATK 45  DEF 65  SPATK 90  SPDEF 110 SPEED 80 
Luvdisc Lv14             HP 43  ATK 30  DEF 55  SPATK 40  SPDEF 65  SPEED 97 
Rayquaza Lv15            HP 105 ATK 150 DEF 90  SPATK 150 SPDEF 90  SPEED 95 
Koffing Lv19             HP 40  ATK 65  DEF 95  SPATK 60  SPDEF 45  SPEED 35 
Ampharos Lv21            HP 90  ATK 75  DEF 85  SPATK 115 SPDEF 90  SPEED 55 
Pineco Lv17              HP 50  ATK 65  DEF 90  SPATK 35  SPDEF 35  SPEED 15 
Kabuto Lv18              HP 30  ATK 80  DEF 90  SPATK 55  SPDEF 45  SPEED 55 
Snorunt Lv19             HP 50  ATK 50  DEF 50  SPATK 50  SPDEF 50  SPEED 50 
Luvdisc Lv18             HP 43  ATK 30  DEF 55  SPATK 40  SPDEF 65  SPEED 97 
Xatu Lv23                HP 65  ATK 75  DEF 70  SPATK 95  SPDEF 70  SPEED 95 

Set #60 - TORRE POKéMON Grass/Cave (rate=10)
Tropius Lv16             HP 99  ATK 68  DEF 83  SPATK 72  SPDEF 87  SPEED 51 
Parasect Lv17            HP 60  ATK 95  DEF 80  SPATK 60  SPDEF 80  SPEED 30 
Mudkip Lv18              HP 50  ATK 70  DEF 50  SPATK 50  SPDEF 50  SPEED 40 
Hoothoot Lv15            HP 60  ATK 30  DEF 30  SPATK 36  SPDEF 56  SPEED 50 
Geodude Lv19             HP 40  ATK 80  DEF 100 SPATK 30  SPDEF 30  SPEED 20 
Graveler Lv23            HP 55  ATK 95  DEF 115 SPATK 45  SPDEF 45  SPEED 35 
Registeel Lv17           HP 80  ATK 75  DEF 150 SPATK 75  SPDEF 150 SPEED 50 
Porygon2 Lv19            HP 85  ATK 80  DEF 90  SPATK 105 SPDEF 95  SPEED 60 
Crobat Lv18              HP 85  ATK 90  DEF 80  SPATK 70  SPDEF 80  SPEED 130
Regirock Lv23            HP 80  ATK 100 DEF 200 SPATK 50  SPDEF 100 SPEED 50 
Bulbasaur Lv18           HP 45  ATK 49  DEF 49  SPATK 65  SPDEF 65  SPEED 45 
Alakazam Lv25            HP 55  ATK 50  DEF 45  SPATK 135 SPDEF 95  SPEED 120

Set #61 - CENTRAL ENERGÍA Grass/Cave (rate=7)
Forretress Lv22          HP 75  ATK 90  DEF 140 SPATK 60  SPDEF 60  SPEED 40 
Nincada Lv22             HP 31  ATK 45  DEF 90  SPATK 30  SPDEF 30  SPEED 40 
Spoink Lv25              HP 60  ATK 25  DEF 35  SPATK 70  SPDEF 80  SPEED 60 
Minun Lv25               HP 60  ATK 40  DEF 50  SPATK 75  SPDEF 85  SPEED 95 
Pupitar Lv22             HP 70  ATK 84  DEF 70  SPATK 65  SPDEF 70  SPEED 51 
Dewgong Lv24             HP 90  ATK 70  DEF 80  SPATK 70  SPDEF 95  SPEED 70 
Mawile Lv31              HP 50  ATK 85  DEF 85  SPATK 55  SPDEF 55  SPEED 50 
Espeon Lv34              HP 65  ATK 65  DEF 60  SPATK 130 SPDEF 95  SPEED 110
Weedle Lv26              HP 40  ATK 35  DEF 30  SPATK 20  SPDEF 20  SPEED 50 
Swampert Lv32            HP 100 ATK 110 DEF 90  SPATK 85  SPDEF 90  SPEED 60 
Nincada Lv26             HP 31  ATK 45  DEF 90  SPATK 30  SPDEF 30  SPEED 40 
Relicanth Lv35           HP 100 ATK 90  DEF 130 SPATK 45  SPDEF 65  SPEED 55 

Set #62 - MT. ASCUAS Grass/Cave (rate=21)
Omastar Lv30             HP 70  ATK 60  DEF 125 SPATK 115 SPDEF 70  SPEED 55 
Bulbasaur Lv38           HP 45  ATK 49  DEF 49  SPATK 65  SPDEF 65  SPEED 45 
Metapod Lv33             HP 50  ATK 20  DEF 55  SPATK 25  SPDEF 25  SPEED 30 
Skiploom Lv32            HP 55  ATK 45  DEF 50  SPATK 45  SPDEF 65  SPEED 80 
Wooper Lv35              HP 55  ATK 45  DEF 45  SPATK 25  SPDEF 25  SPEED 15 
Mewtwo Lv33              HP 106 ATK 110 DEF 90  SPATK 154 SPDEF 90  SPEED 130
Wobbuffet Lv36           HP 190 ATK 33  DEF 58  SPATK 33  SPDEF 58  SPEED 33 
Ninjask Lv40             HP 61  ATK 90  DEF 45  SPATK 50  SPDEF 50  SPEED 160
Mew Lv30                 HP 100 ATK 100 DEF 100 SPATK 100 SPDEF 100 SPEED 100
Swablu Lv39              HP 45  ATK 40  DEF 60  SPATK 40  SPDEF 75  SPEED 50 
Venusaur Lv30            HP 80  ATK 82  DEF 83  SPATK 100 SPDEF 100 SPEED 80 
Zapdos Lv42              HP 90  ATK 90  DEF 85  SPATK 125 SPDEF 90  SPEED 100

Set #63 - MT. ASCUAS Rock Smash (rate=50)
Seedot Lvs 5-20          HP 40  ATK 40  DEF 50  SPATK 30  SPDEF 30  SPEED 30 
Shuckle Lvs 10-20        HP 20  ATK 10  DEF 230 SPATK 10  SPDEF 230 SPEED 5  
Cacturne Lvs 15-30       HP 70  ATK 115 DEF 60  SPATK 115 SPDEF 60  SPEED 55 
Mightyena Lvs 25-40      HP 70  ATK 90  DEF 70  SPATK 60  SPDEF 60  SPEED 70 
Primeape Lvs 30-40       HP 65  ATK 105 DEF 60  SPATK 60  SPDEF 70  SPEED 95 

Set #64 - MT. ASCUAS Grass/Cave (rate=7)
Porygon Lv33             HP 65  ATK 60  DEF 70  SPATK 85  SPDEF 75  SPEED 40 
Rapidash Lv35            HP 65  ATK 100 DEF 70  SPATK 80  SPDEF 80  SPEED 105
Pidgey Lv29              HP 40  ATK 45  DEF 40  SPATK 35  SPDEF 35  SPEED 56 
Espeon Lv31              HP 65  ATK 65  DEF 60  SPATK 130 SPDEF 95  SPEED 110
Mudkip Lv31              HP 50  ATK 70  DEF 50  SPATK 50  SPDEF 50  SPEED 40 
Lunatone Lv33            HP 90  ATK 55  DEF 65  SPATK 95  SPDEF 85  SPEED 70 
Kirlia Lv35              HP 38  ATK 35  DEF 35  SPATK 65  SPDEF 55  SPEED 50 
Medicham Lv37            HP 60  ATK 60  DEF 75  SPATK 60  SPDEF 75  SPEED 80 
Dratini Lv37             HP 41  ATK 64  DEF 45  SPATK 50  SPDEF 50  SPEED 50 
Ledyba Lv39              HP 40  ATK 20  DEF 30  SPATK 40  SPDEF 80  SPEED 55 
Loudred Lv37             HP 84  ATK 71  DEF 43  SPATK 71  SPDEF 43  SPEED 48 
Bulbasaur Lv39           HP 45  ATK 49  DEF 49  SPATK 65  SPDEF 65  SPEED 45 

Set #65 - MT. ASCUAS Grass/Cave (rate=7)
Jigglypuff Lv34          HP 115 ATK 45  DEF 20  SPATK 45  SPDEF 25  SPEED 20 
Kyogre Lv36              HP 100 ATK 100 DEF 90  SPATK 150 SPDEF 140 SPEED 90 
Ho-Oh Lv30               HP 106 ATK 130 DEF 90  SPATK 110 SPDEF 154 SPEED 90 
Machamp Lv32             HP 90  ATK 130 DEF 80  SPATK 65  SPDEF 85  SPEED 55 
Sunkern Lv32             HP 30  ATK 30  DEF 30  SPATK 30  SPDEF 30  SPEED 30 
Gardevoir Lv34           HP 68  ATK 65  DEF 65  SPATK 125 SPDEF 115 SPEED 80 
Furret Lv38              HP 85  ATK 76  DEF 64  SPATK 45  SPDEF 55  SPEED 90 
Masquerain Lv38          HP 70  ATK 60  DEF 62  SPATK 100 SPDEF 82  SPEED 80 
Wailord Lv40             HP 170 ATK 90  DEF 45  SPATK 90  SPDEF 45  SPEED 60 
Zangoose Lv40            HP 73  ATK 115 DEF 60  SPATK 60  SPDEF 60  SPEED 90 
Venomoth Lv40            HP 70  ATK 65  DEF 60  SPATK 90  SPDEF 75  SPEED 90 
Jigglypuff Lv40          HP 115 ATK 45  DEF 20  SPATK 45  SPDEF 25  SPEED 20 

Set #66 - MT. ASCUAS Rock Smash (rate=50)
Venomoth Lvs 5-20        HP 70  ATK 65  DEF 60  SPATK 90  SPDEF 75  SPEED 90 
Totodile Lvs 10-20       HP 50  ATK 65  DEF 64  SPATK 44  SPDEF 48  SPEED 43 
Graveler Lvs 15-30       HP 55  ATK 95  DEF 115 SPATK 45  SPDEF 45  SPEED 35 
Butterfree Lvs 25-40     HP 60  ATK 45  DEF 50  SPATK 90  SPDEF 80  SPEED 70 
Hitmonlee Lvs 30-40      HP 50  ATK 120 DEF 53  SPATK 35  SPDEF 110 SPEED 87 

Set #67 - MT. ASCUAS Grass/Cave (rate=7)
Hitmontop Lv33           HP 50  ATK 95  DEF 95  SPATK 35  SPDEF 110 SPEED 70 
Quagsire Lv35            HP 95  ATK 85  DEF 85  SPATK 65  SPDEF 65  SPEED 35 
Doduo Lv29               HP 35  ATK 85  DEF 45  SPATK 35  SPDEF 35  SPEED 75 
Cacnea Lv31              HP 50  ATK 85  DEF 40  SPATK 85  SPDEF 40  SPEED 35 
Dusclops Lv31            HP 40  ATK 70  DEF 130 SPATK 60  SPDEF 130 SPEED 25 
Nidoking Lv33            HP 81  ATK 102 DEF 77  SPATK 85  SPDEF 75  SPEED 85 
Absol Lv35               HP 65  ATK 130 DEF 60  SPATK 75  SPDEF 60  SPEED 75 
Flareon Lv37             HP 65  ATK 130 DEF 60  SPATK 95  SPDEF 110 SPEED 65 
Pidgeot Lv37             HP 83  ATK 80  DEF 75  SPATK 70  SPDEF 70  SPEED 101
Exeggcute Lv39           HP 60  ATK 40  DEF 80  SPATK 60  SPDEF 45  SPEED 40 
Aggron Lv37              HP 70  ATK 110 DEF 180 SPATK 60  SPDEF 60  SPEED 50 
Suicune Lv39             HP 100 ATK 75  DEF 115 SPATK 90  SPDEF 115 SPEED 85 

Set #68 - MT. ASCUAS Grass/Cave (rate=7)
Geodude Lv36             HP 40  ATK 80  DEF 100 SPATK 30  SPDEF 30  SPEED 20 
Magmar Lv38              HP 65  ATK 95  DEF 57  SPATK 100 SPDEF 85  SPEED 93 
Delibird Lv32            HP 45  ATK 55  DEF 45  SPATK 65  SPDEF 45  SPEED 75 
Bulbasaur Lv34           HP 45  ATK 49  DEF 49  SPATK 65  SPDEF 65  SPEED 45 
Registeel Lv34           HP 80  ATK 75  DEF 150 SPATK 75  SPDEF 150 SPEED 50 
Barboach Lv36            HP 50  ATK 48  DEF 43  SPATK 46  SPDEF 41  SPEED 60 
Jynx Lv38                HP 65  ATK 50  DEF 35  SPATK 115 SPDEF 95  SPEED 95 
Pinsir Lv40              HP 65  ATK 125 DEF 100 SPATK 55  SPDEF 70  SPEED 85 
Arbok Lv40               HP 60  ATK 95  DEF 69  SPATK 65  SPDEF 79  SPEED 80 
Eevee Lv42               HP 55  ATK 55  DEF 50  SPATK 45  SPDEF 65  SPEED 55 
Ho-Oh Lv40               HP 106 ATK 130 DEF 90  SPATK 110 SPDEF 154 SPEED 90 
Ariados Lv42             HP 70  ATK 90  DEF 70  SPATK 60  SPDEF 70  SPEED 40 

Set #69 - MT. ASCUAS Rock Smash (rate=50)
Teddiursa Lvs 25-35      HP 60  ATK 80  DEF 50  SPATK 50  SPDEF 50  SPEED 40 
Jumpluff Lvs 30-45       HP 75  ATK 55  DEF 70  SPATK 55  SPDEF 95  SPEED 110
Forretress Lvs 35-50     HP 75  ATK 90  DEF 140 SPATK 60  SPDEF 60  SPEED 40 
Misdreavus Lvs 30-40     HP 60  ATK 60  DEF 60  SPATK 85  SPDEF 85  SPEED 85 
Quagsire Lvs 30-40       HP 95  ATK 85  DEF 85  SPATK 65  SPDEF 65  SPEED 35 

Set #70 - MT. ASCUAS Grass/Cave (rate=7)
Pidgey Lv38              HP 40  ATK 45  DEF 40  SPATK 35  SPDEF 35  SPEED 56 
Teddiursa Lv36           HP 60  ATK 80  DEF 50  SPATK 50  SPDEF 50  SPEED 40 
Lapras Lv34              HP 130 ATK 85  DEF 80  SPATK 85  SPDEF 95  SPEED 60 
Elekid Lv40              HP 45  ATK 63  DEF 37  SPATK 65  SPDEF 55  SPEED 95 
Exeggcute Lv24           HP 60  ATK 40  DEF 80  SPATK 60  SPDEF 45  SPEED 40 
Igglybuff Lv26           HP 90  ATK 30  DEF 15  SPATK 40  SPDEF 20  SPEED 15 
Marshtomp Lv42           HP 70  ATK 85  DEF 70  SPATK 60  SPDEF 70  SPEED 50 
Politoed Lv28            HP 90  ATK 75  DEF 75  SPATK 90  SPDEF 100 SPEED 70 
Hariyama Lv42            HP 144 ATK 120 DEF 60  SPATK 40  SPDEF 60  SPEED 50 
Victreebel Lv30          HP 80  ATK 105 DEF 65  SPATK 100 SPDEF 70  SPEED 70 
Shellder Lv42            HP 30  ATK 65  DEF 100 SPATK 45  SPDEF 25  SPEED 40 
Kadabra Lv30             HP 40  ATK 35  DEF 30  SPATK 120 SPDEF 70  SPEED 105

Set #71 - MT. ASCUAS Rock Smash (rate=50)
Grumpig Lvs 25-35        HP 80  ATK 45  DEF 65  SPATK 90  SPDEF 110 SPEED 80 
Voltorb Lvs 30-45        HP 40  ATK 30  DEF 50  SPATK 55  SPDEF 55  SPEED 100
Wailord Lvs 35-50        HP 170 ATK 90  DEF 45  SPATK 90  SPDEF 45  SPEED 60 
Psyduck Lvs 30-40        HP 50  ATK 52  DEF 48  SPATK 65  SPDEF 50  SPEED 55 
Ampharos Lvs 30-40       HP 90  ATK 75  DEF 85  SPATK 115 SPDEF 90  SPEED 55 

Set #72 - MT. ASCUAS Grass/Cave (rate=7)
Shuppet Lv40             HP 44  ATK 75  DEF 35  SPATK 63  SPDEF 33  SPEED 45 
Kadabra Lv26             HP 40  ATK 35  DEF 30  SPATK 120 SPDEF 70  SPEED 105
Porygon2 Lv42            HP 85  ATK 80  DEF 90  SPATK 105 SPDEF 95  SPEED 60 
Beedrill Lv24            HP 65  ATK 90  DEF 40  SPATK 45  SPDEF 80  SPEED 75 
Tentacruel Lv28          HP 80  ATK 70  DEF 65  SPATK 80  SPDEF 120 SPEED 100
Wartortle Lv30           HP 59  ATK 63  DEF 80  SPATK 65  SPDEF 80  SPEED 58 
Tropius Lv44             HP 99  ATK 68  DEF 83  SPATK 72  SPDEF 87  SPEED 51 
Regirock Lv32            HP 80  ATK 100 DEF 200 SPATK 50  SPDEF 100 SPEED 50 
Gastly Lv44              HP 30  ATK 35  DEF 30  SPATK 100 SPDEF 35  SPEED 80 
Altaria Lv22             HP 75  ATK 70  DEF 90  SPATK 70  SPDEF 105 SPEED 80 
Nincada Lv44             HP 31  ATK 45  DEF 90  SPATK 30  SPDEF 30  SPEED 40 
Tyrogue Lv22             HP 35  ATK 35  DEF 35  SPATK 35  SPDEF 35  SPEED 35 

Set #73 - MT. ASCUAS Rock Smash (rate=50)
Steelix Lvs 25-35        HP 75  ATK 85  DEF 200 SPATK 55  SPDEF 65  SPEED 30 
Snorlax Lvs 30-45        HP 160 ATK 110 DEF 65  SPATK 65  SPDEF 110 SPEED 30 
Gligar Lvs 35-50         HP 65  ATK 75  DEF 105 SPATK 35  SPDEF 65  SPEED 85 
Marill Lvs 30-40         HP 70  ATK 20  DEF 50  SPATK 20  SPDEF 50  SPEED 40 
Wailord Lvs 30-40        HP 170 ATK 90  DEF 45  SPATK 90  SPDEF 45  SPEED 60 

Set #74 - MT. ASCUAS Grass/Cave (rate=7)
Sentret Lv26             HP 35  ATK 46  DEF 34  SPATK 35  SPDEF 45  SPEED 20 
Gulpin Lv28              HP 70  ATK 43  DEF 53  SPATK 43  SPDEF 53  SPEED 40 
Sceptile Lv30            HP 70  ATK 85  DEF 65  SPATK 105 SPDEF 85  SPEED 120
Linoone Lv32             HP 78  ATK 70  DEF 61  SPATK 50  SPDEF 61  SPEED 100
Haunter Lv24             HP 45  ATK 50  DEF 45  SPATK 115 SPDEF 55  SPEED 95 
Kangaskhan Lv22          HP 105 ATK 95  DEF 80  SPATK 40  SPDEF 80  SPEED 90 
Umbreon Lv20             HP 95  ATK 65  DEF 110 SPATK 60  SPDEF 130 SPEED 65 
Ledian Lv34              HP 55  ATK 35  DEF 50  SPATK 55  SPDEF 110 SPEED 85 
Miltank Lv36             HP 95  ATK 80  DEF 105 SPATK 40  SPDEF 70  SPEED 100
Ekans Lv18               HP 35  ATK 60  DEF 44  SPATK 40  SPDEF 54  SPEED 55 
Baltoy Lv36              HP 40  ATK 40  DEF 55  SPATK 40  SPDEF 70  SPEED 55 
Delcatty Lv18            HP 70  ATK 65  DEF 65  SPATK 55  SPDEF 55  SPEED 90 

Set #75 - MT. ASCUAS Rock Smash (rate=50)
Metapod Lvs 15-25        HP 50  ATK 20  DEF 55  SPATK 25  SPDEF 25  SPEED 30 
Ho-Oh Lvs 25-35          HP 106 ATK 130 DEF 90  SPATK 110 SPDEF 154 SPEED 90 
Lanturn Lvs 40-45        HP 125 ATK 58  DEF 58  SPATK 76  SPDEF 76  SPEED 67 
Larvitar Lvs 35-45       HP 50  ATK 64  DEF 50  SPATK 45  SPDEF 50  SPEED 41 
Yanma Lvs 25-35          HP 65  ATK 65  DEF 45  SPATK 75  SPDEF 45  SPEED 95 

Set #76 - MT. ASCUAS Grass/Cave (rate=7)
Medicham Lv40            HP 60  ATK 60  DEF 75  SPATK 60  SPDEF 75  SPEED 80 
Crobat Lv26              HP 85  ATK 90  DEF 80  SPATK 70  SPDEF 80  SPEED 130
Nidorino Lv42            HP 61  ATK 72  DEF 57  SPATK 55  SPDEF 55  SPEED 65 
Feebas Lv24              HP 20  ATK 15  DEF 20  SPATK 10  SPDEF 55  SPEED 80 
Scizor Lv28              HP 70  ATK 130 DEF 100 SPATK 55  SPDEF 80  SPEED 65 
Togetic Lv30             HP 55  ATK 40  DEF 85  SPATK 80  SPDEF 105 SPEED 40 
Pidgeot Lv44             HP 83  ATK 80  DEF 75  SPATK 70  SPDEF 70  SPEED 101
Jigglypuff Lv32          HP 115 ATK 45  DEF 20  SPATK 45  SPDEF 25  SPEED 20 
Pidgeotto Lv44           HP 63  ATK 60  DEF 55  SPATK 50  SPDEF 50  SPEED 71 
Swampert Lv22            HP 100 ATK 110 DEF 90  SPATK 85  SPDEF 90  SPEED 60 
Kakuna Lv44              HP 45  ATK 25  DEF 50  SPATK 25  SPDEF 25  SPEED 35 
Hitmonlee Lv22           HP 50  ATK 120 DEF 53  SPATK 35  SPDEF 110 SPEED 87 

Set #77 - MT. ASCUAS Rock Smash (rate=50)
Swablu Lvs 25-35         HP 45  ATK 40  DEF 60  SPATK 40  SPDEF 75  SPEED 50 
Phanpy Lvs 30-45         HP 90  ATK 60  DEF 60  SPATK 40  SPDEF 40  SPEED 40 
Granbull Lvs 35-50       HP 90  ATK 120 DEF 75  SPATK 60  SPDEF 60  SPEED 45 
Meowth Lvs 30-40         HP 40  ATK 45  DEF 35  SPATK 40  SPDEF 40  SPEED 90 
Ninjask Lvs 30-40        HP 61  ATK 90  DEF 45  SPATK 50  SPDEF 50  SPEED 160

Set #78 - MT. ASCUAS Grass/Cave (rate=7)
Pidgeot Lv38             HP 83  ATK 80  DEF 75  SPATK 70  SPDEF 70  SPEED 101
Shelgon Lv36             HP 65  ATK 95  DEF 100 SPATK 60  SPDEF 50  SPEED 50 
Wurmple Lv34             HP 45  ATK 45  DEF 35  SPATK 20  SPDEF 30  SPEED 20 
Aipom Lv40               HP 55  ATK 70  DEF 55  SPATK 40  SPDEF 55  SPEED 85 
Poliwag Lv24             HP 40  ATK 50  DEF 40  SPATK 40  SPDEF 40  SPEED 90 
Geodude Lv26             HP 40  ATK 80  DEF 100 SPATK 30  SPDEF 30  SPEED 20 
Mareep Lv42              HP 55  ATK 40  DEF 40  SPATK 65  SPDEF 45  SPEED 35 
Sentret Lv28             HP 35  ATK 46  DEF 34  SPATK 35  SPDEF 45  SPEED 20 
Azumarill Lv42           HP 100 ATK 50  DEF 80  SPATK 60  SPDEF 80  SPEED 50 
Aipom Lv30               HP 55  ATK 70  DEF 55  SPATK 40  SPDEF 55  SPEED 85 
Entei Lv42               HP 115 ATK 115 DEF 85  SPATK 90  SPDEF 75  SPEED 100
Tentacruel Lv30          HP 80  ATK 70  DEF 65  SPATK 80  SPDEF 120 SPEED 100

Set #79 - MT. ASCUAS Rock Smash (rate=50)
Scizor Lvs 25-35         HP 70  ATK 130 DEF 100 SPATK 55  SPDEF 80  SPEED 65 
Ho-Oh Lvs 30-45          HP 106 ATK 130 DEF 90  SPATK 110 SPDEF 154 SPEED 90 
Aron Lvs 35-50           HP 50  ATK 70  DEF 100 SPATK 40  SPDEF 40  SPEED 30 
Flaaffy Lvs 30-40        HP 70  ATK 55  DEF 55  SPATK 80  SPDEF 60  SPEED 45 
Makuhita Lvs 30-40       HP 72  ATK 60  DEF 30  SPATK 20  SPDEF 30  SPEED 25 

Set #80 - BOSQUE BAYA Grass/Cave (rate=21)
Abra Lv37                HP 25  ATK 20  DEF 15  SPATK 105 SPDEF 55  SPEED 90 
Lickitung Lv35           HP 90  ATK 55  DEF 75  SPATK 60  SPDEF 75  SPEED 30 
Snorlax Lv32             HP 160 ATK 110 DEF 65  SPATK 65  SPDEF 110 SPEED 30 
Sableye Lv30             HP 50  ATK 75  DEF 75  SPATK 65  SPDEF 65  SPEED 50 
Nidoran♂ Lv34            HP 46  ATK 57  DEF 40  SPATK 40  SPDEF 40  SPEED 50 
Igglybuff Lv34           HP 90  ATK 30  DEF 15  SPATK 40  SPDEF 20  SPEED 15 
Swinub Lv35              HP 50  ATK 50  DEF 40  SPATK 30  SPDEF 30  SPEED 50 
Slaking Lv31             HP 150 ATK 160 DEF 100 SPATK 95  SPDEF 65  SPEED 100
Goldeen Lv37             HP 45  ATK 67  DEF 60  SPATK 35  SPDEF 50  SPEED 63 
Rhydon Lv37              HP 105 ATK 130 DEF 120 SPATK 45  SPDEF 45  SPEED 40 
Miltank Lv40             HP 95  ATK 80  DEF 105 SPATK 40  SPDEF 70  SPEED 100
Golbat Lv40              HP 75  ATK 80  DEF 70  SPATK 65  SPDEF 75  SPEED 90 

Set #81 - BOSQUE BAYA Surfing (rate=2)
Marill Lvs 5-20          HP 70  ATK 20  DEF 50  SPATK 20  SPDEF 50  SPEED 40 
Ditto Lvs 20-35          HP 48  ATK 48  DEF 48  SPATK 48  SPDEF 48  SPEED 48 
Kingler Lvs 35-40        HP 55  ATK 130 DEF 115 SPATK 50  SPDEF 50  SPEED 75 
Steelix Lvs 35-40        HP 75  ATK 85  DEF 200 SPATK 55  SPDEF 65  SPEED 30 
Feebas Lvs 35-40         HP 20  ATK 15  DEF 20  SPATK 10  SPDEF 55  SPEED 80 

Set #82 - BOSQUE BAYA Fishing (rate=20)
Lickitung Lv5            HP 90  ATK 55  DEF 75  SPATK 60  SPDEF 75  SPEED 30 
Weedle Lv5               HP 40  ATK 35  DEF 30  SPATK 20  SPDEF 20  SPEED 50 
Mr. Mime Lvs 5-15        HP 40  ATK 45  DEF 65  SPATK 100 SPDEF 120 SPEED 90 
Mankey Lvs 5-15          HP 40  ATK 80  DEF 35  SPATK 35  SPDEF 45  SPEED 70 
Spinarak Lvs 5-15        HP 40  ATK 60  DEF 40  SPATK 40  SPDEF 40  SPEED 30 
Ampharos Lvs 15-25       HP 90  ATK 75  DEF 85  SPATK 115 SPDEF 90  SPEED 55 
Plusle Lvs 20-30         HP 60  ATK 50  DEF 40  SPATK 85  SPDEF 75  SPEED 95 
Sealeo Lvs 15-25         HP 90  ATK 60  DEF 70  SPATK 75  SPDEF 70  SPEED 45 
Pichu Lvs 15-25          HP 20  ATK 40  DEF 15  SPATK 35  SPDEF 35  SPEED 60 
Ariados Lvs 25-35        HP 70  ATK 90  DEF 70  SPATK 60  SPDEF 70  SPEED 40 

Set #83 - CUEVA GLACIADA Grass/Cave (rate=7)
Absol Lv43               HP 65  ATK 130 DEF 60  SPATK 75  SPDEF 60  SPEED 75 
Pinsir Lv45              HP 65  ATK 125 DEF 100 SPATK 55  SPDEF 70  SPEED 85 
Medicham Lv45            HP 60  ATK 60  DEF 75  SPATK 60  SPDEF 75  SPEED 80 
Onix Lv47                HP 35  ATK 45  DEF 160 SPATK 30  SPDEF 45  SPEED 70 
Abra Lv40                HP 25  ATK 20  DEF 15  SPATK 105 SPDEF 55  SPEED 90 
Nidorino Lv49            HP 61  ATK 72  DEF 57  SPATK 55  SPDEF 55  SPEED 65 
Lileep Lv51              HP 66  ATK 41  DEF 77  SPATK 61  SPDEF 87  SPEED 23 
Electabuzz Lv41          HP 65  ATK 83  DEF 57  SPATK 95  SPDEF 85  SPEED 105
Spinda Lv48              HP 60  ATK 60  DEF 60  SPATK 60  SPDEF 60  SPEED 60 
Slugma Lv53              HP 40  ATK 40  DEF 40  SPATK 70  SPDEF 40  SPEED 20 
Bayleef Lv48             HP 60  ATK 62  DEF 80  SPATK 63  SPDEF 80  SPEED 60 
Glalie Lv53              HP 80  ATK 80  DEF 80  SPATK 80  SPDEF 80  SPEED 80 

Set #84 - CUEVA GLACIADA Surfing (rate=2)
Lickitung Lvs 5-35       HP 90  ATK 55  DEF 75  SPATK 60  SPDEF 75  SPEED 30 
Hariyama Lvs 5-35        HP 144 ATK 120 DEF 60  SPATK 40  SPDEF 60  SPEED 50 
Zigzagoon Lvs 35-40      HP 38  ATK 30  DEF 41  SPATK 30  SPDEF 41  SPEED 60 
Seviper Lvs 5-15         HP 73  ATK 100 DEF 60  SPATK 100 SPDEF 60  SPEED 65 
Altaria Lvs 5-15         HP 75  ATK 70  DEF 90  SPATK 70  SPDEF 105 SPEED 80 

Set #85 - CUEVA GLACIADA Fishing (rate=20)
Poliwhirl Lv5            HP 65  ATK 65  DEF 65  SPATK 50  SPDEF 50  SPEED 90 
Ledian Lv5               HP 55  ATK 35  DEF 50  SPATK 55  SPDEF 110 SPEED 85 
Gulpin Lvs 5-15          HP 70  ATK 43  DEF 53  SPATK 43  SPDEF 53  SPEED 40 
Snorunt Lvs 5-15         HP 50  ATK 50  DEF 50  SPATK 50  SPDEF 50  SPEED 50 
Slugma Lvs 5-15          HP 40  ATK 40  DEF 40  SPATK 70  SPDEF 40  SPEED 20 
Carvanha Lvs 15-25       HP 45  ATK 90  DEF 20  SPATK 65  SPDEF 20  SPEED 65 
Dodrio Lvs 20-30         HP 60  ATK 110 DEF 70  SPATK 60  SPDEF 60  SPEED 110
Entei Lvs 15-25          HP 115 ATK 115 DEF 85  SPATK 90  SPDEF 75  SPEED 100
Deoxys Lvs 15-25         HP 50  ATK 180 DEF 20  SPATK 180 SPDEF 20  SPEED 150
Walrein Lvs 25-35        HP 110 ATK 80  DEF 90  SPATK 95  SPDEF 90  SPEED 65 

Set #86 - CUEVA GLACIADA Grass/Cave (rate=7)
Wingull Lv25             HP 40  ATK 30  DEF 30  SPATK 55  SPDEF 30  SPEED 85 
Psyduck Lv45             HP 50  ATK 52  DEF 48  SPATK 65  SPDEF 50  SPEED 55 
Magnemite Lv45           HP 25  ATK 35  DEF 70  SPATK 95  SPDEF 55  SPEED 45 
Wailmer Lv27             HP 130 ATK 70  DEF 35  SPATK 70  SPDEF 35  SPEED 60 
Zapdos Lv40              HP 90  ATK 90  DEF 85  SPATK 125 SPDEF 90  SPEED 100
Vileplume Lv29           HP 75  ATK 80  DEF 85  SPATK 110 SPDEF 90  SPEED 50 
Ekans Lv30               HP 35  ATK 60  DEF 44  SPATK 40  SPDEF 54  SPEED 55 
Octillery Lv31           HP 75  ATK 105 DEF 75  SPATK 105 SPDEF 75  SPEED 45 
Pichu Lv48               HP 20  ATK 40  DEF 15  SPATK 35  SPDEF 35  SPEED 60 
Swablu Lv23              HP 45  ATK 40  DEF 60  SPATK 40  SPDEF 75  SPEED 50 
Houndour Lv48            HP 45  ATK 60  DEF 30  SPATK 80  SPDEF 50  SPEED 65 
Espeon Lv23              HP 65  ATK 65  DEF 60  SPATK 130 SPDEF 95  SPEED 110

Set #87 - CUEVA GLACIADA Grass/Cave (rate=7)
Volbeat Lv25             HP 65  ATK 73  DEF 75  SPATK 47  SPDEF 85  SPEED 85 
Groudon Lv45             HP 100 ATK 150 DEF 140 SPATK 100 SPDEF 90  SPEED 90 
Seadra Lv45              HP 55  ATK 65  DEF 95  SPATK 95  SPDEF 45  SPEED 85 
Dragonair Lv27           HP 61  ATK 84  DEF 65  SPATK 70  SPDEF 70  SPEED 70 
Beedrill Lv40            HP 65  ATK 90  DEF 40  SPATK 45  SPDEF 80  SPEED 75 
Spinda Lv29              HP 60  ATK 60  DEF 60  SPATK 60  SPDEF 60  SPEED 60 
Machoke Lv30             HP 80  ATK 100 DEF 70  SPATK 50  SPDEF 60  SPEED 45 
Dragonair Lv31           HP 61  ATK 84  DEF 65  SPATK 70  SPDEF 70  SPEED 70 
Sunflora Lv48            HP 75  ATK 75  DEF 55  SPATK 105 SPDEF 85  SPEED 30 
Arbok Lv23               HP 60  ATK 95  DEF 69  SPATK 65  SPDEF 79  SPEED 80 
Oddish Lv48              HP 45  ATK 50  DEF 55  SPATK 75  SPDEF 65  SPEED 30 
Meowth Lv23              HP 40  ATK 45  DEF 35  SPATK 40  SPDEF 40  SPEED 90 

Set #88 - CUEVA GLACIADA Grass/Cave (rate=7)
Electrode Lv43           HP 60  ATK 50  DEF 70  SPATK 80  SPDEF 80  SPEED 150
Venomoth Lv45            HP 70  ATK 65  DEF 60  SPATK 90  SPDEF 75  SPEED 90 
Carvanha Lv45            HP 45  ATK 90  DEF 20  SPATK 65  SPDEF 20  SPEED 65 
Smeargle Lv47            HP 55  ATK 20  DEF 35  SPATK 20  SPDEF 45  SPEED 75 
Chimecho Lv40            HP 75  ATK 50  DEF 80  SPATK 95  SPDEF 90  SPEED 65 
Scyther Lv49             HP 70  ATK 110 DEF 80  SPATK 55  SPDEF 80  SPEED 105
Bulbasaur Lv51           HP 45  ATK 49  DEF 49  SPATK 65  SPDEF 65  SPEED 45 
Feraligatr Lv41          HP 85  ATK 105 DEF 100 SPATK 79  SPDEF 83  SPEED 78 
Noctowl Lv48             HP 100 ATK 50  DEF 50  SPATK 86  SPDEF 96  SPEED 70 
Chansey Lv53             HP 250 ATK 5   DEF 5   SPATK 35  SPDEF 105 SPEED 50 
Dusclops Lv48            HP 40  ATK 70  DEF 130 SPATK 60  SPDEF 130 SPEED 25 
Nosepass Lv53            HP 30  ATK 45  DEF 135 SPATK 45  SPDEF 90  SPEED 30 

Set #89 - CUEVA GLACIADA Surfing (rate=2)
Kecleon Lvs 5-20         HP 60  ATK 90  DEF 70  SPATK 60  SPDEF 120 SPEED 40 
Grumpig Lvs 20-35        HP 80  ATK 45  DEF 65  SPATK 90  SPDEF 110 SPEED 80 
Taillow Lvs 35-45        HP 40  ATK 55  DEF 30  SPATK 30  SPDEF 30  SPEED 85 
Clamperl Lvs 35-45       HP 35  ATK 64  DEF 85  SPATK 74  SPDEF 55  SPEED 32 
Vulpix Lvs 30-45         HP 38  ATK 41  DEF 40  SPATK 50  SPDEF 65  SPEED 65 

Set #90 - CUEVA GLACIADA Fishing (rate=20)
Chinchou Lv5             HP 75  ATK 38  DEF 38  SPATK 56  SPDEF 56  SPEED 67 
Meditite Lv5             HP 30  ATK 40  DEF 55  SPATK 40  SPDEF 55  SPEED 60 
Hariyama Lvs 5-15        HP 144 ATK 120 DEF 60  SPATK 40  SPDEF 60  SPEED 50 
Kabuto Lvs 5-15          HP 30  ATK 80  DEF 90  SPATK 55  SPDEF 45  SPEED 55 
Electrike Lvs 5-15       HP 40  ATK 45  DEF 40  SPATK 65  SPDEF 40  SPEED 65 
Charmander Lvs 15-25     HP 39  ATK 52  DEF 43  SPATK 60  SPDEF 50  SPEED 65 
Swinub Lvs 15-25         HP 50  ATK 50  DEF 40  SPATK 30  SPDEF 30  SPEED 50 
Diglett Lvs 15-25        HP 10  ATK 55  DEF 25  SPATK 35  SPDEF 45  SPEED 95 
Qwilfish Lvs 25-35       HP 65  ATK 95  DEF 85  SPATK 55  SPDEF 55  SPEED 85 
Primeape Lvs 25-35       HP 65  ATK 105 DEF 60  SPATK 60  SPDEF 70  SPEED 95 

Set #91 - BOSQUEJO Grass/Cave (rate=21)
Minun Lv9                HP 60  ATK 40  DEF 50  SPATK 75  SPDEF 85  SPEED 95 
Blissey Lv9              HP 255 ATK 10  DEF 10  SPATK 75  SPDEF 135 SPEED 55 
Grovyle Lv14             HP 50  ATK 65  DEF 45  SPATK 85  SPDEF 65  SPEED 95 
Skitty Lv6               HP 50  ATK 45  DEF 45  SPATK 35  SPDEF 35  SPEED 50 
Alakazam Lv6             HP 55  ATK 50  DEF 45  SPATK 135 SPDEF 95  SPEED 120
Mudkip Lv15              HP 50  ATK 70  DEF 50  SPATK 50  SPDEF 50  SPEED 40 
Raticate Lv9             HP 55  ATK 81  DEF 60  SPATK 50  SPDEF 70  SPEED 97 
Wigglytuff Lv20          HP 140 ATK 70  DEF 45  SPATK 85  SPDEF 50  SPEED 45 
Skiploom Lv9             HP 55  ATK 45  DEF 50  SPATK 45  SPDEF 65  SPEED 80 
Granbull Lv25            HP 90  ATK 120 DEF 75  SPATK 60  SPDEF 60  SPEED 45 
Tyranitar Lv14           HP 100 ATK 134 DEF 110 SPATK 95  SPDEF 100 SPEED 61 
Misdreavus Lv30          HP 60  ATK 60  DEF 60  SPATK 85  SPDEF 85  SPEED 85 

Set #92 - CUEVA PERDIDA Grass/Cave (rate=1)
Mudkip Lv40              HP 50  ATK 70  DEF 50  SPATK 50  SPDEF 50  SPEED 40 
Staryu Lv37              HP 30  ATK 45  DEF 55  SPATK 70  SPDEF 55  SPEED 85 
Raichu Lv44              HP 60  ATK 90  DEF 55  SPATK 90  SPDEF 80  SPEED 110
Smeargle Lv46            HP 55  ATK 20  DEF 35  SPATK 20  SPDEF 45  SPEED 75 
Xatu Lv41                HP 65  ATK 75  DEF 70  SPATK 95  SPDEF 70  SPEED 95 
Cradily Lv43             HP 86  ATK 81  DEF 97  SPATK 81  SPDEF 107 SPEED 43 
Baltoy Lv38              HP 40  ATK 40  DEF 55  SPATK 40  SPDEF 70  SPEED 55 
Hypno Lv48               HP 85  ATK 73  DEF 70  SPATK 73  SPDEF 115 SPEED 67 
Volbeat Lv50             HP 65  ATK 73  DEF 75  SPATK 47  SPDEF 85  SPEED 85 
Tangela Lv22             HP 65  ATK 55  DEF 115 SPATK 100 SPDEF 40  SPEED 60 
Mr. Mime Lv52            HP 40  ATK 45  DEF 65  SPATK 100 SPDEF 120 SPEED 90 
Trapinch Lv22            HP 45  ATK 100 DEF 45  SPATK 45  SPDEF 45  SPEED 10 

Set #93 - CUEVA PERDIDA Grass/Cave (rate=2)
Seedot Lv40              HP 40  ATK 40  DEF 50  SPATK 30  SPDEF 30  SPEED 30 
Loudred Lv37             HP 84  ATK 71  DEF 43  SPATK 71  SPDEF 43  SPEED 48 
Sealeo Lv44              HP 90  ATK 60  DEF 70  SPATK 75  SPDEF 70  SPEED 45 
Arbok Lv46               HP 60  ATK 95  DEF 69  SPATK 65  SPDEF 79  SPEED 80 
Glalie Lv41              HP 80  ATK 80  DEF 80  SPATK 80  SPDEF 80  SPEED 80 
Feraligatr Lv43          HP 85  ATK 105 DEF 100 SPATK 79  SPDEF 83  SPEED 78 
Salamence Lv38           HP 95  ATK 135 DEF 80  SPATK 110 SPDEF 80  SPEED 100
Yanma Lv48               HP 65  ATK 65  DEF 45  SPATK 75  SPDEF 45  SPEED 95 
Whismur Lv50             HP 64  ATK 51  DEF 23  SPATK 51  SPDEF 23  SPEED 28 
Kangaskhan Lv22          HP 105 ATK 95  DEF 80  SPATK 40  SPDEF 80  SPEED 90 
Kabuto Lv52              HP 30  ATK 80  DEF 90  SPATK 55  SPDEF 45  SPEED 55 
Meditite Lv22            HP 30  ATK 40  DEF 55  SPATK 40  SPDEF 55  SPEED 60 

Set #94 - CUEVA PERDIDA Grass/Cave (rate=3)
Parasect Lv40            HP 60  ATK 95  DEF 80  SPATK 60  SPDEF 80  SPEED 30 
Vulpix Lv37              HP 38  ATK 41  DEF 40  SPATK 50  SPDEF 65  SPEED 65 
Kakuna Lv44              HP 45  ATK 25  DEF 50  SPATK 25  SPDEF 25  SPEED 35 
Cacturne Lv46            HP 70  ATK 115 DEF 60  SPATK 115 SPDEF 60  SPEED 55 
Bagon Lv41               HP 45  ATK 75  DEF 60  SPATK 40  SPDEF 30  SPEED 50 
Machop Lv43              HP 70  ATK 80  DEF 50  SPATK 35  SPDEF 35  SPEED 35 
Swablu Lv38              HP 45  ATK 40  DEF 60  SPATK 40  SPDEF 75  SPEED 50 
Rapidash Lv48            HP 65  ATK 100 DEF 70  SPATK 80  SPDEF 80  SPEED 105
Psyduck Lv50             HP 50  ATK 52  DEF 48  SPATK 65  SPDEF 50  SPEED 55 
Delcatty Lv22            HP 70  ATK 65  DEF 65  SPATK 55  SPDEF 55  SPEED 90 
Ho-Oh Lv52               HP 106 ATK 130 DEF 90  SPATK 110 SPDEF 154 SPEED 90 
Roselia Lv22             HP 50  ATK 60  DEF 45  SPATK 100 SPDEF 80  SPEED 65 

Set #95 - CUEVA PERDIDA Grass/Cave (rate=4)
Makuhita Lv40            HP 72  ATK 60  DEF 30  SPATK 20  SPDEF 30  SPEED 25 
Charizard Lv37           HP 78  ATK 84  DEF 78  SPATK 109 SPDEF 85  SPEED 100
Staryu Lv44              HP 30  ATK 45  DEF 55  SPATK 70  SPDEF 55  SPEED 85 
Eevee Lv46               HP 55  ATK 55  DEF 50  SPATK 45  SPDEF 65  SPEED 55 
Beldum Lv41              HP 40  ATK 55  DEF 80  SPATK 35  SPDEF 60  SPEED 30 
Forretress Lv43          HP 75  ATK 90  DEF 140 SPATK 60  SPDEF 60  SPEED 40 
Mew Lv38                 HP 100 ATK 100 DEF 100 SPATK 100 SPDEF 100 SPEED 100
Walrein Lv48             HP 110 ATK 80  DEF 90  SPATK 95  SPDEF 90  SPEED 65 
Volbeat Lv50             HP 65  ATK 73  DEF 75  SPATK 47  SPDEF 85  SPEED 85 
Poliwhirl Lv22           HP 65  ATK 65  DEF 65  SPATK 50  SPDEF 50  SPEED 90 
Marowak Lv52             HP 60  ATK 80  DEF 110 SPATK 50  SPDEF 80  SPEED 45 
Donphan Lv22             HP 90  ATK 120 DEF 120 SPATK 60  SPDEF 60  SPEED 50 

Set #96 - CUEVA PERDIDA Grass/Cave (rate=5)
Pelipper Lv40            HP 60  ATK 50  DEF 100 SPATK 95  SPDEF 70  SPEED 65 
Minun Lv37               HP 60  ATK 40  DEF 50  SPATK 75  SPDEF 85  SPEED 95 
Meganium Lv44            HP 80  ATK 82  DEF 100 SPATK 83  SPDEF 100 SPEED 80 
Glalie Lv46              HP 80  ATK 80  DEF 80  SPATK 80  SPDEF 80  SPEED 80 
Slowpoke Lv41            HP 90  ATK 65  DEF 65  SPATK 40  SPDEF 40  SPEED 15 
Gyarados Lv43            HP 95  ATK 125 DEF 79  SPATK 60  SPDEF 100 SPEED 81 
Drowzee Lv38             HP 60  ATK 48  DEF 45  SPATK 43  SPDEF 90  SPEED 42 
Parasect Lv48            HP 60  ATK 95  DEF 80  SPATK 60  SPDEF 80  SPEED 30 
Solrock Lv50             HP 90  ATK 95  DEF 85  SPATK 55  SPDEF 65  SPEED 70 
Metang Lv22              HP 60  ATK 75  DEF 100 SPATK 55  SPDEF 80  SPEED 50 
Dratini Lv52             HP 41  ATK 64  DEF 45  SPATK 50  SPDEF 50  SPEED 50 
Makuhita Lv22            HP 72  ATK 60  DEF 30  SPATK 20  SPDEF 30  SPEED 25 

Set #97 - CUEVA PERDIDA Grass/Cave (rate=6)
Regirock Lv40            HP 80  ATK 100 DEF 200 SPATK 50  SPDEF 100 SPEED 50 
Golem Lv37               HP 80  ATK 120 DEF 130 SPATK 55  SPDEF 65  SPEED 45 
Ludicolo Lv44            HP 80  ATK 70  DEF 70  SPATK 90  SPDEF 100 SPEED 70 
Luvdisc Lv46             HP 43  ATK 30  DEF 55  SPATK 40  SPDEF 65  SPEED 97 
Vigoroth Lv41            HP 80  ATK 80  DEF 80  SPATK 55  SPDEF 55  SPEED 90 
Relicanth Lv43           HP 100 ATK 90  DEF 130 SPATK 45  SPDEF 65  SPEED 55 
Dragonair Lv38           HP 61  ATK 84  DEF 65  SPATK 70  SPDEF 70  SPEED 70 
Exeggutor Lv48           HP 95  ATK 95  DEF 85  SPATK 125 SPDEF 75  SPEED 55 
Banette Lv50             HP 64  ATK 115 DEF 65  SPATK 83  SPDEF 63  SPEED 65 
Aerodactyl Lv22          HP 80  ATK 105 DEF 65  SPATK 60  SPDEF 75  SPEED 130
Xatu Lv52                HP 65  ATK 75  DEF 70  SPATK 95  SPDEF 70  SPEED 95 
Gulpin Lv22              HP 70  ATK 43  DEF 53  SPATK 43  SPDEF 53  SPEED 40 

Set #98 - CUEVA PERDIDA Grass/Cave (rate=7)
Piloswine Lv40           HP 100 ATK 100 DEF 80  SPATK 60  SPDEF 60  SPEED 50 
Shuppet Lv37             HP 44  ATK 75  DEF 35  SPATK 63  SPDEF 33  SPEED 45 
Spoink Lv44              HP 60  ATK 25  DEF 35  SPATK 70  SPDEF 80  SPEED 60 
Gengar Lv46              HP 60  ATK 65  DEF 60  SPATK 130 SPDEF 75  SPEED 110
Omastar Lv41             HP 70  ATK 60  DEF 125 SPATK 115 SPDEF 70  SPEED 55 
Kabuto Lv43              HP 30  ATK 80  DEF 90  SPATK 55  SPDEF 45  SPEED 55 
Qwilfish Lv38            HP 65  ATK 95  DEF 85  SPATK 55  SPDEF 55  SPEED 85 
Omastar Lv48             HP 70  ATK 60  DEF 125 SPATK 115 SPDEF 70  SPEED 55 
Aerodactyl Lv50          HP 80  ATK 105 DEF 65  SPATK 60  SPDEF 75  SPEED 130
Wynaut Lv22              HP 95  ATK 23  DEF 48  SPATK 23  SPDEF 48  SPEED 23 
Mudkip Lv52              HP 50  ATK 70  DEF 50  SPATK 50  SPDEF 50  SPEED 40 
Tauros Lv22              HP 75  ATK 100 DEF 95  SPATK 40  SPDEF 70  SPEED 110

Set #99 - CUEVA PERDIDA Grass/Cave (rate=8)
Granbull Lv40            HP 90  ATK 120 DEF 75  SPATK 60  SPDEF 60  SPEED 45 
Meowth Lv37              HP 40  ATK 45  DEF 35  SPATK 40  SPDEF 40  SPEED 90 
Ariados Lv44             HP 70  ATK 90  DEF 70  SPATK 60  SPDEF 70  SPEED 40 
Totodile Lv46            HP 50  ATK 65  DEF 64  SPATK 44  SPDEF 48  SPEED 43 
Castform Lv41            HP 70  ATK 70  DEF 70  SPATK 70  SPDEF 70  SPEED 70 
Drowzee Lv43             HP 60  ATK 48  DEF 45  SPATK 43  SPDEF 90  SPEED 42 
Regice Lv38              HP 80  ATK 50  DEF 100 SPATK 100 SPDEF 200 SPEED 50 
Raichu Lv48              HP 60  ATK 90  DEF 55  SPATK 90  SPDEF 80  SPEED 110
Crobat Lv50              HP 85  ATK 90  DEF 80  SPATK 70  SPDEF 80  SPEED 130
Shellder Lv22            HP 30  ATK 65  DEF 100 SPATK 45  SPDEF 25  SPEED 40 
Seaking Lv52             HP 80  ATK 92  DEF 65  SPATK 65  SPDEF 80  SPEED 68 
Forretress Lv22          HP 75  ATK 90  DEF 140 SPATK 60  SPDEF 60  SPEED 40 

Set #100 - CUEVA PERDIDA Grass/Cave (rate=9)
Qwilfish Lv40            HP 65  ATK 95  DEF 85  SPATK 55  SPDEF 55  SPEED 85 
Crobat Lv37              HP 85  ATK 90  DEF 80  SPATK 70  SPDEF 80  SPEED 130
Mawile Lv44              HP 50  ATK 85  DEF 85  SPATK 55  SPDEF 55  SPEED 50 
Vileplume Lv46           HP 75  ATK 80  DEF 85  SPATK 110 SPDEF 90  SPEED 50 
Umbreon Lv41             HP 95  ATK 65  DEF 110 SPATK 60  SPDEF 130 SPEED 65 
Meganium Lv43            HP 80  ATK 82  DEF 100 SPATK 83  SPDEF 100 SPEED 80 
Solrock Lv38             HP 90  ATK 95  DEF 85  SPATK 55  SPDEF 65  SPEED 70 
Slowbro Lv48             HP 95  ATK 75  DEF 110 SPATK 100 SPDEF 80  SPEED 30 
Persian Lv50             HP 65  ATK 70  DEF 60  SPATK 65  SPDEF 65  SPEED 115
Blaziken Lv22            HP 80  ATK 120 DEF 70  SPATK 110 SPDEF 70  SPEED 80 
Skiploom Lv52            HP 55  ATK 45  DEF 50  SPATK 45  SPDEF 65  SPEED 80 
Kingdra Lv22             HP 75  ATK 95  DEF 95  SPATK 95  SPDEF 95  SPEED 85 

Set #101 - CUEVA PERDIDA Grass/Cave (rate=10)
Cleffa Lv40              HP 50  ATK 25  DEF 28  SPATK 45  SPDEF 55  SPEED 15 
Walrein Lv37             HP 110 ATK 80  DEF 90  SPATK 95  SPDEF 90  SPEED 65 
Togepi Lv44              HP 35  ATK 20  DEF 65  SPATK 40  SPDEF 65  SPEED 20 
Regice Lv46              HP 80  ATK 50  DEF 100 SPATK 100 SPDEF 200 SPEED 50 
Ariados Lv41             HP 70  ATK 90  DEF 70  SPATK 60  SPDEF 70  SPEED 40 
Starmie Lv43             HP 60  ATK 75  DEF 85  SPATK 100 SPDEF 85  SPEED 115
Pichu Lv38               HP 20  ATK 40  DEF 15  SPATK 35  SPDEF 35  SPEED 60 
Cradily Lv48             HP 86  ATK 81  DEF 97  SPATK 81  SPDEF 107 SPEED 43 
Sentret Lv50             HP 35  ATK 46  DEF 34  SPATK 35  SPDEF 45  SPEED 20 
Torchic Lv22             HP 45  ATK 60  DEF 40  SPATK 70  SPDEF 50  SPEED 45 
Ditto Lv52               HP 48  ATK 48  DEF 48  SPATK 48  SPDEF 48  SPEED 48 
Seel Lv22                HP 65  ATK 45  DEF 55  SPATK 45  SPDEF 70  SPEED 45 

Set #102 - CUEVA PERDIDA Grass/Cave (rate=5)
Ursaring Lv40            HP 90  ATK 130 DEF 75  SPATK 75  SPDEF 75  SPEED 55 
Spoink Lv37              HP 60  ATK 25  DEF 35  SPATK 70  SPDEF 80  SPEED 60 
Croconaw Lv44            HP 65  ATK 80  DEF 80  SPATK 59  SPDEF 63  SPEED 58 
Nidoran♀ Lv46            HP 55  ATK 47  DEF 52  SPATK 40  SPDEF 40  SPEED 41 
Murkrow Lv41             HP 60  ATK 85  DEF 42  SPATK 85  SPDEF 42  SPEED 91 
Claydol Lv15             HP 60  ATK 70  DEF 105 SPATK 70  SPDEF 120 SPEED 75 
Ariados Lv20             HP 70  ATK 90  DEF 70  SPATK 60  SPDEF 70  SPEED 40 
Lotad Lv48               HP 40  ATK 30  DEF 30  SPATK 40  SPDEF 50  SPEED 30 
Tyranitar Lv50           HP 100 ATK 134 DEF 110 SPATK 95  SPDEF 100 SPEED 61 
Porygon Lv22             HP 65  ATK 60  DEF 70  SPATK 85  SPDEF 75  SPEED 40 
Blaziken Lv52            HP 80  ATK 120 DEF 70  SPATK 110 SPDEF 70  SPEED 80 
Banette Lv22             HP 64  ATK 115 DEF 65  SPATK 83  SPDEF 63  SPEED 65 

Set #103 - CUEVA PERDIDA Grass/Cave (rate=5)
Torchic Lv40             HP 45  ATK 60  DEF 40  SPATK 70  SPDEF 50  SPEED 45 
Charizard Lv37           HP 78  ATK 84  DEF 78  SPATK 109 SPDEF 85  SPEED 100
Ninjask Lv44             HP 61  ATK 90  DEF 45  SPATK 50  SPDEF 50  SPEED 160
Aron Lv46                HP 50  ATK 70  DEF 100 SPATK 40  SPDEF 40  SPEED 30 
Koffing Lv41             HP 40  ATK 65  DEF 95  SPATK 60  SPDEF 45  SPEED 35 
Clefable Lv15            HP 95  ATK 70  DEF 73  SPATK 95  SPDEF 90  SPEED 60 
Hitmonchan Lv20          HP 50  ATK 105 DEF 79  SPATK 35  SPDEF 110 SPEED 76 
Raikou Lv48              HP 90  ATK 85  DEF 75  SPATK 115 SPDEF 100 SPEED 115
Slugma Lv50              HP 40  ATK 40  DEF 40  SPATK 70  SPDEF 40  SPEED 20 
Kirlia Lv22              HP 38  ATK 35  DEF 35  SPATK 65  SPDEF 55  SPEED 50 
Wurmple Lv52             HP 45  ATK 45  DEF 35  SPATK 20  SPDEF 30  SPEED 20 
Lombre Lv22              HP 60  ATK 50  DEF 50  SPATK 60  SPDEF 70  SPEED 50 

Set #104 - CUEVA PERDIDA Grass/Cave (rate=5)
Slowpoke Lv40            HP 90  ATK 65  DEF 65  SPATK 40  SPDEF 40  SPEED 15 
Latios Lv37              HP 80  ATK 90  DEF 80  SPATK 130 SPDEF 110 SPEED 110
Horsea Lv44              HP 30  ATK 40  DEF 70  SPATK 70  SPDEF 25  SPEED 60 
Grumpig Lv46             HP 80  ATK 45  DEF 65  SPATK 90  SPDEF 110 SPEED 80 
Shuckle Lv41             HP 20  ATK 10  DEF 230 SPATK 10  SPDEF 230 SPEED 5  
Nidoran♂ Lv15            HP 46  ATK 57  DEF 40  SPATK 40  SPDEF 40  SPEED 50 
Graveler Lv20            HP 55  ATK 95  DEF 115 SPATK 45  SPDEF 45  SPEED 35 
Swellow Lv48             HP 60  ATK 85  DEF 60  SPATK 75  SPDEF 50  SPEED 125
Murkrow Lv50             HP 60  ATK 85  DEF 42  SPATK 85  SPDEF 42  SPEED 91 
Flareon Lv22             HP 65  ATK 130 DEF 60  SPATK 95  SPDEF 110 SPEED 65 
Marshtomp Lv52           HP 70  ATK 85  DEF 70  SPATK 60  SPDEF 70  SPEED 50 
Skiploom Lv22            HP 55  ATK 45  DEF 50  SPATK 45  SPDEF 65  SPEED 80 

Set #105 - CUEVA PERDIDA Grass/Cave (rate=5)
Pidgeotto Lv40           HP 63  ATK 60  DEF 55  SPATK 50  SPDEF 50  SPEED 71 
Jirachi Lv37             HP 100 ATK 100 DEF 100 SPATK 100 SPDEF 100 SPEED 100
Wobbuffet Lv44           HP 190 ATK 33  DEF 58  SPATK 33  SPDEF 58  SPEED 33 
Butterfree Lv46          HP 60  ATK 45  DEF 50  SPATK 90  SPDEF 80  SPEED 70 
Walrein Lv41             HP 110 ATK 80  DEF 90  SPATK 95  SPDEF 90  SPEED 65 
Dragonair Lv15           HP 61  ATK 84  DEF 65  SPATK 70  SPDEF 70  SPEED 70 
Kabutops Lv20            HP 60  ATK 115 DEF 105 SPATK 65  SPDEF 70  SPEED 80 
Sunflora Lv48            HP 75  ATK 75  DEF 55  SPATK 105 SPDEF 85  SPEED 30 
Magmar Lv50              HP 65  ATK 95  DEF 57  SPATK 100 SPDEF 85  SPEED 93 
Blaziken Lv22            HP 80  ATK 120 DEF 70  SPATK 110 SPDEF 70  SPEED 80 
Bellossom Lv52           HP 75  ATK 80  DEF 95  SPATK 90  SPDEF 100 SPEED 50 
Goldeen Lv22             HP 45  ATK 67  DEF 60  SPATK 35  SPDEF 50  SPEED 63 

Set #106 - CAMINO CANDENTE Grass/Cave (rate=21)
Aron Lv32                HP 50  ATK 70  DEF 100 SPATK 40  SPDEF 40  SPEED 30 
Blaziken Lv34            HP 80  ATK 120 DEF 70  SPATK 110 SPDEF 70  SPEED 80 
Doduo Lv36               HP 35  ATK 85  DEF 45  SPATK 35  SPDEF 35  SPEED 75 
Pichu Lv31               HP 20  ATK 40  DEF 15  SPATK 35  SPDEF 35  SPEED 60 
Skiploom Lv31            HP 55  ATK 45  DEF 50  SPATK 45  SPDEF 65  SPEED 80 
Numel Lv31               HP 60  ATK 60  DEF 40  SPATK 65  SPDEF 45  SPEED 35 
Scizor Lv30              HP 70  ATK 130 DEF 100 SPATK 55  SPDEF 80  SPEED 65 
Golbat Lv34              HP 75  ATK 80  DEF 70  SPATK 65  SPDEF 75  SPEED 90 
Vibrava Lv37             HP 50  ATK 70  DEF 50  SPATK 50  SPDEF 50  SPEED 70 
Starmie Lv37             HP 60  ATK 75  DEF 85  SPATK 100 SPDEF 85  SPEED 115
Grovyle Lv40             HP 50  ATK 65  DEF 45  SPATK 85  SPDEF 65  SPEED 95 
Taillow Lv40             HP 40  ATK 55  DEF 30  SPATK 30  SPDEF 30  SPEED 85 

Set #107 - CAMINO CANDENTE Surfing (rate=2)
Mew Lvs 5-20             HP 100 ATK 100 DEF 100 SPATK 100 SPDEF 100 SPEED 100
Arcanine Lvs 20-35       HP 90  ATK 110 DEF 80  SPATK 100 SPDEF 80  SPEED 95 
Meganium Lvs 35-40       HP 80  ATK 82  DEF 100 SPATK 83  SPDEF 100 SPEED 80 
Venusaur Lvs 35-40       HP 80  ATK 82  DEF 83  SPATK 100 SPDEF 100 SPEED 80 
Corphish Lvs 35-40       HP 43  ATK 80  DEF 65  SPATK 50  SPDEF 35  SPEED 35 

Set #108 - CAMINO CANDENTE Rock Smash (rate=25)
Breloom Lvs 5-20         HP 60  ATK 130 DEF 80  SPATK 60  SPDEF 60  SPEED 70 
Kirlia Lvs 10-20         HP 38  ATK 35  DEF 35  SPATK 65  SPDEF 55  SPEED 50 
Luvdisc Lvs 15-30        HP 43  ATK 30  DEF 55  SPATK 40  SPDEF 65  SPEED 97 
Mawile Lvs 25-40         HP 50  ATK 85  DEF 85  SPATK 55  SPDEF 55  SPEED 50 
Caterpie Lvs 30-40       HP 45  ATK 30  DEF 35  SPATK 20  SPDEF 20  SPEED 45 

Set #109 - CAMINO CANDENTE Fishing (rate=20)
Hoothoot Lv5             HP 60  ATK 30  DEF 30  SPATK 36  SPDEF 56  SPEED 50 
Kingler Lv5              HP 55  ATK 130 DEF 115 SPATK 50  SPDEF 50  SPEED 75 
Carvanha Lvs 5-15        HP 45  ATK 90  DEF 20  SPATK 65  SPDEF 20  SPEED 65 
Sentret Lvs 5-15         HP 35  ATK 46  DEF 34  SPATK 35  SPDEF 45  SPEED 20 
Persian Lvs 5-15         HP 65  ATK 70  DEF 60  SPATK 65  SPDEF 65  SPEED 115
Jolteon Lvs 15-25        HP 65  ATK 65  DEF 60  SPATK 110 SPDEF 95  SPEED 130
Hypno Lvs 15-25          HP 85  ATK 73  DEF 70  SPATK 73  SPDEF 115 SPEED 67 
Clefairy Lvs 15-25       HP 70  ATK 45  DEF 48  SPATK 60  SPDEF 65  SPEED 35 
Nosepass Lvs 25-35       HP 30  ATK 45  DEF 135 SPATK 45  SPDEF 90  SPEED 30 
Diglett Lvs 25-35        HP 10  ATK 55  DEF 25  SPATK 35  SPDEF 45  SPEED 95 

Set #110 - PLAYA TESORO Grass/Cave (rate=21)
Togepi Lv32              HP 35  ATK 20  DEF 65  SPATK 40  SPDEF 65  SPEED 20 
Abra Lv33                HP 25  ATK 20  DEF 15  SPATK 105 SPDEF 55  SPEED 90 
Kyogre Lv31              HP 100 ATK 100 DEF 90  SPATK 150 SPDEF 140 SPEED 90 
Kingler Lv35             HP 55  ATK 130 DEF 115 SPATK 50  SPDEF 50  SPEED 75 
Volbeat Lv36             HP 65  ATK 73  DEF 75  SPATK 47  SPDEF 85  SPEED 85 
Fearow Lv31              HP 65  ATK 90  DEF 65  SPATK 61  SPDEF 61  SPEED 100
Machoke Lv38             HP 80  ATK 100 DEF 70  SPATK 50  SPDEF 60  SPEED 45 
Flygon Lv31              HP 80  ATK 100 DEF 80  SPATK 80  SPDEF 80  SPEED 100
Sudowoodo Lv40           HP 70  ATK 100 DEF 115 SPATK 30  SPDEF 65  SPEED 30 
Steelix Lv37             HP 75  ATK 85  DEF 200 SPATK 55  SPDEF 65  SPEED 30 
Typhlosion Lv40          HP 78  ATK 84  DEF 78  SPATK 109 SPDEF 85  SPEED 100
Sudowoodo Lv40           HP 70  ATK 100 DEF 115 SPATK 30  SPDEF 65  SPEED 30 

Set #111 - PLAYA TESORO Surfing (rate=2)
Pupitar Lvs 5-20         HP 70  ATK 84  DEF 70  SPATK 65  SPDEF 70  SPEED 51 
Aipom Lvs 20-35          HP 55  ATK 70  DEF 55  SPATK 40  SPDEF 55  SPEED 85 
Swalot Lvs 35-40         HP 100 ATK 73  DEF 83  SPATK 73  SPDEF 83  SPEED 55 
Quilava Lvs 35-40        HP 58  ATK 64  DEF 58  SPATK 80  SPDEF 65  SPEED 80 
Ekans Lvs 35-40          HP 35  ATK 60  DEF 44  SPATK 40  SPDEF 54  SPEED 55 

Set #112 - PLAYA TESORO Fishing (rate=20)
Yanma Lv5                HP 65  ATK 65  DEF 45  SPATK 75  SPDEF 45  SPEED 95 
Delibird Lv5             HP 45  ATK 55  DEF 45  SPATK 65  SPDEF 45  SPEED 75 
Ditto Lvs 5-15           HP 48  ATK 48  DEF 48  SPATK 48  SPDEF 48  SPEED 48 
Stantler Lvs 5-15        HP 73  ATK 95  DEF 62  SPATK 85  SPDEF 65  SPEED 85 
Larvitar Lvs 5-15        HP 50  ATK 64  DEF 50  SPATK 45  SPDEF 50  SPEED 41 
Caterpie Lvs 15-25       HP 45  ATK 30  DEF 35  SPATK 20  SPDEF 20  SPEED 45 
Suicune Lvs 15-25        HP 100 ATK 75  DEF 115 SPATK 90  SPDEF 115 SPEED 85 
Jolteon Lvs 15-25        HP 65  ATK 65  DEF 60  SPATK 110 SPDEF 95  SPEED 130
Diglett Lvs 25-35        HP 10  ATK 55  DEF 25  SPATK 35  SPDEF 45  SPEED 95 
Torchic Lvs 25-35        HP 45  ATK 60  DEF 40  SPATK 70  SPDEF 50  SPEED 45 

Set #113 - CABO EXTREMO Grass/Cave (rate=21)
Tangela Lv31             HP 65  ATK 55  DEF 115 SPATK 100 SPDEF 40  SPEED 60 
Squirtle Lv30            HP 44  ATK 48  DEF 65  SPATK 50  SPDEF 64  SPEED 43 
Croconaw Lv32            HP 65  ATK 80  DEF 80  SPATK 59  SPDEF 63  SPEED 58 
Crawdaunt Lv36           HP 63  ATK 120 DEF 85  SPATK 90  SPDEF 55  SPEED 55 
Elekid Lv36              HP 45  ATK 63  DEF 37  SPATK 65  SPDEF 55  SPEED 95 
Lanturn Lv31             HP 125 ATK 58  DEF 58  SPATK 76  SPDEF 76  SPEED 67 
Shuckle Lv38             HP 20  ATK 10  DEF 230 SPATK 10  SPDEF 230 SPEED 5  
Qwilfish Lv31            HP 65  ATK 95  DEF 85  SPATK 55  SPDEF 55  SPEED 85 
Dratini Lv37             HP 41  ATK 64  DEF 45  SPATK 50  SPDEF 50  SPEED 50 
Medicham Lv37            HP 60  ATK 60  DEF 75  SPATK 60  SPDEF 75  SPEED 80 
Suicune Lv40             HP 100 ATK 75  DEF 115 SPATK 90  SPDEF 115 SPEED 85 
Lairon Lv40              HP 60  ATK 90  DEF 140 SPATK 50  SPDEF 50  SPEED 40 

Set #114 - CABO EXTREMO Surfing (rate=2)
Marowak Lvs 5-20         HP 60  ATK 80  DEF 110 SPATK 50  SPDEF 80  SPEED 45 
Quagsire Lvs 20-35       HP 95  ATK 85  DEF 85  SPATK 65  SPDEF 65  SPEED 35 
Dewgong Lvs 35-40        HP 90  ATK 70  DEF 80  SPATK 70  SPDEF 95  SPEED 70 
Rhyhorn Lvs 35-40        HP 80  ATK 85  DEF 95  SPATK 30  SPDEF 30  SPEED 25 
Victreebel Lvs 35-40     HP 80  ATK 105 DEF 65  SPATK 100 SPDEF 70  SPEED 70 

Set #115 - CABO EXTREMO Fishing (rate=20)
Ledyba Lv5               HP 40  ATK 20  DEF 30  SPATK 40  SPDEF 80  SPEED 55 
Scyther Lv5              HP 70  ATK 110 DEF 80  SPATK 55  SPDEF 80  SPEED 105
Sealeo Lvs 5-15          HP 90  ATK 60  DEF 70  SPATK 75  SPDEF 70  SPEED 45 
Swablu Lvs 5-15          HP 45  ATK 40  DEF 60  SPATK 40  SPDEF 75  SPEED 50 
Slaking Lvs 5-15         HP 150 ATK 160 DEF 100 SPATK 95  SPDEF 65  SPEED 100
Wooper Lvs 15-25         HP 55  ATK 45  DEF 45  SPATK 25  SPDEF 25  SPEED 15 
Golbat Lvs 20-30         HP 75  ATK 80  DEF 70  SPATK 65  SPDEF 75  SPEED 90 
Relicanth Lvs 15-25      HP 100 ATK 90  DEF 130 SPATK 45  SPDEF 65  SPEED 55 
Vigoroth Lvs 15-25       HP 80  ATK 80  DEF 80  SPATK 55  SPDEF 55  SPEED 90 
Sunkern Lvs 25-35        HP 30  ATK 30  DEF 30  SPATK 30  SPDEF 30  SPEED 30 

Set #116 - PUENTE UNIÓN Grass/Cave (rate=21)
Manectric Lv32           HP 70  ATK 75  DEF 60  SPATK 105 SPDEF 60  SPEED 105
Wailmer Lv31             HP 130 ATK 70  DEF 35  SPATK 70  SPDEF 35  SPEED 60 
Vigoroth Lv29            HP 80  ATK 80  DEF 80  SPATK 55  SPDEF 55  SPEED 90 
Lileep Lv36              HP 66  ATK 41  DEF 77  SPATK 61  SPDEF 87  SPEED 23 
Dunsparce Lv34           HP 100 ATK 70  DEF 70  SPATK 65  SPDEF 65  SPEED 45 
Spheal Lv31              HP 70  ATK 40  DEF 50  SPATK 55  SPDEF 50  SPEED 25 
Bulbasaur Lv34           HP 45  ATK 49  DEF 49  SPATK 65  SPDEF 65  SPEED 45 
Sneasel Lv31             HP 55  ATK 95  DEF 55  SPATK 35  SPDEF 75  SPEED 115
Lileep Lv37              HP 66  ATK 41  DEF 77  SPATK 61  SPDEF 87  SPEED 23 
Gloom Lv37               HP 60  ATK 65  DEF 70  SPATK 85  SPDEF 75  SPEED 40 
Graveler Lv40            HP 55  ATK 95  DEF 115 SPATK 45  SPDEF 45  SPEED 35 
Magcargo Lv40            HP 60  ATK 50  DEF 120 SPATK 90  SPDEF 80  SPEED 30 

Set #117 - PUENTE UNIÓN Surfing (rate=2)
Tyranitar Lvs 5-20       HP 100 ATK 134 DEF 110 SPATK 95  SPDEF 100 SPEED 61 
Ditto Lvs 20-35          HP 48  ATK 48  DEF 48  SPATK 48  SPDEF 48  SPEED 48 
Magmar Lvs 35-40         HP 65  ATK 95  DEF 57  SPATK 100 SPDEF 85  SPEED 93 
Cloyster Lvs 35-40       HP 50  ATK 95  DEF 180 SPATK 85  SPDEF 45  SPEED 70 
Weedle Lvs 35-40         HP 40  ATK 35  DEF 30  SPATK 20  SPDEF 20  SPEED 50 

Set #118 - PUENTE UNIÓN Fishing (rate=20)
Octillery Lv5            HP 75  ATK 105 DEF 75  SPATK 105 SPDEF 75  SPEED 45 
Flaaffy Lv5              HP 70  ATK 55  DEF 55  SPATK 80  SPDEF 60  SPEED 45 
Banette Lvs 5-15         HP 64  ATK 115 DEF 65  SPATK 83  SPDEF 63  SPEED 65 
Golduck Lvs 5-15         HP 80  ATK 82  DEF 78  SPATK 95  SPDEF 80  SPEED 85 
Wurmple Lvs 5-15         HP 45  ATK 45  DEF 35  SPATK 20  SPDEF 30  SPEED 20 
Ralts Lvs 15-25          HP 28  ATK 25  DEF 25  SPATK 45  SPDEF 35  SPEED 40 
Slowking Lvs 15-25       HP 95  ATK 75  DEF 80  SPATK 100 SPDEF 110 SPEED 30 
Flygon Lvs 15-25         HP 80  ATK 100 DEF 80  SPATK 80  SPDEF 80  SPEED 100
Poochyena Lvs 25-35      HP 35  ATK 55  DEF 35  SPATK 30  SPDEF 30  SPEED 35 
Nidoqueen Lvs 25-35      HP 90  ATK 92  DEF 87  SPATK 75  SPDEF 85  SPEED 76 

Set #119 - PUERTO ISLA TERA Grass/Cave (rate=1)
Phanpy Lv15              HP 90  ATK 60  DEF 60  SPATK 40  SPDEF 40  SPEED 40 
Muk Lv15                 HP 105 ATK 105 DEF 75  SPATK 65  SPDEF 100 SPEED 50 
Persian Lv10             HP 65  ATK 70  DEF 60  SPATK 65  SPDEF 65  SPEED 115
Trapinch Lv10            HP 45  ATK 100 DEF 45  SPATK 45  SPDEF 45  SPEED 10 
Hypno Lv20               HP 85  ATK 73  DEF 70  SPATK 73  SPDEF 115 SPEED 67 
Seaking Lv20             HP 80  ATK 92  DEF 65  SPATK 65  SPDEF 80  SPEED 68 
Cradily Lv25             HP 86  ATK 81  DEF 97  SPATK 81  SPDEF 107 SPEED 43 
Cubone Lv30              HP 50  ATK 50  DEF 95  SPATK 40  SPDEF 50  SPEED 35 
Articuno Lv25            HP 90  ATK 85  DEF 100 SPATK 95  SPDEF 125 SPEED 85 
Linoone Lv30             HP 78  ATK 70  DEF 61  SPATK 50  SPDEF 61  SPEED 100
Caterpie Lv5             HP 45  ATK 30  DEF 35  SPATK 20  SPDEF 20  SPEED 45 
Regirock Lv35            HP 80  ATK 100 DEF 200 SPATK 50  SPDEF 100 SPEED 50 

Set #120 - LUGAR DE RECREO Surfing (rate=2)
Spinarak Lvs 5-35        HP 40  ATK 60  DEF 40  SPATK 40  SPDEF 40  SPEED 30 
Aggron Lvs 5-15          HP 70  ATK 110 DEF 180 SPATK 60  SPDEF 60  SPEED 50 
Wobbuffet Lvs 35-40      HP 190 ATK 33  DEF 58  SPATK 33  SPDEF 58  SPEED 33 
Snubbull Lvs 35-40       HP 60  ATK 80  DEF 50  SPATK 40  SPDEF 40  SPEED 30 
Omanyte Lvs 35-40        HP 35  ATK 40  DEF 100 SPATK 90  SPDEF 55  SPEED 35 

Set #121 - LUGAR DE RECREO Fishing (rate=20)
Crobat Lv5               HP 85  ATK 90  DEF 80  SPATK 70  SPDEF 80  SPEED 130
Pinsir Lv5               HP 65  ATK 125 DEF 100 SPATK 55  SPDEF 70  SPEED 85 
Ninetales Lvs 5-15       HP 73  ATK 76  DEF 75  SPATK 81  SPDEF 100 SPEED 100
Snorlax Lvs 5-15         HP 160 ATK 110 DEF 65  SPATK 65  SPDEF 110 SPEED 30 
Murkrow Lvs 5-15         HP 60  ATK 85  DEF 42  SPATK 85  SPDEF 42  SPEED 91 
Jynx Lvs 15-25           HP 65  ATK 50  DEF 35  SPATK 115 SPDEF 95  SPEED 95 
Elekid Lvs 15-25         HP 45  ATK 63  DEF 37  SPATK 65  SPDEF 55  SPEED 95 
Silcoon Lvs 15-25        HP 50  ATK 35  DEF 55  SPATK 25  SPDEF 25  SPEED 15 
Kingdra Lvs 25-35        HP 75  ATK 95  DEF 95  SPATK 95  SPDEF 95  SPEED 85 
Blissey Lvs 25-35        HP 255 ATK 10  DEF 10  SPATK 75  SPDEF 135 SPEED 55 

Set #122 - AQUARINTO Surfing (rate=2)
Spheal Lvs 5-20          HP 70  ATK 40  DEF 50  SPATK 55  SPDEF 50  SPEED 25 
Mewtwo Lvs 5-15          HP 106 ATK 110 DEF 90  SPATK 154 SPDEF 90  SPEED 130
Dunsparce Lvs 35-40      HP 100 ATK 70  DEF 70  SPATK 65  SPDEF 65  SPEED 45 
Flygon Lvs 35-40         HP 80  ATK 100 DEF 80  SPATK 80  SPDEF 80  SPEED 100
Numel Lvs 35-40          HP 60  ATK 60  DEF 40  SPATK 65  SPDEF 45  SPEED 35 

Set #123 - AQUARINTO Fishing (rate=20)
Skitty Lv5               HP 50  ATK 45  DEF 45  SPATK 35  SPDEF 35  SPEED 50 
Slowpoke Lv5             HP 90  ATK 65  DEF 65  SPATK 40  SPDEF 40  SPEED 15 
Poochyena Lvs 5-15       HP 35  ATK 55  DEF 35  SPATK 30  SPDEF 30  SPEED 35 
Arcanine Lvs 5-15        HP 90  ATK 110 DEF 80  SPATK 100 SPDEF 80  SPEED 95 
Ludicolo Lvs 5-15        HP 80  ATK 70  DEF 70  SPATK 90  SPDEF 100 SPEED 70 
Quagsire Lvs 15-25       HP 95  ATK 85  DEF 85  SPATK 65  SPDEF 65  SPEED 35 
Vileplume Lvs 15-25      HP 75  ATK 80  DEF 85  SPATK 110 SPDEF 90  SPEED 50 
Carvanha Lvs 15-25       HP 45  ATK 90  DEF 20  SPATK 65  SPDEF 20  SPEED 65 
Blastoise Lvs 25-35      HP 79  ATK 83  DEF 100 SPATK 85  SPDEF 105 SPEED 78 
Snorlax Lvs 25-35        HP 160 ATK 110 DEF 65  SPATK 65  SPDEF 110 SPEED 30 

Set #124 - PRADO ISLA INTA Grass/Cave (rate=21)
Natu Lv44                HP 40  ATK 50  DEF 45  SPATK 70  SPDEF 45  SPEED 70 
Exeggcute Lv10           HP 60  ATK 40  DEF 80  SPATK 60  SPDEF 45  SPEED 40 
Mewtwo Lv48              HP 106 ATK 110 DEF 90  SPATK 154 SPDEF 90  SPEED 130
Armaldo Lv10             HP 75  ATK 125 DEF 100 SPATK 70  SPDEF 80  SPEED 45 
Exploud Lv15             HP 104 ATK 91  DEF 63  SPATK 91  SPDEF 73  SPEED 68 
Castform Lv41            HP 70  ATK 70  DEF 70  SPATK 70  SPDEF 70  SPEED 70 
Slowpoke Lv15            HP 90  ATK 65  DEF 65  SPATK 40  SPDEF 40  SPEED 15 
Tangela Lv41             HP 65  ATK 55  DEF 115 SPATK 100 SPDEF 40  SPEED 60 
Golbat Lv50              HP 75  ATK 80  DEF 70  SPATK 65  SPDEF 75  SPEED 90 
Parasect Lv47            HP 60  ATK 95  DEF 80  SPATK 60  SPDEF 80  SPEED 30 
Bellsprout Lv50          HP 50  ATK 75  DEF 35  SPATK 70  SPDEF 30  SPEED 40 
Croconaw Lv50            HP 65  ATK 80  DEF 80  SPATK 59  SPDEF 63  SPEED 58 

Set #125 - PRADO ISLA INTA Surfing (rate=2)
Hitmonlee Lvs 5-35       HP 50  ATK 120 DEF 53  SPATK 35  SPDEF 110 SPEED 87 
Metang Lvs 5-15          HP 60  ATK 75  DEF 100 SPATK 55  SPDEF 80  SPEED 50 
Ludicolo Lvs 35-40       HP 80  ATK 70  DEF 70  SPATK 90  SPDEF 100 SPEED 70 
Ninetales Lvs 35-40      HP 73  ATK 76  DEF 75  SPATK 81  SPDEF 100 SPEED 100
Geodude Lvs 35-40        HP 40  ATK 80  DEF 100 SPATK 30  SPDEF 30  SPEED 20 

Set #126 - PRADO ISLA INTA Fishing (rate=20)
Metang Lv5               HP 60  ATK 75  DEF 100 SPATK 55  SPDEF 80  SPEED 50 
Hoppip Lv5               HP 35  ATK 35  DEF 40  SPATK 35  SPDEF 55  SPEED 50 
Shelgon Lvs 5-15         HP 65  ATK 95  DEF 100 SPATK 60  SPDEF 50  SPEED 50 
Golduck Lvs 5-15         HP 80  ATK 82  DEF 78  SPATK 95  SPDEF 80  SPEED 85 
Registeel Lvs 5-15       HP 80  ATK 75  DEF 150 SPATK 75  SPDEF 150 SPEED 50 
Mantine Lvs 15-25        HP 85  ATK 40  DEF 70  SPATK 80  SPDEF 140 SPEED 70 
Doduo Lvs 15-25          HP 35  ATK 85  DEF 45  SPATK 35  SPDEF 35  SPEED 75 
Psyduck Lvs 15-25        HP 50  ATK 52  DEF 48  SPATK 65  SPDEF 50  SPEED 55 
Tyrogue Lvs 25-35        HP 35  ATK 35  DEF 35  SPATK 35  SPDEF 35  SPEED 35 
Weepinbell Lvs 25-35     HP 65  ATK 90  DEF 50  SPATK 85  SPDEF 45  SPEED 55 

Set #127 - PILAR RECUERDO Grass/Cave (rate=21)
Slowbro Lv10             HP 95  ATK 75  DEF 110 SPATK 100 SPDEF 80  SPEED 30 
Meganium Lv12            HP 80  ATK 82  DEF 100 SPATK 83  SPDEF 100 SPEED 80 
Ledian Lv8               HP 55  ATK 35  DEF 50  SPATK 55  SPDEF 110 SPEED 85 
Dragonite Lv14           HP 91  ATK 134 DEF 95  SPATK 100 SPDEF 100 SPEED 80 
Shuckle Lv10             HP 20  ATK 10  DEF 230 SPATK 10  SPDEF 230 SPEED 5  
Octillery Lv12           HP 75  ATK 105 DEF 75  SPATK 105 SPDEF 75  SPEED 45 
Ditto Lv16               HP 48  ATK 48  DEF 48  SPATK 48  SPDEF 48  SPEED 48 
Scizor Lv6               HP 70  ATK 130 DEF 100 SPATK 55  SPDEF 80  SPEED 65 
Flygon Lv8               HP 80  ATK 100 DEF 80  SPATK 80  SPDEF 80  SPEED 100
Celebi Lv14              HP 100 ATK 100 DEF 100 SPATK 100 SPDEF 100 SPEED 100
Claydol Lv8              HP 60  ATK 70  DEF 105 SPATK 70  SPDEF 120 SPEED 75 
Kingler Lv14             HP 55  ATK 130 DEF 115 SPATK 50  SPDEF 50  SPEED 75 

Set #128 - PILAR RECUERDO Surfing (rate=2)
Nidorina Lvs 5-35        HP 70  ATK 62  DEF 67  SPATK 55  SPDEF 55  SPEED 56 
Shellder Lvs 5-15        HP 30  ATK 65  DEF 100 SPATK 45  SPDEF 25  SPEED 40 
Sunflora Lvs 35-40       HP 75  ATK 75  DEF 55  SPATK 105 SPDEF 85  SPEED 30 
Electabuzz Lvs 35-40     HP 65  ATK 83  DEF 57  SPATK 95  SPDEF 85  SPEED 105
Whismur Lvs 35-40        HP 64  ATK 51  DEF 23  SPATK 51  SPDEF 23  SPEED 28 

Set #129 - PILAR RECUERDO Fishing (rate=20)
Mudkip Lv5               HP 50  ATK 70  DEF 50  SPATK 50  SPDEF 50  SPEED 40 
Kingler Lv5              HP 55  ATK 130 DEF 115 SPATK 50  SPDEF 50  SPEED 75 
Vulpix Lvs 5-15          HP 38  ATK 41  DEF 40  SPATK 50  SPDEF 65  SPEED 65 
Meganium Lvs 5-15        HP 80  ATK 82  DEF 100 SPATK 83  SPDEF 100 SPEED 80 
Makuhita Lvs 5-15        HP 72  ATK 60  DEF 30  SPATK 20  SPDEF 30  SPEED 25 
Nidoking Lvs 15-25       HP 81  ATK 102 DEF 77  SPATK 85  SPDEF 75  SPEED 85 
Raticate Lvs 15-25       HP 55  ATK 81  DEF 60  SPATK 50  SPDEF 70  SPEED 97 
Grumpig Lvs 15-25        HP 80  ATK 45  DEF 65  SPATK 90  SPDEF 110 SPEED 80 
Espeon Lvs 25-35         HP 65  ATK 65  DEF 60  SPATK 130 SPDEF 95  SPEED 110
Tyranitar Lvs 25-35      HP 100 ATK 134 DEF 110 SPATK 95  SPDEF 100 SPEED 61 

Set #130 - ISLA AISLADA Surfing (rate=2)
Ninetales Lvs 5-20       HP 73  ATK 76  DEF 75  SPATK 81  SPDEF 100 SPEED 100
Graveler Lvs 20-35       HP 55  ATK 95  DEF 115 SPATK 45  SPDEF 45  SPEED 35 
Tyrogue Lvs 35-40        HP 35  ATK 35  DEF 35  SPATK 35  SPDEF 35  SPEED 35 
Ninjask Lvs 35-40        HP 61  ATK 90  DEF 45  SPATK 50  SPDEF 50  SPEED 160
Arbok Lvs 35-40          HP 60  ATK 95  DEF 69  SPATK 65  SPDEF 79  SPEED 80 

Set #131 - ISLA AISLADA Fishing (rate=20)
Slowbro Lv5              HP 95  ATK 75  DEF 110 SPATK 100 SPDEF 80  SPEED 30 
Ninjask Lv5              HP 61  ATK 90  DEF 45  SPATK 50  SPDEF 50  SPEED 160
Sunkern Lvs 5-15         HP 30  ATK 30  DEF 30  SPATK 30  SPDEF 30  SPEED 30 
Dusclops Lvs 5-15        HP 40  ATK 70  DEF 130 SPATK 60  SPDEF 130 SPEED 25 
Taillow Lvs 5-15         HP 40  ATK 55  DEF 30  SPATK 30  SPDEF 30  SPEED 85 
Meganium Lvs 15-25       HP 80  ATK 82  DEF 100 SPATK 83  SPDEF 100 SPEED 80 
Smeargle Lvs 15-25       HP 55  ATK 20  DEF 35  SPATK 20  SPDEF 45  SPEED 75 
Clefairy Lvs 15-25       HP 70  ATK 45  DEF 48  SPATK 60  SPDEF 65  SPEED 35 
Banette Lvs 25-35        HP 64  ATK 115 DEF 65  SPATK 83  SPDEF 63  SPEED 65 
Krabby Lvs 25-35         HP 30  ATK 105 DEF 90  SPATK 25  SPDEF 25  SPEED 50 

Set #132 - VÍA VERDE Surfing (rate=2)
Miltank Lvs 5-20         HP 95  ATK 80  DEF 105 SPATK 40  SPDEF 70  SPEED 100
Alakazam Lvs 20-35       HP 55  ATK 50  DEF 45  SPATK 135 SPDEF 95  SPEED 120
Slaking Lvs 35-40        HP 150 ATK 160 DEF 100 SPATK 95  SPDEF 65  SPEED 100
Weedle Lvs 35-40         HP 40  ATK 35  DEF 30  SPATK 20  SPDEF 20  SPEED 50 
Barboach Lvs 35-40       HP 50  ATK 48  DEF 43  SPATK 46  SPDEF 41  SPEED 60 

Set #133 - VÍA VERDE Fishing (rate=20)
Dodrio Lv5               HP 60  ATK 110 DEF 70  SPATK 60  SPDEF 60  SPEED 110
Snubbull Lv5             HP 60  ATK 80  DEF 50  SPATK 40  SPDEF 40  SPEED 30 
Ivysaur Lvs 5-15         HP 60  ATK 62  DEF 63  SPATK 80  SPDEF 80  SPEED 60 
Metapod Lvs 5-15         HP 50  ATK 20  DEF 55  SPATK 25  SPDEF 25  SPEED 30 
Donphan Lvs 5-15         HP 90  ATK 120 DEF 120 SPATK 60  SPDEF 60  SPEED 50 
Remoraid Lvs 15-25       HP 35  ATK 65  DEF 35  SPATK 65  SPDEF 35  SPEED 65 
Sandslash Lvs 15-25      HP 75  ATK 100 DEF 110 SPATK 45  SPDEF 55  SPEED 65 
Trapinch Lvs 15-25       HP 45  ATK 100 DEF 45  SPATK 45  SPDEF 45  SPEED 10 
Muk Lvs 25-35            HP 105 ATK 105 DEF 75  SPATK 65  SPDEF 100 SPEED 50 
Magby Lvs 25-35          HP 45  ATK 75  DEF 37  SPATK 70  SPDEF 55  SPEED 83 

Set #134 - VÍA ACUÁTICA Grass/Cave (rate=21)
Eevee Lv44               HP 55  ATK 55  DEF 50  SPATK 45  SPDEF 65  SPEED 55 
Feraligatr Lv10          HP 85  ATK 105 DEF 100 SPATK 79  SPDEF 83  SPEED 78 
Salamence Lv44           HP 95  ATK 135 DEF 80  SPATK 110 SPDEF 80  SPEED 100
Relicanth Lv48           HP 100 ATK 90  DEF 130 SPATK 45  SPDEF 65  SPEED 55 
Koffing Lv15             HP 40  ATK 65  DEF 95  SPATK 60  SPDEF 45  SPEED 35 
Banette Lv41             HP 64  ATK 115 DEF 65  SPATK 83  SPDEF 63  SPEED 65 
Surskit Lv48             HP 40  ATK 30  DEF 32  SPATK 50  SPDEF 52  SPEED 65 
Ledian Lv41              HP 55  ATK 35  DEF 50  SPATK 55  SPDEF 110 SPEED 85 
Hoothoot Lv50            HP 60  ATK 30  DEF 30  SPATK 36  SPDEF 56  SPEED 50 
Pinsir Lv47              HP 65  ATK 125 DEF 100 SPATK 55  SPDEF 70  SPEED 85 
Mudkip Lv50              HP 50  ATK 70  DEF 50  SPATK 50  SPDEF 50  SPEED 40 
Cascoon Lv50             HP 50  ATK 35  DEF 55  SPATK 25  SPDEF 25  SPEED 15 

Set #135 - VÍA ACUÁTICA Surfing (rate=2)
Wigglytuff Lvs 5-20      HP 140 ATK 70  DEF 45  SPATK 85  SPDEF 50  SPEED 45 
Slaking Lvs 20-35        HP 150 ATK 160 DEF 100 SPATK 95  SPDEF 65  SPEED 100
Quagsire Lvs 35-40       HP 95  ATK 85  DEF 85  SPATK 65  SPDEF 65  SPEED 35 
Yanma Lvs 35-40          HP 65  ATK 65  DEF 45  SPATK 75  SPDEF 45  SPEED 95 
Goldeen Lvs 35-40        HP 45  ATK 67  DEF 60  SPATK 35  SPDEF 50  SPEED 63 

Set #136 - VÍA ACUÁTICA Fishing (rate=20)
Snorunt Lv5              HP 50  ATK 50  DEF 50  SPATK 50  SPDEF 50  SPEED 50 
Ursaring Lv5             HP 90  ATK 130 DEF 75  SPATK 75  SPDEF 75  SPEED 55 
Lotad Lvs 5-15           HP 40  ATK 30  DEF 30  SPATK 40  SPDEF 50  SPEED 30 
Nidoqueen Lvs 5-15       HP 90  ATK 92  DEF 87  SPATK 75  SPDEF 85  SPEED 76 
Seedot Lvs 5-15          HP 40  ATK 40  DEF 50  SPATK 30  SPDEF 30  SPEED 30 
Wailord Lvs 15-25        HP 170 ATK 90  DEF 45  SPATK 90  SPDEF 45  SPEED 60 
Seedot Lvs 15-25         HP 40  ATK 40  DEF 50  SPATK 30  SPDEF 30  SPEED 30 
Masquerain Lvs 15-25     HP 70  ATK 60  DEF 62  SPATK 100 SPDEF 82  SPEED 80 
Torchic Lvs 25-35        HP 45  ATK 60  DEF 40  SPATK 70  SPDEF 50  SPEED 45 
Seaking Lvs 25-35        HP 80  ATK 92  DEF 65  SPATK 65  SPDEF 80  SPEED 68 

Set #137 - VALLE RUINAS Grass/Cave (rate=21)
Horsea Lv15              HP 30  ATK 40  DEF 70  SPATK 70  SPDEF 25  SPEED 60 
Xatu Lv44                HP 65  ATK 75  DEF 70  SPATK 95  SPDEF 70  SPEED 95 
Raichu Lv18              HP 60  ATK 90  DEF 55  SPATK 90  SPDEF 80  SPEED 110
Quagsire Lv15            HP 95  ATK 85  DEF 85  SPATK 65  SPDEF 65  SPEED 35 
Hitmonchan Lv49          HP 50  ATK 105 DEF 79  SPATK 35  SPDEF 110 SPEED 76 
Porygon2 Lv43            HP 85  ATK 80  DEF 90  SPATK 105 SPDEF 95  SPEED 60 
Kingdra Lv25             HP 75  ATK 95  DEF 95  SPATK 95  SPDEF 95  SPEED 85 
Kingler Lv41             HP 55  ATK 130 DEF 115 SPATK 50  SPDEF 50  SPEED 75 
Onix Lv20                HP 35  ATK 45  DEF 160 SPATK 30  SPDEF 45  SPEED 70 
Rhyhorn Lv49             HP 80  ATK 85  DEF 95  SPATK 30  SPDEF 30  SPEED 25 
Crobat Lv20              HP 85  ATK 90  DEF 80  SPATK 70  SPDEF 80  SPEED 130
Silcoon Lv52             HP 50  ATK 35  DEF 55  SPATK 25  SPDEF 25  SPEED 15 

Set #138 - VALLE RUINAS Surfing (rate=2)
Glalie Lvs 5-20          HP 80  ATK 80  DEF 80  SPATK 80  SPDEF 80  SPEED 80 
Venomoth Lvs 10-20       HP 70  ATK 65  DEF 60  SPATK 90  SPDEF 75  SPEED 90 
Chinchou Lvs 15-25       HP 75  ATK 38  DEF 38  SPATK 56  SPDEF 56  SPEED 67 
Ledyba Lvs 20-25         HP 40  ATK 20  DEF 30  SPATK 40  SPDEF 80  SPEED 55 
Lapras Lvs 20-25         HP 130 ATK 85  DEF 80  SPATK 85  SPDEF 95  SPEED 60 

Set #139 - VALLE RUINAS Fishing (rate=20)
Clefable Lv5             HP 95  ATK 70  DEF 73  SPATK 95  SPDEF 90  SPEED 60 
Blaziken Lv5             HP 80  ATK 120 DEF 70  SPATK 110 SPDEF 70  SPEED 80 
Deoxys Lvs 5-15          HP 50  ATK 180 DEF 20  SPATK 180 SPDEF 20  SPEED 150
Delcatty Lvs 5-15        HP 70  ATK 65  DEF 65  SPATK 55  SPDEF 55  SPEED 90 
Beautifly Lvs 5-15       HP 60  ATK 70  DEF 50  SPATK 100 SPDEF 50  SPEED 65 
Raticate Lvs 15-25       HP 55  ATK 81  DEF 60  SPATK 50  SPDEF 70  SPEED 97 
Mewtwo Lvs 20-30         HP 106 ATK 110 DEF 90  SPATK 154 SPDEF 90  SPEED 130
Snubbull Lvs 15-25       HP 60  ATK 80  DEF 50  SPATK 40  SPDEF 40  SPEED 30 
Trapinch Lvs 15-25       HP 45  ATK 100 DEF 45  SPATK 45  SPDEF 45  SPEED 10 
Beedrill Lvs 25-35       HP 65  ATK 90  DEF 40  SPATK 45  SPDEF 80  SPEED 75 

Set #140 - TORRE DESAFÍO Surfing (rate=2)
Nidoran♂ Lvs 5-20        HP 46  ATK 57  DEF 40  SPATK 40  SPDEF 40  SPEED 50 
Bagon Lvs 20-35          HP 45  ATK 75  DEF 60  SPATK 40  SPDEF 30  SPEED 50 
Heracross Lvs 35-40      HP 80  ATK 125 DEF 75  SPATK 40  SPDEF 95  SPEED 85 
Jynx Lvs 35-40           HP 65  ATK 50  DEF 35  SPATK 115 SPDEF 95  SPEED 95 
Dragonite Lvs 35-40      HP 91  ATK 134 DEF 95  SPATK 100 SPDEF 100 SPEED 80 

Set #141 - TORRE DESAFÍO Fishing (rate=20)
Wurmple Lv5              HP 45  ATK 45  DEF 35  SPATK 20  SPDEF 30  SPEED 20 
Marshtomp Lv5            HP 70  ATK 85  DEF 70  SPATK 60  SPDEF 70  SPEED 50 
Salamence Lvs 5-15       HP 95  ATK 135 DEF 80  SPATK 110 SPDEF 80  SPEED 100
Numel Lvs 5-15           HP 60  ATK 60  DEF 40  SPATK 65  SPDEF 45  SPEED 35 
Gulpin Lvs 5-15          HP 70  ATK 43  DEF 53  SPATK 43  SPDEF 53  SPEED 40 
Relicanth Lvs 15-25      HP 100 ATK 90  DEF 130 SPATK 45  SPDEF 65  SPEED 55 
Baltoy Lvs 15-25         HP 40  ATK 40  DEF 55  SPATK 40  SPDEF 70  SPEED 55 
Nuzleaf Lvs 15-25        HP 70  ATK 70  DEF 40  SPATK 60  SPDEF 40  SPEED 60 
Nidoran♀ Lvs 25-35       HP 55  ATK 47  DEF 52  SPATK 40  SPDEF 40  SPEED 41 
Arcanine Lvs 25-35       HP 90  ATK 110 DEF 80  SPATK 100 SPDEF 80  SPEED 95 

Set #142 - ENTRADA AL CAÑÓN Grass/Cave (rate=21)
Onix Lv44                HP 35  ATK 45  DEF 160 SPATK 30  SPDEF 45  SPEED 70 
Electrike Lv10           HP 40  ATK 45  DEF 40  SPATK 65  SPDEF 40  SPEED 65 
Sudowoodo Lv10           HP 70  ATK 100 DEF 115 SPATK 30  SPDEF 65  SPEED 30 
Aggron Lv48              HP 70  ATK 110 DEF 180 SPATK 60  SPDEF 60  SPEED 50 
Charmander Lv15          HP 39  ATK 52  DEF 43  SPATK 60  SPDEF 50  SPEED 65 
Doduo Lv41               HP 35  ATK 85  DEF 45  SPATK 35  SPDEF 35  SPEED 75 
Banette Lv50             HP 64  ATK 115 DEF 65  SPATK 83  SPDEF 63  SPEED 65 
Weepinbell Lv41          HP 65  ATK 90  DEF 50  SPATK 85  SPDEF 45  SPEED 55 
Gengar Lv15              HP 60  ATK 65  DEF 60  SPATK 130 SPDEF 75  SPEED 110
Parasect Lv47            HP 60  ATK 95  DEF 80  SPATK 60  SPDEF 80  SPEED 30 
Sneasel Lv15             HP 55  ATK 95  DEF 55  SPATK 35  SPDEF 75  SPEED 115
Skiploom Lv50            HP 55  ATK 45  DEF 50  SPATK 45  SPDEF 65  SPEED 80 

Set #143 - CAÑÓN SÉTANO Grass/Cave (rate=21)
Lickitung Lv46           HP 90  ATK 55  DEF 75  SPATK 60  SPDEF 75  SPEED 30 
Golem Lv15               HP 80  ATK 120 DEF 130 SPATK 55  SPDEF 65  SPEED 45 
Bulbasaur Lv46           HP 45  ATK 49  DEF 49  SPATK 65  SPDEF 65  SPEED 45 
Ho-Oh Lv50               HP 106 ATK 130 DEF 90  SPATK 110 SPDEF 154 SPEED 90 
Wooper Lv52              HP 55  ATK 45  DEF 45  SPATK 25  SPDEF 25  SPEED 15 
Dratini Lv43             HP 41  ATK 64  DEF 45  SPATK 50  SPDEF 50  SPEED 50 
Relicanth Lv54           HP 100 ATK 90  DEF 130 SPATK 45  SPDEF 65  SPEED 55 
Electrode Lv30           HP 60  ATK 50  DEF 70  SPATK 80  SPDEF 80  SPEED 150
Delcatty Lv15            HP 70  ATK 65  DEF 65  SPATK 55  SPDEF 55  SPEED 90 
Sandshrew Lv49           HP 50  ATK 75  DEF 85  SPATK 20  SPDEF 30  SPEED 40 
Jigglypuff Lv20          HP 115 ATK 45  DEF 20  SPATK 45  SPDEF 25  SPEED 20 
Delcatty Lv52            HP 70  ATK 65  DEF 65  SPATK 55  SPDEF 55  SPEED 90 

Set #144 - CAÑÓN SÉTANO Rock Smash (rate=25)
Salamence Lvs 25-35      HP 95  ATK 135 DEF 80  SPATK 110 SPDEF 80  SPEED 100
Masquerain Lvs 30-45     HP 70  ATK 60  DEF 62  SPATK 100 SPDEF 82  SPEED 80 
Victreebel Lvs 35-50     HP 80  ATK 105 DEF 65  SPATK 100 SPDEF 70  SPEED 70 
Tangela Lvs 30-40        HP 65  ATK 55  DEF 115 SPATK 100 SPDEF 40  SPEED 60 
Milotic Lvs 30-40        HP 95  ATK 60  DEF 79  SPATK 100 SPDEF 125 SPEED 81 

Set #145 - RUINAS SETE Surfing (rate=2)
Politoed Lvs 5-20        HP 90  ATK 75  DEF 75  SPATK 90  SPDEF 100 SPEED 70 
Aipom Lvs 20-35          HP 55  ATK 70  DEF 55  SPATK 40  SPDEF 55  SPEED 85 
Venomoth Lvs 35-40       HP 70  ATK 65  DEF 60  SPATK 90  SPDEF 75  SPEED 90 
Metang Lvs 35-40         HP 60  ATK 75  DEF 100 SPATK 55  SPDEF 80  SPEED 50 
Ho-Oh Lvs 35-40          HP 106 ATK 130 DEF 90  SPATK 110 SPDEF 154 SPEED 90 

Set #146 - RUINAS SETE Fishing (rate=20)
Wigglytuff Lv5           HP 140 ATK 70  DEF 45  SPATK 85  SPDEF 50  SPEED 45 
Dragonair Lv5            HP 61  ATK 84  DEF 65  SPATK 70  SPDEF 70  SPEED 70 
Girafarig Lvs 5-15       HP 70  ATK 80  DEF 65  SPATK 90  SPDEF 65  SPEED 85 
Celebi Lvs 5-15          HP 100 ATK 100 DEF 100 SPATK 100 SPDEF 100 SPEED 100
Celebi Lvs 5-15          HP 100 ATK 100 DEF 100 SPATK 100 SPDEF 100 SPEED 100
Golduck Lvs 15-25        HP 80  ATK 82  DEF 78  SPATK 95  SPDEF 80  SPEED 85 
Nidorina Lvs 15-25       HP 70  ATK 62  DEF 67  SPATK 55  SPDEF 55  SPEED 56 
Beedrill Lvs 15-25       HP 65  ATK 90  DEF 40  SPATK 45  SPDEF 80  SPEED 75 
Lunatone Lvs 25-35       HP 90  ATK 55  DEF 65  SPATK 95  SPDEF 85  SPEED 70 
Girafarig Lvs 25-35      HP 70  ATK 80  DEF 65  SPATK 90  SPDEF 65  SPEED 85 

Set #147 - RUTA 1 Grass/Cave (rate=21)
Shroomish Lv3            HP 60  ATK 40  DEF 60  SPATK 40  SPDEF 60  SPEED 35 
Metagross Lv3            HP 80  ATK 135 DEF 130 SPATK 95  SPDEF 90  SPEED 70 
Typhlosion Lv3           HP 78  ATK 84  DEF 78  SPATK 109 SPDEF 85  SPEED 100
Stantler Lv3             HP 73  ATK 95  DEF 62  SPATK 85  SPDEF 65  SPEED 85 
Spheal Lv2               HP 70  ATK 40  DEF 50  SPATK 55  SPDEF 50  SPEED 25 
Walrein Lv2              HP 110 ATK 80  DEF 90  SPATK 95  SPDEF 90  SPEED 65 
Smoochum Lv3             HP 45  ATK 30  DEF 15  SPATK 85  SPDEF 65  SPEED 65 
Skarmory Lv3             HP 65  ATK 80  DEF 140 SPATK 40  SPDEF 70  SPEED 70 
Beldum Lv4               HP 40  ATK 55  DEF 80  SPATK 35  SPDEF 60  SPEED 30 
Metapod Lv4              HP 50  ATK 20  DEF 55  SPATK 25  SPDEF 25  SPEED 30 
Charizard Lv5            HP 78  ATK 84  DEF 78  SPATK 109 SPDEF 85  SPEED 100
Hoothoot Lv4             HP 60  ATK 30  DEF 30  SPATK 36  SPDEF 56  SPEED 50 

Set #148 - RUTA 2 Grass/Cave (rate=21)
Chansey Lv3              HP 250 ATK 5   DEF 5   SPATK 35  SPDEF 105 SPEED 50 
Linoone Lv3              HP 78  ATK 70  DEF 61  SPATK 50  SPDEF 61  SPEED 100
Tauros Lv4               HP 75  ATK 100 DEF 95  SPATK 40  SPDEF 70  SPEED 110
Golem Lv4                HP 80  ATK 120 DEF 130 SPATK 55  SPDEF 65  SPEED 45 
Seaking Lv2              HP 80  ATK 92  DEF 65  SPATK 65  SPDEF 80  SPEED 68 
Politoed Lv2             HP 90  ATK 75  DEF 75  SPATK 90  SPDEF 100 SPEED 70 
Tangela Lv5              HP 65  ATK 55  DEF 115 SPATK 100 SPDEF 40  SPEED 60 
Delibird Lv5             HP 45  ATK 55  DEF 45  SPATK 65  SPDEF 45  SPEED 75 
Haunter Lv4              HP 45  ATK 50  DEF 45  SPATK 115 SPDEF 55  SPEED 95 
Ludicolo Lv4             HP 80  ATK 70  DEF 70  SPATK 90  SPDEF 100 SPEED 70 
Jynx Lv5                 HP 65  ATK 50  DEF 35  SPATK 115 SPDEF 95  SPEED 95 
Jumpluff Lv5             HP 75  ATK 55  DEF 70  SPATK 55  SPDEF 95  SPEED 110

Set #149 - RUTA 3 Grass/Cave (rate=21)
Fearow Lv6               HP 65  ATK 90  DEF 65  SPATK 61  SPDEF 61  SPEED 100
Nidoran♀ Lv6             HP 55  ATK 47  DEF 52  SPATK 40  SPDEF 40  SPEED 41 
Nidorino Lv7             HP 61  ATK 72  DEF 57  SPATK 55  SPDEF 55  SPEED 65 
Slaking Lv7              HP 150 ATK 160 DEF 100 SPATK 95  SPDEF 65  SPEED 100
Caterpie Lv6             HP 45  ATK 30  DEF 35  SPATK 20  SPDEF 20  SPEED 45 
Spinda Lv7               HP 60  ATK 60  DEF 60  SPATK 60  SPDEF 60  SPEED 60 
Nidoran♀ Lv8             HP 55  ATK 47  DEF 52  SPATK 40  SPDEF 40  SPEED 41 
Zubat Lv3                HP 40  ATK 45  DEF 35  SPATK 30  SPDEF 40  SPEED 55 
Clamperl Lv7             HP 35  ATK 64  DEF 85  SPATK 74  SPDEF 55  SPEED 32 
Psyduck Lv5              HP 50  ATK 52  DEF 48  SPATK 65  SPDEF 50  SPEED 55 
Ponyta Lv6               HP 50  ATK 85  DEF 55  SPATK 65  SPDEF 65  SPEED 90 
Parasect Lv7             HP 60  ATK 95  DEF 80  SPATK 60  SPDEF 80  SPEED 30 

Set #150 - RUTA 4 Grass/Cave (rate=21)
Ponyta Lv10              HP 50  ATK 85  DEF 55  SPATK 65  SPDEF 65  SPEED 90 
Pelipper Lv10            HP 60  ATK 50  DEF 100 SPATK 95  SPDEF 70  SPEED 65 
Jolteon Lv6              HP 65  ATK 65  DEF 60  SPATK 110 SPDEF 95  SPEED 130
Slaking Lv10             HP 150 ATK 160 DEF 100 SPATK 95  SPDEF 65  SPEED 100
Exeggutor Lv8            HP 95  ATK 95  DEF 85  SPATK 125 SPDEF 75  SPEED 55 
Nosepass Lv8             HP 30  ATK 45  DEF 135 SPATK 45  SPDEF 90  SPEED 30 
Charmeleon Lv12          HP 58  ATK 64  DEF 58  SPATK 80  SPDEF 65  SPEED 80 
Squirtle Lv12            HP 44  ATK 48  DEF 65  SPATK 50  SPDEF 64  SPEED 43 
Meowth Lv10              HP 40  ATK 45  DEF 35  SPATK 40  SPDEF 40  SPEED 90 
Sneasel Lv8              HP 55  ATK 95  DEF 55  SPATK 35  SPDEF 75  SPEED 115
Regirock Lv12            HP 80  ATK 100 DEF 200 SPATK 50  SPDEF 100 SPEED 50 
Phanpy Lv12              HP 90  ATK 60  DEF 60  SPATK 40  SPDEF 40  SPEED 40 

Set #151 - RUTA 4 Surfing (rate=2)
Regice Lvs 5-10          HP 80  ATK 50  DEF 100 SPATK 100 SPDEF 200 SPEED 50 
Clamperl Lvs 10-20       HP 35  ATK 64  DEF 85  SPATK 74  SPDEF 55  SPEED 32 
Latios Lvs 20-30         HP 80  ATK 90  DEF 80  SPATK 130 SPDEF 110 SPEED 110
Ursaring Lvs 30-35       HP 90  ATK 130 DEF 75  SPATK 75  SPDEF 75  SPEED 55 
Metapod Lvs 35-40        HP 50  ATK 20  DEF 55  SPATK 25  SPDEF 25  SPEED 30 

Set #152 - RUTA 4 Fishing (rate=20)
Muk Lv5                  HP 105 ATK 105 DEF 75  SPATK 65  SPDEF 100 SPEED 50 
Corphish Lv5             HP 43  ATK 80  DEF 65  SPATK 50  SPDEF 35  SPEED 35 
Machop Lvs 5-15          HP 70  ATK 80  DEF 50  SPATK 35  SPDEF 35  SPEED 35 
Slakoth Lvs 5-15         HP 60  ATK 60  DEF 60  SPATK 35  SPDEF 35  SPEED 30 
Mawile Lvs 5-15          HP 50  ATK 85  DEF 85  SPATK 55  SPDEF 55  SPEED 50 
Surskit Lvs 15-25        HP 40  ATK 30  DEF 32  SPATK 50  SPDEF 52  SPEED 65 
Wurmple Lvs 15-25        HP 45  ATK 45  DEF 35  SPATK 20  SPDEF 30  SPEED 20 
Exploud Lvs 15-25        HP 104 ATK 91  DEF 63  SPATK 91  SPDEF 73  SPEED 68 
Rhyhorn Lvs 25-35        HP 80  ATK 85  DEF 95  SPATK 30  SPDEF 30  SPEED 25 
Meditite Lvs 25-35       HP 30  ATK 40  DEF 55  SPATK 40  SPDEF 55  SPEED 60 

Set #153 - RUTA 5 Grass/Cave (rate=21)
Electrike Lv10           HP 40  ATK 45  DEF 40  SPATK 65  SPDEF 40  SPEED 65 
Ledyba Lv13              HP 40  ATK 20  DEF 30  SPATK 40  SPDEF 80  SPEED 55 
Golem Lv13               HP 80  ATK 120 DEF 130 SPATK 55  SPDEF 65  SPEED 45 
Shedinja Lv12            HP 1   ATK 90  DEF 45  SPATK 30  SPDEF 30  SPEED 40 
Tentacool Lv15           HP 40  ATK 40  DEF 35  SPATK 50  SPDEF 100 SPEED 70 
Clefairy Lv15            HP 70  ATK 45  DEF 48  SPATK 60  SPDEF 65  SPEED 35 
Dunsparce Lv16           HP 100 ATK 70  DEF 70  SPATK 65  SPDEF 65  SPEED 45 
Zapdos Lv16              HP 90  ATK 90  DEF 85  SPATK 125 SPDEF 90  SPEED 100
Treecko Lv15             HP 40  ATK 45  DEF 35  SPATK 65  SPDEF 55  SPEED 70 
Shroomish Lv14           HP 60  ATK 40  DEF 60  SPATK 40  SPDEF 60  SPEED 35 
Ampharos Lv15            HP 90  ATK 75  DEF 85  SPATK 115 SPDEF 90  SPEED 55 
Wartortle Lv16           HP 59  ATK 63  DEF 80  SPATK 65  SPDEF 80  SPEED 58 

Set #154 - RUTA 6 Grass/Cave (rate=21)
Exeggutor Lv10           HP 95  ATK 95  DEF 85  SPATK 125 SPDEF 75  SPEED 55 
Doduo Lv13               HP 35  ATK 85  DEF 45  SPATK 35  SPDEF 35  SPEED 75 
Cloyster Lv13            HP 50  ATK 95  DEF 180 SPATK 85  SPDEF 45  SPEED 70 
Sandshrew Lv12           HP 50  ATK 75  DEF 85  SPATK 20  SPDEF 30  SPEED 40 
Metagross Lv15           HP 80  ATK 135 DEF 130 SPATK 95  SPDEF 90  SPEED 70 
Jolteon Lv15             HP 65  ATK 65  DEF 60  SPATK 110 SPDEF 95  SPEED 130
Sceptile Lv16            HP 70  ATK 85  DEF 65  SPATK 105 SPDEF 85  SPEED 120
Kabutops Lv16            HP 60  ATK 115 DEF 105 SPATK 65  SPDEF 70  SPEED 80 
Aerodactyl Lv15          HP 80  ATK 105 DEF 65  SPATK 60  SPDEF 75  SPEED 130
Aron Lv14                HP 50  ATK 70  DEF 100 SPATK 40  SPDEF 40  SPEED 30 
Cacnea Lv15              HP 50  ATK 85  DEF 40  SPATK 85  SPDEF 40  SPEED 35 
Kyogre Lv16              HP 100 ATK 100 DEF 90  SPATK 150 SPDEF 140 SPEED 90 

Set #155 - RUTA 6 Surfing (rate=2)
Mantine Lvs 20-25        HP 85  ATK 40  DEF 70  SPATK 80  SPDEF 140 SPEED 70 
Lairon Lvs 20-25         HP 60  ATK 90  DEF 140 SPATK 50  SPDEF 50  SPEED 40 
Chinchou Lvs 25-30       HP 75  ATK 38  DEF 38  SPATK 56  SPDEF 56  SPEED 67 
Pidgey Lvs 30-35         HP 40  ATK 45  DEF 40  SPATK 35  SPDEF 35  SPEED 56 
Ninetales Lvs 35-40      HP 73  ATK 76  DEF 75  SPATK 81  SPDEF 100 SPEED 100

Set #156 - RUTA 6 Fishing (rate=20)
Dodrio Lv5               HP 60  ATK 110 DEF 70  SPATK 60  SPDEF 60  SPEED 110
Nincada Lv5              HP 31  ATK 45  DEF 90  SPATK 30  SPDEF 30  SPEED 40 
Zubat Lvs 5-15           HP 40  ATK 45  DEF 35  SPATK 30  SPDEF 40  SPEED 55 
Golbat Lvs 5-15          HP 75  ATK 80  DEF 70  SPATK 65  SPDEF 75  SPEED 90 
Piloswine Lvs 5-15       HP 100 ATK 100 DEF 80  SPATK 60  SPDEF 60  SPEED 50 
Wartortle Lvs 15-25      HP 59  ATK 63  DEF 80  SPATK 65  SPDEF 80  SPEED 58 
Sneasel Lvs 20-30        HP 55  ATK 95  DEF 55  SPATK 35  SPDEF 75  SPEED 115
Venusaur Lvs 15-25       HP 80  ATK 82  DEF 83  SPATK 100 SPDEF 100 SPEED 80 
Torkoal Lvs 15-25        HP 70  ATK 85  DEF 140 SPATK 85  SPDEF 70  SPEED 20 
Onix Lvs 25-35           HP 35  ATK 45  DEF 160 SPATK 30  SPDEF 45  SPEED 70 

Set #157 - RUTA 7 Grass/Cave (rate=21)
Elekid Lv19              HP 45  ATK 63  DEF 37  SPATK 65  SPDEF 55  SPEED 95 
Primeape Lv17            HP 65  ATK 105 DEF 60  SPATK 60  SPDEF 70  SPEED 95 
Ditto Lv19               HP 48  ATK 48  DEF 48  SPATK 48  SPDEF 48  SPEED 48 
Rayquaza Lv18            HP 105 ATK 150 DEF 90  SPATK 150 SPDEF 90  SPEED 95 
Marill Lv22              HP 70  ATK 20  DEF 50  SPATK 20  SPDEF 50  SPEED 40 
Bellossom Lv22           HP 75  ATK 80  DEF 95  SPATK 90  SPDEF 100 SPEED 50 
Roselia Lv18             HP 50  ATK 60  DEF 45  SPATK 100 SPDEF 80  SPEED 65 
Barboach Lv20            HP 50  ATK 48  DEF 43  SPATK 46  SPDEF 41  SPEED 60 
Tyranitar Lv17           HP 100 ATK 134 DEF 110 SPATK 95  SPDEF 100 SPEED 61 
Flareon Lv19             HP 65  ATK 130 DEF 60  SPATK 95  SPDEF 110 SPEED 65 
Mr. Mime Lv17            HP 40  ATK 45  DEF 65  SPATK 100 SPDEF 120 SPEED 90 
Kecleon Lv20             HP 60  ATK 90  DEF 70  SPATK 60  SPDEF 120 SPEED 40 

Set #158 - RUTA 8 Grass/Cave (rate=21)
Slakoth Lv18             HP 60  ATK 60  DEF 60  SPATK 35  SPDEF 35  SPEED 30 
Dratini Lv18             HP 41  ATK 64  DEF 45  SPATK 50  SPDEF 50  SPEED 50 
Shedinja Lv16            HP 1   ATK 90  DEF 45  SPATK 30  SPDEF 30  SPEED 40 
Pichu Lv20               HP 20  ATK 40  DEF 15  SPATK 35  SPDEF 35  SPEED 60 
Tropius Lv20             HP 99  ATK 68  DEF 83  SPATK 72  SPDEF 87  SPEED 51 
Bayleef Lv17             HP 60  ATK 62  DEF 80  SPATK 63  SPDEF 80  SPEED 60 
Lapras Lv17              HP 130 ATK 85  DEF 80  SPATK 85  SPDEF 95  SPEED 60 
Lunatone Lv19            HP 90  ATK 55  DEF 65  SPATK 95  SPDEF 85  SPEED 70 
Teddiursa Lv17           HP 60  ATK 80  DEF 50  SPATK 50  SPDEF 50  SPEED 40 
Yanma Lv15               HP 65  ATK 65  DEF 45  SPATK 75  SPDEF 45  SPEED 95 
Volbeat Lv17             HP 65  ATK 73  DEF 75  SPATK 47  SPDEF 85  SPEED 85 
Mudkip Lv18              HP 50  ATK 70  DEF 50  SPATK 50  SPDEF 50  SPEED 40 

Set #159 - RUTA 9 Grass/Cave (rate=21)
Aipom Lv16               HP 55  ATK 70  DEF 55  SPATK 40  SPDEF 55  SPEED 85 
Marowak Lv16             HP 60  ATK 80  DEF 110 SPATK 50  SPDEF 80  SPEED 45 
Bellossom Lv11           HP 75  ATK 80  DEF 95  SPATK 90  SPDEF 100 SPEED 50 
Mawile Lv15              HP 50  ATK 85  DEF 85  SPATK 55  SPDEF 55  SPEED 50 
Tropius Lv13             HP 99  ATK 68  DEF 83  SPATK 72  SPDEF 87  SPEED 51 
Electrike Lv14           HP 40  ATK 45  DEF 40  SPATK 65  SPDEF 40  SPEED 65 
Banette Lv17             HP 64  ATK 115 DEF 65  SPATK 83  SPDEF 63  SPEED 65 
Zangoose Lv17            HP 73  ATK 115 DEF 60  SPATK 60  SPDEF 60  SPEED 90 
Persian Lv14             HP 65  ATK 70  DEF 60  SPATK 65  SPDEF 65  SPEED 115
Celebi Lv13              HP 100 ATK 100 DEF 100 SPATK 100 SPDEF 100 SPEED 100
Tauros Lv14              HP 75  ATK 100 DEF 95  SPATK 40  SPDEF 70  SPEED 110
Linoone Lv17             HP 78  ATK 70  DEF 61  SPATK 50  SPDEF 61  SPEED 100

Set #160 - RUTA 10 Grass/Cave (rate=21)
Cyndaquil Lv16           HP 39  ATK 52  DEF 43  SPATK 60  SPDEF 50  SPEED 65 
Zapdos Lv16              HP 90  ATK 90  DEF 85  SPATK 125 SPDEF 90  SPEED 100
Sandslash Lv11           HP 75  ATK 100 DEF 110 SPATK 45  SPDEF 55  SPEED 65 
Ponyta Lv15              HP 50  ATK 85  DEF 55  SPATK 65  SPDEF 65  SPEED 90 
Porygon Lv13             HP 65  ATK 60  DEF 70  SPATK 85  SPDEF 75  SPEED 40 
Cacnea Lv14              HP 50  ATK 85  DEF 40  SPATK 85  SPDEF 40  SPEED 35 
Forretress Lv17          HP 75  ATK 90  DEF 140 SPATK 60  SPDEF 60  SPEED 40 
Anorith Lv17             HP 45  ATK 95  DEF 50  SPATK 40  SPDEF 50  SPEED 75 
Treecko Lv14             HP 40  ATK 45  DEF 35  SPATK 65  SPDEF 55  SPEED 70 
Misdreavus Lv13          HP 60  ATK 60  DEF 60  SPATK 85  SPDEF 85  SPEED 85 
Banette Lv14             HP 64  ATK 115 DEF 65  SPATK 83  SPDEF 63  SPEED 65 
Bagon Lv17               HP 45  ATK 75  DEF 60  SPATK 40  SPDEF 30  SPEED 50 

Set #161 - RUTA 10 Surfing (rate=2)
Seviper Lvs 5-10         HP 73  ATK 100 DEF 60  SPATK 100 SPDEF 60  SPEED 65 
Hypno Lvs 10-20          HP 85  ATK 73  DEF 70  SPATK 73  SPDEF 115 SPEED 67 
Weedle Lvs 20-30         HP 40  ATK 35  DEF 30  SPATK 20  SPDEF 20  SPEED 50 
Fearow Lvs 30-35         HP 65  ATK 90  DEF 65  SPATK 61  SPDEF 61  SPEED 100
Registeel Lvs 35-40      HP 80  ATK 75  DEF 150 SPATK 75  SPDEF 150 SPEED 50 

Set #162 - RUTA 10 Fishing (rate=20)
Crobat Lv5               HP 85  ATK 90  DEF 80  SPATK 70  SPDEF 80  SPEED 130
Bellsprout Lv5           HP 50  ATK 75  DEF 35  SPATK 70  SPDEF 30  SPEED 40 
Porygon2 Lvs 5-15        HP 85  ATK 80  DEF 90  SPATK 105 SPDEF 95  SPEED 60 
Tentacruel Lvs 5-15      HP 80  ATK 70  DEF 65  SPATK 80  SPDEF 120 SPEED 100
Golduck Lvs 5-15         HP 80  ATK 82  DEF 78  SPATK 95  SPDEF 80  SPEED 85 
Tentacruel Lvs 15-25     HP 80  ATK 70  DEF 65  SPATK 80  SPDEF 120 SPEED 100
Ninjask Lvs 15-25        HP 61  ATK 90  DEF 45  SPATK 50  SPDEF 50  SPEED 160
Machop Lvs 15-25         HP 70  ATK 80  DEF 50  SPATK 35  SPDEF 35  SPEED 35 
Ludicolo Lvs 25-35       HP 80  ATK 70  DEF 70  SPATK 90  SPDEF 100 SPEED 70 
Butterfree Lvs 25-35     HP 60  ATK 45  DEF 50  SPATK 90  SPDEF 80  SPEED 70 

Set #163 - RUTA 11 Grass/Cave (rate=21)
Hariyama Lv14            HP 144 ATK 120 DEF 60  SPATK 40  SPDEF 60  SPEED 50 
Dragonair Lv15           HP 61  ATK 84  DEF 65  SPATK 70  SPDEF 70  SPEED 70 
Hitmontop Lv12           HP 50  ATK 95  DEF 95  SPATK 35  SPDEF 110 SPEED 70 
Walrein Lv13             HP 110 ATK 80  DEF 90  SPATK 95  SPDEF 90  SPEED 65 
Quagsire Lv11            HP 95  ATK 85  DEF 85  SPATK 65  SPDEF 65  SPEED 35 
Magneton Lv13            HP 50  ATK 60  DEF 95  SPATK 120 SPDEF 70  SPEED 70 
Ekans Lv15               HP 35  ATK 60  DEF 44  SPATK 40  SPDEF 54  SPEED 55 
Glalie Lv17              HP 80  ATK 80  DEF 80  SPATK 80  SPDEF 80  SPEED 80 
Steelix Lv12             HP 75  ATK 85  DEF 200 SPATK 55  SPDEF 65  SPEED 30 
Nidoqueen Lv15           HP 90  ATK 92  DEF 87  SPATK 75  SPDEF 85  SPEED 76 
Carvanha Lv12            HP 45  ATK 90  DEF 20  SPATK 65  SPDEF 20  SPEED 65 
Spinda Lv15              HP 60  ATK 60  DEF 60  SPATK 60  SPDEF 60  SPEED 60 

Set #164 - RUTA 11 Surfing (rate=2)
Kecleon Lvs 5-10         HP 60  ATK 90  DEF 70  SPATK 60  SPDEF 120 SPEED 40 
Salamence Lvs 10-20      HP 95  ATK 135 DEF 80  SPATK 110 SPDEF 80  SPEED 100
Machop Lvs 20-30         HP 70  ATK 80  DEF 50  SPATK 35  SPDEF 35  SPEED 35 
Torchic Lvs 30-35        HP 45  ATK 60  DEF 40  SPATK 70  SPDEF 50  SPEED 45 
Vigoroth Lvs 35-40       HP 80  ATK 80  DEF 80  SPATK 55  SPDEF 55  SPEED 90 

Set #165 - RUTA 11 Fishing (rate=20)
Vileplume Lv5            HP 75  ATK 80  DEF 85  SPATK 110 SPDEF 90  SPEED 50 
Armaldo Lv5              HP 75  ATK 125 DEF 100 SPATK 70  SPDEF 80  SPEED 45 
Charizard Lvs 5-15       HP 78  ATK 84  DEF 78  SPATK 109 SPDEF 85  SPEED 100
Tangela Lvs 5-15         HP 65  ATK 55  DEF 115 SPATK 100 SPDEF 40  SPEED 60 
Qwilfish Lvs 5-15        HP 65  ATK 95  DEF 85  SPATK 55  SPDEF 55  SPEED 85 
Dewgong Lvs 15-25        HP 90  ATK 70  DEF 80  SPATK 70  SPDEF 95  SPEED 70 
Rhyhorn Lvs 15-25        HP 80  ATK 85  DEF 95  SPATK 30  SPDEF 30  SPEED 25 
Torkoal Lvs 15-25        HP 70  ATK 85  DEF 140 SPATK 85  SPDEF 70  SPEED 20 
Armaldo Lvs 25-35        HP 75  ATK 125 DEF 100 SPATK 70  SPDEF 80  SPEED 45 
Gulpin Lvs 25-35         HP 70  ATK 43  DEF 53  SPATK 43  SPDEF 53  SPEED 40 

Set #166 - RUTA 12 Grass/Cave (rate=21)
Anorith Lv24             HP 45  ATK 95  DEF 50  SPATK 40  SPDEF 50  SPEED 75 
Grimer Lv24              HP 80  ATK 80  DEF 50  SPATK 40  SPDEF 50  SPEED 25 
Koffing Lv22             HP 40  ATK 65  DEF 95  SPATK 60  SPDEF 45  SPEED 35 
Natu Lv23                HP 40  ATK 50  DEF 45  SPATK 70  SPDEF 45  SPEED 70 
Bellossom Lv25           HP 75  ATK 80  DEF 95  SPATK 90  SPDEF 100 SPEED 50 
Plusle Lv26              HP 60  ATK 50  DEF 40  SPATK 85  SPDEF 75  SPEED 95 
Poliwrath Lv26           HP 90  ATK 95  DEF 95  SPATK 70  SPDEF 90  SPEED 70 
Relicanth Lv27           HP 100 ATK 90  DEF 130 SPATK 45  SPDEF 65  SPEED 55 
Stantler Lv23            HP 73  ATK 95  DEF 62  SPATK 85  SPDEF 65  SPEED 85 
Nosepass Lv28            HP 30  ATK 45  DEF 135 SPATK 45  SPDEF 90  SPEED 30 
Heracross Lv23           HP 80  ATK 125 DEF 75  SPATK 40  SPDEF 95  SPEED 85 
Solrock Lv30             HP 90  ATK 95  DEF 85  SPATK 55  SPDEF 65  SPEED 70 

Set #167 - RUTA 12 Surfing (rate=2)
Chimecho Lvs 5-10        HP 75  ATK 50  DEF 80  SPATK 95  SPDEF 90  SPEED 65 
Chinchou Lvs 10-20       HP 75  ATK 38  DEF 38  SPATK 56  SPDEF 56  SPEED 67 
Alakazam Lvs 20-30       HP 55  ATK 50  DEF 45  SPATK 135 SPDEF 95  SPEED 120
Plusle Lvs 30-35         HP 60  ATK 50  DEF 40  SPATK 85  SPDEF 75  SPEED 95 
Beldum Lvs 35-40         HP 40  ATK 55  DEF 80  SPATK 35  SPDEF 60  SPEED 30 

Set #168 - RUTA 12 Fishing (rate=60)
Torchic Lv5              HP 45  ATK 60  DEF 40  SPATK 70  SPDEF 50  SPEED 45 
Meganium Lv5             HP 80  ATK 82  DEF 100 SPATK 83  SPDEF 100 SPEED 80 
Wooper Lvs 5-15          HP 55  ATK 45  DEF 45  SPATK 25  SPDEF 25  SPEED 15 
Nidoking Lvs 5-15        HP 81  ATK 102 DEF 77  SPATK 85  SPDEF 75  SPEED 85 
Squirtle Lvs 5-15        HP 44  ATK 48  DEF 65  SPATK 50  SPDEF 64  SPEED 43 
Seedot Lvs 15-25         HP 40  ATK 40  DEF 50  SPATK 30  SPDEF 30  SPEED 30 
Abra Lvs 15-25           HP 25  ATK 20  DEF 15  SPATK 105 SPDEF 55  SPEED 90 
Celebi Lvs 15-25         HP 100 ATK 100 DEF 100 SPATK 100 SPDEF 100 SPEED 100
Sentret Lvs 25-35        HP 35  ATK 46  DEF 34  SPATK 35  SPDEF 45  SPEED 20 
Rapidash Lvs 25-35       HP 65  ATK 100 DEF 70  SPATK 80  SPDEF 80  SPEED 105

Set #169 - RUTA 13 Grass/Cave (rate=21)
Tyranitar Lv24           HP 100 ATK 134 DEF 110 SPATK 95  SPDEF 100 SPEED 61 
Slakoth Lv24             HP 60  ATK 60  DEF 60  SPATK 35  SPDEF 35  SPEED 30 
Hypno Lv22               HP 85  ATK 73  DEF 70  SPATK 73  SPDEF 115 SPEED 67 
Togepi Lv27              HP 35  ATK 20  DEF 65  SPATK 40  SPDEF 65  SPEED 20 
Nidorino Lv25            HP 61  ATK 72  DEF 57  SPATK 55  SPDEF 55  SPEED 65 
Pichu Lv26               HP 20  ATK 40  DEF 15  SPATK 35  SPDEF 35  SPEED 60 
Luvdisc Lv26             HP 43  ATK 30  DEF 55  SPATK 40  SPDEF 65  SPEED 97 
Onix Lv25                HP 35  ATK 45  DEF 160 SPATK 30  SPDEF 45  SPEED 70 
Gligar Lv29              HP 65  ATK 75  DEF 105 SPATK 35  SPDEF 65  SPEED 85 
Voltorb Lv28             HP 40  ATK 30  DEF 50  SPATK 55  SPDEF 55  SPEED 100
Feraligatr Lv29          HP 85  ATK 105 DEF 100 SPATK 79  SPDEF 83  SPEED 78 
Altaria Lv30             HP 75  ATK 70  DEF 90  SPATK 70  SPDEF 105 SPEED 80 

Set #170 - RUTA 13 Surfing (rate=2)
Sableye Lvs 5-10         HP 50  ATK 75  DEF 75  SPATK 65  SPDEF 65  SPEED 50 
Meowth Lvs 10-20         HP 40  ATK 45  DEF 35  SPATK 40  SPDEF 40  SPEED 90 
Eevee Lvs 20-30          HP 55  ATK 55  DEF 50  SPATK 45  SPDEF 65  SPEED 55 
Celebi Lvs 30-35         HP 100 ATK 100 DEF 100 SPATK 100 SPDEF 100 SPEED 100
Magnemite Lvs 35-40      HP 25  ATK 35  DEF 70  SPATK 95  SPDEF 55  SPEED 45 

Set #171 - RUTA 13 Fishing (rate=20)
Kabutops Lv5             HP 60  ATK 115 DEF 105 SPATK 65  SPDEF 70  SPEED 80 
Bayleef Lv5              HP 60  ATK 62  DEF 80  SPATK 63  SPDEF 80  SPEED 60 
Registeel Lvs 5-15       HP 80  ATK 75  DEF 150 SPATK 75  SPDEF 150 SPEED 50 
Linoone Lvs 5-15         HP 78  ATK 70  DEF 61  SPATK 50  SPDEF 61  SPEED 100
Volbeat Lvs 5-15         HP 65  ATK 73  DEF 75  SPATK 47  SPDEF 85  SPEED 85 
Gyarados Lvs 15-25       HP 95  ATK 125 DEF 79  SPATK 60  SPDEF 100 SPEED 81 
Togepi Lvs 15-25         HP 35  ATK 20  DEF 65  SPATK 40  SPDEF 65  SPEED 20 
Slugma Lvs 15-25         HP 40  ATK 40  DEF 40  SPATK 70  SPDEF 40  SPEED 20 
Chimecho Lvs 25-35       HP 75  ATK 50  DEF 80  SPATK 95  SPDEF 90  SPEED 65 
Kakuna Lvs 25-35         HP 45  ATK 25  DEF 50  SPATK 25  SPDEF 25  SPEED 35 

Set #172 - RUTA 14 Grass/Cave (rate=21)
Horsea Lv24              HP 30  ATK 40  DEF 70  SPATK 70  SPDEF 25  SPEED 60 
Ponyta Lv24              HP 50  ATK 85  DEF 55  SPATK 65  SPDEF 65  SPEED 90 
Dustox Lv22              HP 60  ATK 50  DEF 70  SPATK 50  SPDEF 90  SPEED 65 
Scyther Lv23             HP 70  ATK 110 DEF 80  SPATK 55  SPDEF 80  SPEED 105
Grumpig Lv27             HP 80  ATK 45  DEF 65  SPATK 90  SPDEF 110 SPEED 80 
Sandshrew Lv26           HP 50  ATK 75  DEF 85  SPATK 20  SPDEF 30  SPEED 40 
Qwilfish Lv26            HP 65  ATK 95  DEF 85  SPATK 55  SPDEF 55  SPEED 85 
Solrock Lv30             HP 90  ATK 95  DEF 85  SPATK 55  SPDEF 65  SPEED 70 
Mankey Lv23              HP 40  ATK 80  DEF 35  SPATK 35  SPDEF 45  SPEED 70 
Scyther Lv29             HP 70  ATK 110 DEF 80  SPATK 55  SPDEF 80  SPEED 105
Gligar Lv23              HP 65  ATK 75  DEF 105 SPATK 35  SPDEF 65  SPEED 85 
Drowzee Lv29             HP 60  ATK 48  DEF 45  SPATK 43  SPDEF 90  SPEED 42 

Set #173 - RUTA 15 Grass/Cave (rate=21)
Dratini Lv24             HP 41  ATK 64  DEF 45  SPATK 50  SPDEF 50  SPEED 50 
Seaking Lv24             HP 80  ATK 92  DEF 65  SPATK 65  SPDEF 80  SPEED 68 
Hypno Lv22               HP 85  ATK 73  DEF 70  SPATK 73  SPDEF 115 SPEED 67 
Snubbull Lv27            HP 60  ATK 80  DEF 50  SPATK 40  SPDEF 40  SPEED 30 
Venonat Lv25             HP 60  ATK 55  DEF 50  SPATK 40  SPDEF 55  SPEED 45 
Donphan Lv26             HP 90  ATK 120 DEF 120 SPATK 60  SPDEF 60  SPEED 50 
Azurill Lv26             HP 50  ATK 20  DEF 40  SPATK 20  SPDEF 40  SPEED 20 
Persian Lv25             HP 65  ATK 70  DEF 60  SPATK 65  SPDEF 65  SPEED 115
Electrode Lv29           HP 60  ATK 50  DEF 70  SPATK 80  SPDEF 80  SPEED 150
Metang Lv28              HP 60  ATK 75  DEF 100 SPATK 55  SPDEF 80  SPEED 50 
Hoothoot Lv29            HP 60  ATK 30  DEF 30  SPATK 36  SPDEF 56  SPEED 50 
Nidoqueen Lv30           HP 90  ATK 92  DEF 87  SPATK 75  SPDEF 85  SPEED 76 

Set #174 - RUTA 16 Grass/Cave (rate=21)
Goldeen Lv20             HP 45  ATK 67  DEF 60  SPATK 35  SPDEF 50  SPEED 63 
Poliwrath Lv18           HP 90  ATK 95  DEF 95  SPATK 70  SPDEF 90  SPEED 70 
Igglybuff Lv18           HP 90  ATK 30  DEF 15  SPATK 40  SPDEF 20  SPEED 15 
Caterpie Lv20            HP 45  ATK 30  DEF 35  SPATK 20  SPDEF 20  SPEED 45 
Blastoise Lv22           HP 79  ATK 83  DEF 100 SPATK 85  SPDEF 105 SPEED 78 
Tauros Lv20              HP 75  ATK 100 DEF 95  SPATK 40  SPDEF 70  SPEED 110
Dewgong Lv22             HP 90  ATK 70  DEF 80  SPATK 70  SPDEF 95  SPEED 70 
Dragonair Lv22           HP 61  ATK 84  DEF 65  SPATK 70  SPDEF 70  SPEED 70 
Alakazam Lv18            HP 55  ATK 50  DEF 45  SPATK 135 SPDEF 95  SPEED 120
Gardevoir Lv23           HP 68  ATK 65  DEF 65  SPATK 125 SPDEF 115 SPEED 80 
Venomoth Lv18            HP 70  ATK 65  DEF 60  SPATK 90  SPDEF 75  SPEED 90 
Beldum Lv25              HP 40  ATK 55  DEF 80  SPATK 35  SPDEF 60  SPEED 30 

Set #175 - RUTA 17 Grass/Cave (rate=21)
Teddiursa Lv20           HP 60  ATK 80  DEF 50  SPATK 50  SPDEF 50  SPEED 40 
Growlithe Lv24           HP 55  ATK 70  DEF 45  SPATK 70  SPDEF 50  SPEED 60 
Clefable Lv22            HP 95  ATK 70  DEF 73  SPATK 95  SPDEF 90  SPEED 60 
Medicham Lv26            HP 60  ATK 60  DEF 75  SPATK 60  SPDEF 75  SPEED 80 
Numel Lv25               HP 60  ATK 60  DEF 40  SPATK 65  SPDEF 45  SPEED 35 
Metagross Lv27           HP 80  ATK 135 DEF 130 SPATK 95  SPDEF 90  SPEED 70 
Cyndaquil Lv28           HP 39  ATK 52  DEF 43  SPATK 60  SPDEF 50  SPEED 65 
Tropius Lv29             HP 99  ATK 68  DEF 83  SPATK 72  SPDEF 87  SPEED 51 
Cradily Lv22             HP 86  ATK 81  DEF 97  SPATK 81  SPDEF 107 SPEED 43 
Slowking Lv25            HP 95  ATK 75  DEF 80  SPATK 100 SPDEF 110 SPEED 30 
Togepi Lv22              HP 35  ATK 20  DEF 65  SPATK 40  SPDEF 65  SPEED 20 
Bellossom Lv27           HP 75  ATK 80  DEF 95  SPATK 90  SPDEF 100 SPEED 50 

Set #176 - RUTA 18 Grass/Cave (rate=21)
Sceptile Lv20            HP 70  ATK 85  DEF 65  SPATK 105 SPDEF 85  SPEED 120
Lunatone Lv24            HP 90  ATK 55  DEF 65  SPATK 95  SPDEF 85  SPEED 70 
Flareon Lv22             HP 65  ATK 130 DEF 60  SPATK 95  SPDEF 110 SPEED 65 
Pupitar Lv26             HP 70  ATK 84  DEF 70  SPATK 65  SPDEF 70  SPEED 51 
Volbeat Lv25             HP 65  ATK 73  DEF 75  SPATK 47  SPDEF 85  SPEED 85 
Graveler Lv25            HP 55  ATK 95  DEF 115 SPATK 45  SPDEF 45  SPEED 35 
Blissey Lv28             HP 255 ATK 10  DEF 10  SPATK 75  SPDEF 135 SPEED 55 
Psyduck Lv29             HP 50  ATK 52  DEF 48  SPATK 65  SPDEF 50  SPEED 55 
Pineco Lv22              HP 50  ATK 65  DEF 90  SPATK 35  SPDEF 35  SPEED 15 
Umbreon Lv27             HP 95  ATK 65  DEF 110 SPATK 60  SPDEF 130 SPEED 65 
Wailmer Lv22             HP 130 ATK 70  DEF 35  SPATK 70  SPDEF 35  SPEED 60 
Nidoqueen Lv29           HP 90  ATK 92  DEF 87  SPATK 75  SPDEF 85  SPEED 76 

Set #177 - RUTA 19 Surfing (rate=2)
Slakoth Lvs 5-10         HP 60  ATK 60  DEF 60  SPATK 35  SPDEF 35  SPEED 30 
Wailmer Lvs 10-20        HP 130 ATK 70  DEF 35  SPATK 70  SPDEF 35  SPEED 60 
Gloom Lvs 20-30          HP 60  ATK 65  DEF 70  SPATK 85  SPDEF 75  SPEED 40 
Vileplume Lvs 30-35      HP 75  ATK 80  DEF 85  SPATK 110 SPDEF 90  SPEED 50 
Eevee Lvs 35-40          HP 55  ATK 55  DEF 50  SPATK 45  SPDEF 65  SPEED 55 

Set #178 - RUTA 19 Fishing (rate=20)
Ninetales Lv5            HP 73  ATK 76  DEF 75  SPATK 81  SPDEF 100 SPEED 100
Donphan Lv5              HP 90  ATK 120 DEF 120 SPATK 60  SPDEF 60  SPEED 50 
Solrock Lvs 5-15         HP 90  ATK 95  DEF 85  SPATK 55  SPDEF 65  SPEED 70 
Pidgeot Lvs 5-15         HP 83  ATK 80  DEF 75  SPATK 70  SPDEF 70  SPEED 101
Raikou Lvs 5-15          HP 90  ATK 85  DEF 75  SPATK 115 SPDEF 100 SPEED 115
Horsea Lvs 15-25         HP 30  ATK 40  DEF 70  SPATK 70  SPDEF 25  SPEED 60 
Exeggutor Lvs 15-25      HP 95  ATK 95  DEF 85  SPATK 125 SPDEF 75  SPEED 55 
Rayquaza Lvs 15-25       HP 105 ATK 150 DEF 90  SPATK 150 SPDEF 90  SPEED 95 
Shiftry Lvs 25-35        HP 90  ATK 100 DEF 60  SPATK 90  SPDEF 60  SPEED 80 
Wingull Lvs 25-35        HP 40  ATK 30  DEF 30  SPATK 55  SPDEF 30  SPEED 85 

Set #179 - RUTA 20 Surfing (rate=2)
Spoink Lvs 5-10          HP 60  ATK 25  DEF 35  SPATK 70  SPDEF 80  SPEED 60 
Togepi Lvs 10-20         HP 35  ATK 20  DEF 65  SPATK 40  SPDEF 65  SPEED 20 
Sunflora Lvs 20-30       HP 75  ATK 75  DEF 55  SPATK 105 SPDEF 85  SPEED 30 
Sudowoodo Lvs 30-35      HP 70  ATK 100 DEF 115 SPATK 30  SPDEF 65  SPEED 30 
Heracross Lvs 35-40      HP 80  ATK 125 DEF 75  SPATK 40  SPDEF 95  SPEED 85 

Set #180 - RUTA 20 Fishing (rate=20)
Pichu Lv5                HP 20  ATK 40  DEF 15  SPATK 35  SPDEF 35  SPEED 60 
Larvitar Lv5             HP 50  ATK 64  DEF 50  SPATK 45  SPDEF 50  SPEED 41 
Magikarp Lvs 5-15        HP 20  ATK 10  DEF 55  SPATK 15  SPDEF 20  SPEED 80 
Seaking Lvs 5-15         HP 80  ATK 92  DEF 65  SPATK 65  SPDEF 80  SPEED 68 
Cradily Lvs 5-15         HP 86  ATK 81  DEF 97  SPATK 81  SPDEF 107 SPEED 43 
Gulpin Lvs 15-25         HP 70  ATK 43  DEF 53  SPATK 43  SPDEF 53  SPEED 40 
Gorebyss Lvs 15-25       HP 55  ATK 84  DEF 105 SPATK 114 SPDEF 75  SPEED 52 
Nosepass Lvs 15-25       HP 30  ATK 45  DEF 135 SPATK 45  SPDEF 90  SPEED 30 
Bayleef Lvs 25-35        HP 60  ATK 62  DEF 80  SPATK 63  SPDEF 80  SPEED 60 
Kangaskhan Lvs 25-35     HP 105 ATK 95  DEF 80  SPATK 40  SPDEF 80  SPEED 90 

Set #181 - RUTA 21 Grass/Cave (rate=14)
Slaking Lv22             HP 150 ATK 160 DEF 100 SPATK 95  SPDEF 65  SPEED 100
Omanyte Lv23             HP 35  ATK 40  DEF 100 SPATK 90  SPDEF 55  SPEED 35 
Zangoose Lv24            HP 73  ATK 115 DEF 60  SPATK 60  SPDEF 60  SPEED 90 
Grovyle Lv21             HP 50  ATK 65  DEF 45  SPATK 85  SPDEF 65  SPEED 95 
Slowpoke Lv25            HP 90  ATK 65  DEF 65  SPATK 40  SPDEF 40  SPEED 15 
Aipom Lv20               HP 55  ATK 70  DEF 55  SPATK 40  SPDEF 55  SPEED 85 
Staryu Lv19              HP 30  ATK 45  DEF 55  SPATK 70  SPDEF 55  SPEED 85 
Omanyte Lv26             HP 35  ATK 40  DEF 100 SPATK 90  SPDEF 55  SPEED 35 
Silcoon Lv18             HP 50  ATK 35  DEF 55  SPATK 25  SPDEF 25  SPEED 15 
Smoochum Lv27            HP 45  ATK 30  DEF 15  SPATK 85  SPDEF 65  SPEED 65 
Sandshrew Lv17           HP 50  ATK 75  DEF 85  SPATK 20  SPDEF 30  SPEED 40 
Ledian Lv28              HP 55  ATK 35  DEF 50  SPATK 55  SPDEF 110 SPEED 85 

Set #182 - RUTA 21 Surfing (rate=2)
Mawile Lvs 5-10          HP 50  ATK 85  DEF 85  SPATK 55  SPDEF 55  SPEED 50 
Aipom Lvs 10-20          HP 55  ATK 70  DEF 55  SPATK 40  SPDEF 55  SPEED 85 
Croconaw Lvs 20-30       HP 65  ATK 80  DEF 80  SPATK 59  SPDEF 63  SPEED 58 
Wailmer Lvs 30-35        HP 130 ATK 70  DEF 35  SPATK 70  SPDEF 35  SPEED 60 
Abra Lvs 35-40           HP 25  ATK 20  DEF 15  SPATK 105 SPDEF 55  SPEED 90 

Set #183 - RUTA 21 Fishing (rate=20)
Venonat Lv5              HP 60  ATK 55  DEF 50  SPATK 40  SPDEF 55  SPEED 45 
Anorith Lv5              HP 45  ATK 95  DEF 50  SPATK 40  SPDEF 50  SPEED 75 
Arcanine Lvs 5-15        HP 90  ATK 110 DEF 80  SPATK 100 SPDEF 80  SPEED 95 
Vigoroth Lvs 5-15        HP 80  ATK 80  DEF 80  SPATK 55  SPDEF 55  SPEED 90 
Mantine Lvs 5-15         HP 85  ATK 40  DEF 70  SPATK 80  SPDEF 140 SPEED 70 
Cradily Lvs 15-25        HP 86  ATK 81  DEF 97  SPATK 81  SPDEF 107 SPEED 43 
Abra Lvs 15-25           HP 25  ATK 20  DEF 15  SPATK 105 SPDEF 55  SPEED 90 
Umbreon Lvs 15-25        HP 95  ATK 65  DEF 110 SPATK 60  SPDEF 130 SPEED 65 
Rayquaza Lvs 25-35       HP 105 ATK 150 DEF 90  SPATK 150 SPDEF 90  SPEED 95 
Raichu Lvs 25-35         HP 60  ATK 90  DEF 55  SPATK 90  SPDEF 80  SPEED 110

Set #184 - RUTA 21 Grass/Cave (rate=14)
Magnemite Lv22           HP 25  ATK 35  DEF 70  SPATK 95  SPDEF 55  SPEED 45 
Togepi Lv23              HP 35  ATK 20  DEF 65  SPATK 40  SPDEF 65  SPEED 20 
Meowth Lv24              HP 40  ATK 45  DEF 35  SPATK 40  SPDEF 40  SPEED 90 
Mawile Lv21              HP 50  ATK 85  DEF 85  SPATK 55  SPDEF 55  SPEED 50 
Delibird Lv25            HP 45  ATK 55  DEF 45  SPATK 65  SPDEF 45  SPEED 75 
Registeel Lv20           HP 80  ATK 75  DEF 150 SPATK 75  SPDEF 150 SPEED 50 
Typhlosion Lv19          HP 78  ATK 84  DEF 78  SPATK 109 SPDEF 85  SPEED 100
Ursaring Lv26            HP 90  ATK 130 DEF 75  SPATK 75  SPDEF 75  SPEED 55 
Castform Lv18            HP 70  ATK 70  DEF 70  SPATK 70  SPDEF 70  SPEED 70 
Magcargo Lv27            HP 60  ATK 50  DEF 120 SPATK 90  SPDEF 80  SPEED 30 
Seel Lv17                HP 65  ATK 45  DEF 55  SPATK 45  SPDEF 70  SPEED 45 
Cradily Lv28             HP 86  ATK 81  DEF 97  SPATK 81  SPDEF 107 SPEED 43 

Set #185 - RUTA 21 Surfing (rate=2)
Altaria Lvs 5-10         HP 75  ATK 70  DEF 90  SPATK 70  SPDEF 105 SPEED 80 
Poliwag Lvs 10-20        HP 40  ATK 50  DEF 40  SPATK 40  SPDEF 40  SPEED 90 
Kangaskhan Lvs 20-30     HP 105 ATK 95  DEF 80  SPATK 40  SPDEF 80  SPEED 90 
Charmander Lvs 30-35     HP 39  ATK 52  DEF 43  SPATK 60  SPDEF 50  SPEED 65 
Feraligatr Lvs 35-40     HP 85  ATK 105 DEF 100 SPATK 79  SPDEF 83  SPEED 78 

Set #186 - RUTA 21 Fishing (rate=20)
Xatu Lv5                 HP 65  ATK 75  DEF 70  SPATK 95  SPDEF 70  SPEED 95 
Walrein Lv5              HP 110 ATK 80  DEF 90  SPATK 95  SPDEF 90  SPEED 65 
Primeape Lvs 5-15        HP 65  ATK 105 DEF 60  SPATK 60  SPDEF 70  SPEED 95 
Nidoqueen Lvs 5-15       HP 90  ATK 92  DEF 87  SPATK 75  SPDEF 85  SPEED 76 
Diglett Lvs 5-15         HP 10  ATK 55  DEF 25  SPATK 35  SPDEF 45  SPEED 95 
Swablu Lvs 15-25         HP 45  ATK 40  DEF 60  SPATK 40  SPDEF 75  SPEED 50 
Pelipper Lvs 15-25       HP 60  ATK 50  DEF 100 SPATK 95  SPDEF 70  SPEED 65 
Cloyster Lvs 15-25       HP 50  ATK 95  DEF 180 SPATK 85  SPDEF 45  SPEED 70 
Sudowoodo Lvs 25-35      HP 70  ATK 100 DEF 115 SPATK 30  SPDEF 65  SPEED 30 
Zubat Lvs 25-35          HP 40  ATK 45  DEF 35  SPATK 30  SPDEF 40  SPEED 55 

Set #187 - RUTA 22 Grass/Cave (rate=21)
Grumpig Lv3              HP 80  ATK 45  DEF 65  SPATK 90  SPDEF 110 SPEED 80 
Kingler Lv3              HP 55  ATK 130 DEF 115 SPATK 50  SPDEF 50  SPEED 75 
Magnemite Lv4            HP 25  ATK 35  DEF 70  SPATK 95  SPDEF 55  SPEED 45 
Dragonair Lv4            HP 61  ATK 84  DEF 65  SPATK 70  SPDEF 70  SPEED 70 
Flareon Lv2              HP 65  ATK 130 DEF 60  SPATK 95  SPDEF 110 SPEED 65 
Torchic Lv2              HP 45  ATK 60  DEF 40  SPATK 70  SPDEF 50  SPEED 45 
Gulpin Lv3               HP 70  ATK 43  DEF 53  SPATK 43  SPDEF 53  SPEED 40 
Dewgong Lv5              HP 90  ATK 70  DEF 80  SPATK 70  SPDEF 95  SPEED 70 
Hariyama Lv5             HP 144 ATK 120 DEF 60  SPATK 40  SPDEF 60  SPEED 50 
Phanpy Lv5               HP 90  ATK 60  DEF 60  SPATK 40  SPDEF 40  SPEED 40 
Solrock Lv5              HP 90  ATK 95  DEF 85  SPATK 55  SPDEF 65  SPEED 70 
Houndoom Lv5             HP 75  ATK 90  DEF 50  SPATK 110 SPDEF 80  SPEED 95 

Set #188 - RUTA 22 Surfing (rate=2)
Machamp Lvs 20-25        HP 90  ATK 130 DEF 80  SPATK 65  SPDEF 85  SPEED 55 
Slaking Lvs 20-25        HP 150 ATK 160 DEF 100 SPATK 95  SPDEF 65  SPEED 100
Slowpoke Lvs 25-30       HP 90  ATK 65  DEF 65  SPATK 40  SPDEF 40  SPEED 15 
Breloom Lvs 30-35        HP 60  ATK 130 DEF 80  SPATK 60  SPDEF 60  SPEED 70 
Sandslash Lvs 35-40      HP 75  ATK 100 DEF 110 SPATK 45  SPDEF 55  SPEED 65 

Set #189 - RUTA 22 Fishing (rate=20)
Kangaskhan Lv5           HP 105 ATK 95  DEF 80  SPATK 40  SPDEF 80  SPEED 90 
Mr. Mime Lv5             HP 40  ATK 45  DEF 65  SPATK 100 SPDEF 120 SPEED 90 
Aerodactyl Lvs 5-15      HP 80  ATK 105 DEF 65  SPATK 60  SPDEF 75  SPEED 130
Sudowoodo Lvs 5-15       HP 70  ATK 100 DEF 115 SPATK 30  SPDEF 65  SPEED 30 
Omanyte Lvs 5-15         HP 35  ATK 40  DEF 100 SPATK 90  SPDEF 55  SPEED 35 
Marshtomp Lvs 15-25      HP 70  ATK 85  DEF 70  SPATK 60  SPDEF 70  SPEED 50 
Haunter Lvs 20-30        HP 45  ATK 50  DEF 45  SPATK 115 SPDEF 55  SPEED 95 
Ponyta Lvs 15-25         HP 50  ATK 85  DEF 55  SPATK 65  SPDEF 65  SPEED 90 
Kirlia Lvs 15-25         HP 38  ATK 35  DEF 35  SPATK 65  SPDEF 55  SPEED 50 
Typhlosion Lvs 25-35     HP 78  ATK 84  DEF 78  SPATK 109 SPDEF 85  SPEED 100

Set #190 - RUTA 23 Grass/Cave (rate=21)
Voltorb Lv32             HP 40  ATK 30  DEF 50  SPATK 55  SPDEF 55  SPEED 100
Phanpy Lv40              HP 90  ATK 60  DEF 60  SPATK 40  SPDEF 40  SPEED 40 
Sealeo Lv34              HP 90  ATK 60  DEF 70  SPATK 75  SPDEF 70  SPEED 45 
Whiscash Lv34            HP 110 ATK 78  DEF 73  SPATK 76  SPDEF 71  SPEED 60 
Pinsir Lv32              HP 65  ATK 125 DEF 100 SPATK 55  SPDEF 70  SPEED 85 
Tropius Lv34             HP 99  ATK 68  DEF 83  SPATK 72  SPDEF 87  SPEED 51 
Spheal Lv42              HP 70  ATK 40  DEF 50  SPATK 55  SPDEF 50  SPEED 25 
Kadabra Lv44             HP 40  ATK 35  DEF 30  SPATK 120 SPDEF 70  SPEED 105
Butterfree Lv32          HP 60  ATK 45  DEF 50  SPATK 90  SPDEF 80  SPEED 70 
Porygon Lv42             HP 65  ATK 60  DEF 70  SPATK 85  SPDEF 75  SPEED 40 
Kabuto Lv32              HP 30  ATK 80  DEF 90  SPATK 55  SPDEF 45  SPEED 55 
Venonat Lv44             HP 60  ATK 55  DEF 50  SPATK 40  SPDEF 55  SPEED 45 

Set #191 - RUTA 23 Surfing (rate=2)
Lapras Lvs 20-25         HP 130 ATK 85  DEF 80  SPATK 85  SPDEF 95  SPEED 60 
Rapidash Lvs 20-25       HP 65  ATK 100 DEF 70  SPATK 80  SPDEF 80  SPEED 105
Treecko Lvs 25-30        HP 40  ATK 45  DEF 35  SPATK 65  SPDEF 55  SPEED 70 
Duskull Lvs 30-35        HP 20  ATK 40  DEF 90  SPATK 30  SPDEF 90  SPEED 25 
Zigzagoon Lvs 35-40      HP 38  ATK 30  DEF 41  SPATK 30  SPDEF 41  SPEED 60 

Set #192 - RUTA 23 Fishing (rate=20)
Medicham Lv5             HP 60  ATK 60  DEF 75  SPATK 60  SPDEF 75  SPEED 80 
Luvdisc Lv5              HP 43  ATK 30  DEF 55  SPATK 40  SPDEF 65  SPEED 97 
Nidoking Lvs 5-15        HP 81  ATK 102 DEF 77  SPATK 85  SPDEF 75  SPEED 85 
Shuppet Lvs 5-15         HP 44  ATK 75  DEF 35  SPATK 63  SPDEF 33  SPEED 45 
Croconaw Lvs 5-15        HP 65  ATK 80  DEF 80  SPATK 59  SPDEF 63  SPEED 58 
Victreebel Lvs 15-25     HP 80  ATK 105 DEF 65  SPATK 100 SPDEF 70  SPEED 70 
Sableye Lvs 20-30        HP 50  ATK 75  DEF 75  SPATK 65  SPDEF 65  SPEED 50 
Slakoth Lvs 15-25        HP 60  ATK 60  DEF 60  SPATK 35  SPDEF 35  SPEED 30 
Altaria Lvs 15-25        HP 75  ATK 70  DEF 90  SPATK 70  SPDEF 105 SPEED 80 
Rapidash Lvs 25-35       HP 65  ATK 100 DEF 70  SPATK 80  SPDEF 80  SPEED 105

Set #193 - RUTA 24 Grass/Cave (rate=21)
Sudowoodo Lv7            HP 70  ATK 100 DEF 115 SPATK 30  SPDEF 65  SPEED 30 
Articuno Lv7             HP 90  ATK 85  DEF 100 SPATK 95  SPDEF 125 SPEED 85 
Ludicolo Lv11            HP 80  ATK 70  DEF 70  SPATK 90  SPDEF 100 SPEED 70 
Onix Lv12                HP 35  ATK 45  DEF 160 SPATK 30  SPDEF 45  SPEED 70 
Chikorita Lv13           HP 45  ATK 49  DEF 65  SPATK 49  SPDEF 65  SPEED 45 
Mareep Lv10              HP 55  ATK 40  DEF 40  SPATK 65  SPDEF 45  SPEED 35 
Kakuna Lv13              HP 45  ATK 25  DEF 50  SPATK 25  SPDEF 25  SPEED 35 
Seel Lv14                HP 65  ATK 45  DEF 55  SPATK 45  SPDEF 70  SPEED 45 
Hitmonlee Lv8            HP 50  ATK 120 DEF 53  SPATK 35  SPDEF 110 SPEED 87 
Sentret Lv8              HP 35  ATK 46  DEF 34  SPATK 35  SPDEF 45  SPEED 20 
Medicham Lv8             HP 60  ATK 60  DEF 75  SPATK 60  SPDEF 75  SPEED 80 
Ralts Lv12               HP 28  ATK 25  DEF 25  SPATK 45  SPDEF 35  SPEED 40 

Set #194 - RUTA 24 Surfing (rate=2)
Sudowoodo Lvs 5-10       HP 70  ATK 100 DEF 115 SPATK 30  SPDEF 65  SPEED 30 
Kecleon Lvs 10-20        HP 60  ATK 90  DEF 70  SPATK 60  SPDEF 120 SPEED 40 
Clamperl Lvs 20-30       HP 35  ATK 64  DEF 85  SPATK 74  SPDEF 55  SPEED 32 
Crawdaunt Lvs 30-35      HP 63  ATK 120 DEF 85  SPATK 90  SPDEF 55  SPEED 55 
Seviper Lvs 35-40        HP 73  ATK 100 DEF 60  SPATK 100 SPDEF 60  SPEED 65 

Set #195 - RUTA 24 Fishing (rate=20)
Houndoom Lv5             HP 75  ATK 90  DEF 50  SPATK 110 SPDEF 80  SPEED 95 
Cradily Lv5              HP 86  ATK 81  DEF 97  SPATK 81  SPDEF 107 SPEED 43 
Parasect Lvs 5-15        HP 60  ATK 95  DEF 80  SPATK 60  SPDEF 80  SPEED 30 
Entei Lvs 5-15           HP 115 ATK 115 DEF 85  SPATK 90  SPDEF 75  SPEED 100
Minun Lvs 5-15           HP 60  ATK 40  DEF 50  SPATK 75  SPDEF 85  SPEED 95 
Dragonite Lvs 15-25      HP 91  ATK 134 DEF 95  SPATK 100 SPDEF 100 SPEED 80 
Stantler Lvs 15-25       HP 73  ATK 95  DEF 62  SPATK 85  SPDEF 65  SPEED 85 
Smoochum Lvs 15-25       HP 45  ATK 30  DEF 15  SPATK 85  SPDEF 65  SPEED 65 
Castform Lvs 25-35       HP 70  ATK 70  DEF 70  SPATK 70  SPDEF 70  SPEED 70 
Hoppip Lvs 25-35         HP 35  ATK 35  DEF 40  SPATK 35  SPDEF 55  SPEED 50 

Set #196 - RUTA 25 Grass/Cave (rate=21)
Aggron Lv8               HP 70  ATK 110 DEF 180 SPATK 60  SPDEF 60  SPEED 50 
Swinub Lv8               HP 50  ATK 50  DEF 40  SPATK 30  SPDEF 30  SPEED 50 
Exeggcute Lv13           HP 60  ATK 40  DEF 80  SPATK 60  SPDEF 45  SPEED 40 
Jigglypuff Lv14          HP 115 ATK 45  DEF 20  SPATK 45  SPDEF 25  SPEED 20 
Donphan Lv13             HP 90  ATK 120 DEF 120 SPATK 60  SPDEF 60  SPEED 50 
Butterfree Lv11          HP 60  ATK 45  DEF 50  SPATK 90  SPDEF 80  SPEED 70 
Farfetch’d Lv11          HP 52  ATK 90  DEF 55  SPATK 58  SPDEF 62  SPEED 60 
Corphish Lv12            HP 43  ATK 80  DEF 65  SPATK 50  SPDEF 35  SPEED 35 
Chansey Lv9              HP 250 ATK 5   DEF 5   SPATK 35  SPDEF 105 SPEED 50 
Jumpluff Lv9             HP 75  ATK 55  DEF 70  SPATK 55  SPDEF 95  SPEED 110
Skitty Lv9               HP 50  ATK 45  DEF 45  SPATK 35  SPDEF 35  SPEED 50 
Skitty Lv13              HP 50  ATK 45  DEF 45  SPATK 35  SPDEF 35  SPEED 50 

Set #197 - RUTA 25 Surfing (rate=2)
Dragonair Lvs 20-25      HP 61  ATK 84  DEF 65  SPATK 70  SPDEF 70  SPEED 70 
Chikorita Lvs 20-25      HP 45  ATK 49  DEF 65  SPATK 49  SPDEF 65  SPEED 45 
Shuppet Lvs 25-30        HP 44  ATK 75  DEF 35  SPATK 63  SPDEF 33  SPEED 45 
Spinda Lvs 30-35         HP 60  ATK 60  DEF 60  SPATK 60  SPDEF 60  SPEED 60 
Ponyta Lvs 35-40         HP 50  ATK 85  DEF 55  SPATK 65  SPDEF 65  SPEED 90 

Set #198 - RUTA 25 Fishing (rate=20)
Banette Lv5              HP 64  ATK 115 DEF 65  SPATK 83  SPDEF 63  SPEED 65 
Oddish Lv5               HP 45  ATK 50  DEF 55  SPATK 75  SPDEF 65  SPEED 30 
Lairon Lvs 5-15          HP 60  ATK 90  DEF 140 SPATK 50  SPDEF 50  SPEED 40 
Ledyba Lvs 5-15          HP 40  ATK 20  DEF 30  SPATK 40  SPDEF 80  SPEED 55 
Lotad Lvs 5-15           HP 40  ATK 30  DEF 30  SPATK 40  SPDEF 50  SPEED 30 
Bellsprout Lvs 15-25     HP 50  ATK 75  DEF 35  SPATK 70  SPDEF 30  SPEED 40 
Houndoom Lvs 20-30       HP 75  ATK 90  DEF 50  SPATK 110 SPDEF 80  SPEED 95 
Shellder Lvs 15-25       HP 30  ATK 65  DEF 100 SPATK 45  SPDEF 25  SPEED 40 
Vaporeon Lvs 15-25       HP 130 ATK 65  DEF 60  SPATK 110 SPDEF 95  SPEED 65 
Metapod Lvs 25-35        HP 50  ATK 20  DEF 55  SPATK 25  SPDEF 25  SPEED 30 

Set #199 - PUEBLO PALETA Surfing (rate=1)
Golduck Lvs 5-10         HP 80  ATK 82  DEF 78  SPATK 95  SPDEF 80  SPEED 85 
Swablu Lvs 10-20         HP 45  ATK 40  DEF 60  SPATK 40  SPDEF 75  SPEED 50 
Parasect Lvs 20-30       HP 60  ATK 95  DEF 80  SPATK 60  SPDEF 80  SPEED 30 
Celebi Lvs 30-35         HP 100 ATK 100 DEF 100 SPATK 100 SPDEF 100 SPEED 100
Heracross Lvs 35-40      HP 80  ATK 125 DEF 75  SPATK 40  SPDEF 95  SPEED 85 

Set #200 - PUEBLO PALETA Fishing (rate=10)
Cascoon Lvs 5-10         HP 50  ATK 35  DEF 55  SPATK 25  SPDEF 25  SPEED 15 
Marshtomp Lvs 5-10       HP 70  ATK 85  DEF 70  SPATK 60  SPDEF 70  SPEED 50 
Spearow Lvs 5-15         HP 40  ATK 60  DEF 30  SPATK 31  SPDEF 31  SPEED 70 
Rhydon Lvs 5-15          HP 105 ATK 130 DEF 120 SPATK 45  SPDEF 45  SPEED 40 
Cascoon Lvs 5-15         HP 50  ATK 35  DEF 55  SPATK 25  SPDEF 25  SPEED 15 
Houndour Lvs 15-25       HP 45  ATK 60  DEF 30  SPATK 80  SPDEF 50  SPEED 65 
Noctowl Lvs 15-25        HP 100 ATK 50  DEF 50  SPATK 86  SPDEF 96  SPEED 70 
Houndoom Lvs 15-25       HP 75  ATK 90  DEF 50  SPATK 110 SPDEF 80  SPEED 95 
Trapinch Lvs 25-35       HP 45  ATK 100 DEF 45  SPATK 45  SPDEF 45  SPEED 10 
Girafarig Lvs 25-35      HP 70  ATK 80  DEF 65  SPATK 90  SPDEF 65  SPEED 85 

Set #201 - CIUDAD VERDE Surfing (rate=1)
Zigzagoon Lvs 20-25      HP 38  ATK 30  DEF 41  SPATK 30  SPDEF 41  SPEED 60 
Gulpin Lvs 20-25         HP 70  ATK 43  DEF 53  SPATK 43  SPDEF 53  SPEED 40 
Oddish Lvs 25-30         HP 45  ATK 50  DEF 55  SPATK 75  SPDEF 65  SPEED 30 
Nosepass Lvs 30-35       HP 30  ATK 45  DEF 135 SPATK 45  SPDEF 90  SPEED 30 
Dugtrio Lvs 35-40        HP 35  ATK 100 DEF 50  SPATK 50  SPDEF 70  SPEED 120

Set #202 - CIUDAD VERDE Fishing (rate=10)
Mankey Lv5               HP 40  ATK 80  DEF 35  SPATK 35  SPDEF 45  SPEED 70 
Shroomish Lv5            HP 60  ATK 40  DEF 60  SPATK 40  SPDEF 60  SPEED 35 
Registeel Lvs 5-15       HP 80  ATK 75  DEF 150 SPATK 75  SPDEF 150 SPEED 50 
Tentacruel Lvs 5-15      HP 80  ATK 70  DEF 65  SPATK 80  SPDEF 120 SPEED 100
Celebi Lvs 5-15          HP 100 ATK 100 DEF 100 SPATK 100 SPDEF 100 SPEED 100
Kingdra Lvs 15-25        HP 75  ATK 95  DEF 95  SPATK 95  SPDEF 95  SPEED 85 
Dratini Lvs 20-30        HP 41  ATK 64  DEF 45  SPATK 50  SPDEF 50  SPEED 50 
Kakuna Lvs 15-25         HP 45  ATK 25  DEF 50  SPATK 25  SPDEF 25  SPEED 35 
Grovyle Lvs 15-25        HP 50  ATK 65  DEF 45  SPATK 85  SPDEF 65  SPEED 95 
Celebi Lvs 25-35         HP 100 ATK 100 DEF 100 SPATK 100 SPDEF 100 SPEED 100

Set #203 - CIUDAD CELESTE Surfing (rate=1)
Umbreon Lvs 5-10         HP 95  ATK 65  DEF 110 SPATK 60  SPDEF 130 SPEED 65 
Snubbull Lvs 10-20       HP 60  ATK 80  DEF 50  SPATK 40  SPDEF 40  SPEED 30 
Arbok Lvs 20-30          HP 60  ATK 95  DEF 69  SPATK 65  SPDEF 79  SPEED 80 
Wailmer Lvs 30-35        HP 130 ATK 70  DEF 35  SPATK 70  SPDEF 35  SPEED 60 
Natu Lvs 35-40           HP 40  ATK 50  DEF 45  SPATK 70  SPDEF 45  SPEED 70 

Set #204 - CIUDAD CELESTE Fishing (rate=10)
Wingull Lv5              HP 40  ATK 30  DEF 30  SPATK 55  SPDEF 30  SPEED 85 
Baltoy Lv5               HP 40  ATK 40  DEF 55  SPATK 40  SPDEF 70  SPEED 55 
Dustox Lvs 5-15          HP 60  ATK 50  DEF 70  SPATK 50  SPDEF 90  SPEED 65 
Horsea Lvs 5-15          HP 30  ATK 40  DEF 70  SPATK 70  SPDEF 25  SPEED 60 
Venonat Lvs 5-15         HP 60  ATK 55  DEF 50  SPATK 40  SPDEF 55  SPEED 45 
Seel Lvs 15-25           HP 65  ATK 45  DEF 55  SPATK 45  SPDEF 70  SPEED 45 
Magby Lvs 15-25          HP 45  ATK 75  DEF 37  SPATK 70  SPDEF 55  SPEED 83 
Krabby Lvs 15-25         HP 30  ATK 105 DEF 90  SPATK 25  SPDEF 25  SPEED 50 
Sealeo Lvs 25-35         HP 90  ATK 60  DEF 70  SPATK 75  SPDEF 70  SPEED 45 
Skitty Lvs 25-35         HP 50  ATK 45  DEF 45  SPATK 35  SPDEF 35  SPEED 50 

Set #205 - CIUDAD CARMÍN Surfing (rate=1)
Exploud Lvs 5-10         HP 104 ATK 91  DEF 63  SPATK 91  SPDEF 73  SPEED 68 
Yanma Lvs 10-20          HP 65  ATK 65  DEF 45  SPATK 75  SPDEF 45  SPEED 95 
Rayquaza Lvs 20-30       HP 105 ATK 150 DEF 90  SPATK 150 SPDEF 90  SPEED 95 
Parasect Lvs 30-35       HP 60  ATK 95  DEF 80  SPATK 60  SPDEF 80  SPEED 30 
Lanturn Lvs 35-40        HP 125 ATK 58  DEF 58  SPATK 76  SPDEF 76  SPEED 67 

Set #206 - CIUDAD CARMÍN Fishing (rate=10)
Octillery Lv5            HP 75  ATK 105 DEF 75  SPATK 105 SPDEF 75  SPEED 45 
Medicham Lv5             HP 60  ATK 60  DEF 75  SPATK 60  SPDEF 75  SPEED 80 
Dragonair Lvs 5-15       HP 61  ATK 84  DEF 65  SPATK 70  SPDEF 70  SPEED 70 
Nidoran♀ Lvs 5-15        HP 55  ATK 47  DEF 52  SPATK 40  SPDEF 40  SPEED 41 
Rayquaza Lvs 5-15        HP 105 ATK 150 DEF 90  SPATK 150 SPDEF 90  SPEED 95 
Wartortle Lvs 15-25      HP 59  ATK 63  DEF 80  SPATK 65  SPDEF 80  SPEED 58 
Nidoran♀ Lvs 15-25       HP 55  ATK 47  DEF 52  SPATK 40  SPDEF 40  SPEED 41 
Camerupt Lvs 15-25       HP 70  ATK 100 DEF 70  SPATK 105 SPDEF 75  SPEED 40 
Loudred Lvs 25-35        HP 84  ATK 71  DEF 43  SPATK 71  SPDEF 43  SPEED 48 
Rhyhorn Lvs 25-35        HP 80  ATK 85  DEF 95  SPATK 30  SPDEF 30  SPEED 25 

Set #207 - CIUDAD AZULONA Surfing (rate=1)
Stantler Lvs 5-10        HP 73  ATK 95  DEF 62  SPATK 85  SPDEF 65  SPEED 85 
Gulpin Lvs 10-20         HP 70  ATK 43  DEF 53  SPATK 43  SPDEF 53  SPEED 40 
Pineco Lvs 20-30         HP 50  ATK 65  DEF 90  SPATK 35  SPDEF 35  SPEED 15 
Houndoom Lvs 30-40       HP 75  ATK 90  DEF 50  SPATK 110 SPDEF 80  SPEED 95 
Donphan Lvs 30-40        HP 90  ATK 120 DEF 120 SPATK 60  SPDEF 60  SPEED 50 

Set #208 - CIUDAD AZULONA Fishing (rate=10)
Delcatty Lv5             HP 70  ATK 65  DEF 65  SPATK 55  SPDEF 55  SPEED 90 
Sceptile Lv5             HP 70  ATK 85  DEF 65  SPATK 105 SPDEF 85  SPEED 120
Kadabra Lvs 5-15         HP 40  ATK 35  DEF 30  SPATK 120 SPDEF 70  SPEED 105
Forretress Lvs 5-15      HP 75  ATK 90  DEF 140 SPATK 60  SPDEF 60  SPEED 40 
Steelix Lvs 5-15         HP 75  ATK 85  DEF 200 SPATK 55  SPDEF 65  SPEED 30 
Noctowl Lvs 15-25        HP 100 ATK 50  DEF 50  SPATK 86  SPDEF 96  SPEED 70 
Wooper Lvs 15-25         HP 55  ATK 45  DEF 45  SPATK 25  SPDEF 25  SPEED 15 
Jolteon Lvs 15-25        HP 65  ATK 65  DEF 60  SPATK 110 SPDEF 95  SPEED 130
Vaporeon Lvs 25-35       HP 130 ATK 65  DEF 60  SPATK 110 SPDEF 95  SPEED 65 
Dratini Lvs 30-40        HP 41  ATK 64  DEF 45  SPATK 50  SPDEF 50  SPEED 50 

Set #209 - CIUDAD FUCSIA Surfing (rate=1)
Swalot Lvs 20-25         HP 100 ATK 73  DEF 83  SPATK 73  SPDEF 83  SPEED 55 
Gardevoir Lvs 20-25      HP 68  ATK 65  DEF 65  SPATK 125 SPDEF 115 SPEED 80 
Wobbuffet Lvs 25-30      HP 190 ATK 33  DEF 58  SPATK 33  SPDEF 58  SPEED 33 
Jolteon Lvs 30-35        HP 65  ATK 65  DEF 60  SPATK 110 SPDEF 95  SPEED 130
Rayquaza Lvs 35-40       HP 105 ATK 150 DEF 90  SPATK 150 SPDEF 90  SPEED 95 

Set #210 - CIUDAD FUCSIA Fishing (rate=10)
Nidoran♀ Lv5             HP 55  ATK 47  DEF 52  SPATK 40  SPDEF 40  SPEED 41 
Dusclops Lv5             HP 40  ATK 70  DEF 130 SPATK 60  SPDEF 130 SPEED 25 
Bellossom Lvs 5-15       HP 75  ATK 80  DEF 95  SPATK 90  SPDEF 100 SPEED 50 
Blaziken Lvs 5-15        HP 80  ATK 120 DEF 70  SPATK 110 SPDEF 70  SPEED 80 
Dragonite Lvs 5-15       HP 91  ATK 134 DEF 95  SPATK 100 SPDEF 100 SPEED 80 
Wailmer Lvs 15-25        HP 130 ATK 70  DEF 35  SPATK 70  SPDEF 35  SPEED 60 
Jirachi Lvs 20-30        HP 100 ATK 100 DEF 100 SPATK 100 SPDEF 100 SPEED 100
Snorlax Lvs 15-25        HP 160 ATK 110 DEF 65  SPATK 65  SPDEF 110 SPEED 30 
Dragonair Lvs 15-25      HP 61  ATK 84  DEF 65  SPATK 70  SPDEF 70  SPEED 70 
Mudkip Lvs 25-35         HP 50  ATK 70  DEF 50  SPATK 50  SPDEF 50  SPEED 40 

Set #211 - ISLA CANELA Surfing (rate=1)
Growlithe Lvs 5-10       HP 55  ATK 70  DEF 45  SPATK 70  SPDEF 50  SPEED 60 
Voltorb Lvs 10-20        HP 40  ATK 30  DEF 50  SPATK 55  SPDEF 55  SPEED 100
Feebas Lvs 20-30         HP 20  ATK 15  DEF 20  SPATK 10  SPDEF 55  SPEED 80 
Cacnea Lvs 30-35         HP 50  ATK 85  DEF 40  SPATK 85  SPDEF 40  SPEED 35 
Onix Lvs 35-40           HP 35  ATK 45  DEF 160 SPATK 30  SPDEF 45  SPEED 70 

Set #212 - ISLA CANELA Fishing (rate=10)
Walrein Lv5              HP 110 ATK 80  DEF 90  SPATK 95  SPDEF 90  SPEED 65 
Seviper Lv5              HP 73  ATK 100 DEF 60  SPATK 100 SPDEF 60  SPEED 65 
Houndoom Lvs 5-15        HP 75  ATK 90  DEF 50  SPATK 110 SPDEF 80  SPEED 95 
Moltres Lvs 5-15         HP 90  ATK 100 DEF 90  SPATK 125 SPDEF 85  SPEED 90 
Meganium Lvs 5-15        HP 80  ATK 82  DEF 100 SPATK 83  SPDEF 100 SPEED 80 
Electrike Lvs 15-25      HP 40  ATK 45  DEF 40  SPATK 65  SPDEF 40  SPEED 65 
Kadabra Lvs 15-25        HP 40  ATK 35  DEF 30  SPATK 120 SPDEF 70  SPEED 105
Machoke Lvs 15-25        HP 80  ATK 100 DEF 70  SPATK 50  SPDEF 60  SPEED 45 
Clamperl Lvs 25-35       HP 35  ATK 64  DEF 85  SPATK 74  SPDEF 55  SPEED 32 
Minun Lvs 25-35          HP 60  ATK 40  DEF 50  SPATK 75  SPDEF 85  SPEED 95 

Set #213 - ISLA PRIMA Surfing (rate=1)
Zubat Lvs 5-20           HP 40  ATK 45  DEF 35  SPATK 30  SPDEF 40  SPEED 55 
Torchic Lvs 20-35        HP 45  ATK 60  DEF 40  SPATK 70  SPDEF 50  SPEED 45 
Shellder Lvs 35-40       HP 30  ATK 65  DEF 100 SPATK 45  SPDEF 25  SPEED 40 
Golduck Lvs 35-40        HP 80  ATK 82  DEF 78  SPATK 95  SPDEF 80  SPEED 85 
Rattata Lvs 35-40        HP 30  ATK 56  DEF 35  SPATK 25  SPDEF 35  SPEED 72 

Set #214 - ISLA PRIMA Fishing (rate=10)
Dewgong Lv5              HP 90  ATK 70  DEF 80  SPATK 70  SPDEF 95  SPEED 70 
Bellossom Lv5            HP 75  ATK 80  DEF 95  SPATK 90  SPDEF 100 SPEED 50 
Duskull Lvs 5-15         HP 20  ATK 40  DEF 90  SPATK 30  SPDEF 90  SPEED 25 
Chansey Lvs 5-15         HP 250 ATK 5   DEF 5   SPATK 35  SPDEF 105 SPEED 50 
Smeargle Lvs 5-15        HP 55  ATK 20  DEF 35  SPATK 20  SPDEF 45  SPEED 75 
Machop Lvs 15-25         HP 70  ATK 80  DEF 50  SPATK 35  SPDEF 35  SPEED 35 
Kabuto Lvs 15-25         HP 30  ATK 80  DEF 90  SPATK 55  SPDEF 45  SPEED 55 
Raichu Lvs 15-25         HP 60  ATK 90  DEF 55  SPATK 90  SPDEF 80  SPEED 110
Steelix Lvs 25-35        HP 75  ATK 85  DEF 200 SPATK 55  SPDEF 65  SPEED 30 
Charmander Lvs 25-35     HP 39  ATK 52  DEF 43  SPATK 60  SPDEF 50  SPEED 65 

Set #215 - ISLA QUARTA Surfing (rate=2)
Marshtomp Lvs 5-15       HP 70  ATK 85  DEF 70  SPATK 60  SPDEF 70  SPEED 50 
Muk Lvs 5-35             HP 105 ATK 105 DEF 75  SPATK 65  SPDEF 100 SPEED 50 
Magneton Lvs 15-25       HP 50  ATK 60  DEF 95  SPATK 120 SPDEF 70  SPEED 70 
Horsea Lvs 15-25         HP 30  ATK 40  DEF 70  SPATK 70  SPDEF 25  SPEED 60 
Larvitar Lvs 15-25       HP 50  ATK 64  DEF 50  SPATK 45  SPDEF 50  SPEED 41 

Set #216 - ISLA QUARTA Fishing (rate=20)
Arcanine Lv5             HP 90  ATK 110 DEF 80  SPATK 100 SPDEF 80  SPEED 95 
Altaria Lv5              HP 75  ATK 70  DEF 90  SPATK 70  SPDEF 105 SPEED 80 
Roselia Lvs 5-15         HP 50  ATK 60  DEF 45  SPATK 100 SPDEF 80  SPEED 65 
Skitty Lvs 5-15          HP 50  ATK 45  DEF 45  SPATK 35  SPDEF 35  SPEED 50 
Houndoom Lvs 5-15        HP 75  ATK 90  DEF 50  SPATK 110 SPDEF 80  SPEED 95 
Roselia Lvs 15-25        HP 50  ATK 60  DEF 45  SPATK 100 SPDEF 80  SPEED 65 
Flygon Lvs 20-30         HP 80  ATK 100 DEF 80  SPATK 80  SPDEF 80  SPEED 100
Lapras Lvs 15-25         HP 130 ATK 85  DEF 80  SPATK 85  SPDEF 95  SPEED 60 
Hariyama Lvs 15-25       HP 144 ATK 120 DEF 60  SPATK 40  SPDEF 60  SPEED 50 
Electabuzz Lvs 25-35     HP 65  ATK 83  DEF 57  SPATK 95  SPDEF 85  SPEED 105

Set #217 - ISLA INTA Surfing (rate=1)
Smeargle Lvs 5-35        HP 55  ATK 20  DEF 35  SPATK 20  SPDEF 45  SPEED 75 
Horsea Lvs 5-15          HP 30  ATK 40  DEF 70  SPATK 70  SPDEF 25  SPEED 60 
Pidgey Lvs 35-40         HP 40  ATK 45  DEF 40  SPATK 35  SPDEF 35  SPEED 56 
Raikou Lvs 35-40         HP 90  ATK 85  DEF 75  SPATK 115 SPDEF 100 SPEED 115
Porygon2 Lvs 35-40       HP 85  ATK 80  DEF 90  SPATK 105 SPDEF 95  SPEED 60 

Set #218 - ISLA INTA Fishing (rate=10)
Tropius Lv5              HP 99  ATK 68  DEF 83  SPATK 72  SPDEF 87  SPEED 51 
Weezing Lv5              HP 65  ATK 90  DEF 120 SPATK 85  SPDEF 70  SPEED 60 
Gorebyss Lvs 5-15        HP 55  ATK 84  DEF 105 SPATK 114 SPDEF 75  SPEED 52 
Graveler Lvs 5-15        HP 55  ATK 95  DEF 115 SPATK 45  SPDEF 45  SPEED 35 
Tyranitar Lvs 5-15       HP 100 ATK 134 DEF 110 SPATK 95  SPDEF 100 SPEED 61 
Spheal Lvs 15-25         HP 70  ATK 40  DEF 50  SPATK 55  SPDEF 50  SPEED 25 
Weezing Lvs 15-25        HP 65  ATK 90  DEF 120 SPATK 85  SPDEF 70  SPEED 60 
Elekid Lvs 15-25         HP 45  ATK 63  DEF 37  SPATK 65  SPDEF 55  SPEED 95 
Electrode Lvs 25-35      HP 60  ATK 50  DEF 70  SPATK 80  SPDEF 80  SPEED 150
Nidoran♀ Lvs 25-35       HP 55  ATK 47  DEF 52  SPATK 40  SPDEF 40  SPEED 41 

Set #219 - CUEVA CAMBIANTE Grass/Cave (rate=5)
Weedle Lv10              HP 40  ATK 35  DEF 30  SPATK 20  SPDEF 20  SPEED 50 
Whismur Lv12             HP 64  ATK 51  DEF 23  SPATK 51  SPDEF 23  SPEED 28 
Cyndaquil Lv8            HP 39  ATK 52  DEF 43  SPATK 60  SPDEF 50  SPEED 65 
Luvdisc Lv14             HP 43  ATK 30  DEF 55  SPATK 40  SPDEF 65  SPEED 97 
Misdreavus Lv10          HP 60  ATK 60  DEF 60  SPATK 85  SPDEF 85  SPEED 85 
Omanyte Lv12             HP 35  ATK 40  DEF 100 SPATK 90  SPDEF 55  SPEED 35 
Deoxys Lv16              HP 50  ATK 180 DEF 20  SPATK 180 SPDEF 20  SPEED 150
Noctowl Lv6              HP 100 ATK 50  DEF 50  SPATK 86  SPDEF 96  SPEED 70 
Gulpin Lv8               HP 70  ATK 43  DEF 53  SPATK 43  SPDEF 53  SPEED 40 
Kangaskhan Lv14          HP 105 ATK 95  DEF 80  SPATK 40  SPDEF 80  SPEED 90 
Medicham Lv8             HP 60  ATK 60  DEF 75  SPATK 60  SPDEF 75  SPEED 80 
Raticate Lv14            HP 55  ATK 81  DEF 60  SPATK 50  SPDEF 70  SPEED 97 

Set #220 - CUEVA CAMBIANTE Grass/Cave (rate=5)
Porygon Lv7              HP 65  ATK 60  DEF 70  SPATK 85  SPDEF 75  SPEED 40 
Kadabra Lv9              HP 40  ATK 35  DEF 30  SPATK 120 SPDEF 70  SPEED 105
Nincada Lv5              HP 31  ATK 45  DEF 90  SPATK 30  SPDEF 30  SPEED 40 
Jolteon Lv11             HP 65  ATK 65  DEF 60  SPATK 110 SPDEF 95  SPEED 130
Fearow Lv7               HP 65  ATK 90  DEF 65  SPATK 61  SPDEF 61  SPEED 100
Rattata Lv9              HP 30  ATK 56  DEF 35  SPATK 25  SPDEF 35  SPEED 72 
Golduck Lv13             HP 80  ATK 82  DEF 78  SPATK 95  SPDEF 80  SPEED 85 
Mightyena Lv3            HP 70  ATK 90  DEF 70  SPATK 60  SPDEF 60  SPEED 70 
Salamence Lv5            HP 95  ATK 135 DEF 80  SPATK 110 SPDEF 80  SPEED 100
Mantine Lv11             HP 85  ATK 40  DEF 70  SPATK 80  SPDEF 140 SPEED 70 
Zapdos Lv5               HP 90  ATK 90  DEF 85  SPATK 125 SPDEF 90  SPEED 100
Bulbasaur Lv11           HP 45  ATK 49  DEF 49  SPATK 65  SPDEF 65  SPEED 45 

Set #221 - CUEVA CAMBIANTE Grass/Cave (rate=5)
Igglybuff Lv23           HP 90  ATK 30  DEF 15  SPATK 40  SPDEF 20  SPEED 15 
Luvdisc Lv25             HP 43  ATK 30  DEF 55  SPATK 40  SPDEF 65  SPEED 97 
Skarmory Lv22            HP 65  ATK 80  DEF 140 SPATK 40  SPDEF 70  SPEED 70 
Umbreon Lv27             HP 95  ATK 65  DEF 110 SPATK 60  SPDEF 130 SPEED 65 
Electrode Lv23           HP 60  ATK 50  DEF 70  SPATK 80  SPDEF 80  SPEED 150
Wobbuffet Lv25           HP 190 ATK 33  DEF 58  SPATK 33  SPDEF 58  SPEED 33 
Hariyama Lv29            HP 144 ATK 120 DEF 60  SPATK 40  SPDEF 60  SPEED 50 
Wurmple Lv19             HP 45  ATK 45  DEF 35  SPATK 20  SPDEF 30  SPEED 20 
Mareep Lv21              HP 55  ATK 40  DEF 40  SPATK 65  SPDEF 45  SPEED 35 
Donphan Lv27             HP 90  ATK 120 DEF 120 SPATK 60  SPDEF 60  SPEED 50 
Sandshrew Lv21           HP 50  ATK 75  DEF 85  SPATK 20  SPDEF 30  SPEED 40 
Cacnea Lv27              HP 50  ATK 85  DEF 40  SPATK 85  SPDEF 40  SPEED 35 

Set #222 - CUEVA CAMBIANTE Grass/Cave (rate=5)
Abra Lv16                HP 25  ATK 20  DEF 15  SPATK 105 SPDEF 55  SPEED 90 
Zapdos Lv18              HP 90  ATK 90  DEF 85  SPATK 125 SPDEF 90  SPEED 100
Skiploom Lv14            HP 55  ATK 45  DEF 50  SPATK 45  SPDEF 65  SPEED 80 
Dragonite Lv20           HP 91  ATK 134 DEF 95  SPATK 100 SPDEF 100 SPEED 80 
Skarmory Lv16            HP 65  ATK 80  DEF 140 SPATK 40  SPDEF 70  SPEED 70 
Slugma Lv18              HP 40  ATK 40  DEF 40  SPATK 70  SPDEF 40  SPEED 20 
Sceptile Lv22            HP 70  ATK 85  DEF 65  SPATK 105 SPDEF 85  SPEED 120
Poliwag Lv12             HP 40  ATK 50  DEF 40  SPATK 40  SPDEF 40  SPEED 90 
Rayquaza Lv14            HP 105 ATK 150 DEF 90  SPATK 150 SPDEF 90  SPEED 95 
Grumpig Lv20             HP 80  ATK 45  DEF 65  SPATK 90  SPDEF 110 SPEED 80 
Vigoroth Lv14            HP 80  ATK 80  DEF 80  SPATK 55  SPDEF 55  SPEED 90 
Seedot Lv20              HP 40  ATK 40  DEF 50  SPATK 30  SPDEF 30  SPEED 30 

Set #223 - CUEVA CAMBIANTE Grass/Cave (rate=5)
Donphan Lv22             HP 90  ATK 120 DEF 120 SPATK 60  SPDEF 60  SPEED 50 
Cloyster Lv24            HP 50  ATK 95  DEF 180 SPATK 85  SPDEF 45  SPEED 70 
Ariados Lv20             HP 70  ATK 90  DEF 70  SPATK 60  SPDEF 70  SPEED 40 
Pelipper Lv26            HP 60  ATK 50  DEF 100 SPATK 95  SPDEF 70  SPEED 65 
Houndoom Lv22            HP 75  ATK 90  DEF 50  SPATK 110 SPDEF 80  SPEED 95 
Lunatone Lv24            HP 90  ATK 55  DEF 65  SPATK 95  SPDEF 85  SPEED 70 
Camerupt Lv28            HP 70  ATK 100 DEF 70  SPATK 105 SPDEF 75  SPEED 40 
Wobbuffet Lv18           HP 190 ATK 33  DEF 58  SPATK 33  SPDEF 58  SPEED 33 
Kabuto Lv20              HP 30  ATK 80  DEF 90  SPATK 55  SPDEF 45  SPEED 55 
Horsea Lv26              HP 30  ATK 40  DEF 70  SPATK 70  SPDEF 25  SPEED 60 
Swellow Lv20             HP 60  ATK 85  DEF 60  SPATK 75  SPDEF 50  SPEED 125
Grimer Lv26              HP 80  ATK 80  DEF 50  SPATK 40  SPDEF 50  SPEED 25 

Set #224 - CUEVA CAMBIANTE Grass/Cave (rate=5)
Larvitar Lv22            HP 50  ATK 64  DEF 50  SPATK 45  SPDEF 50  SPEED 41 
Masquerain Lv24          HP 70  ATK 60  DEF 62  SPATK 100 SPDEF 82  SPEED 80 
Raikou Lv20              HP 90  ATK 85  DEF 75  SPATK 115 SPDEF 100 SPEED 115
Togepi Lv26              HP 35  ATK 20  DEF 65  SPATK 40  SPDEF 65  SPEED 20 
Ekans Lv22               HP 35  ATK 60  DEF 44  SPATK 40  SPDEF 54  SPEED 55 
Wynaut Lv24              HP 95  ATK 23  DEF 48  SPATK 23  SPDEF 48  SPEED 23 
Linoone Lv28             HP 78  ATK 70  DEF 61  SPATK 50  SPDEF 61  SPEED 100
Primeape Lv18            HP 65  ATK 105 DEF 60  SPATK 60  SPDEF 70  SPEED 95 
Stantler Lv20            HP 73  ATK 95  DEF 62  SPATK 85  SPDEF 65  SPEED 85 
Hitmonlee Lv26           HP 50  ATK 120 DEF 53  SPATK 35  SPDEF 110 SPEED 87 
Gastly Lv20              HP 30  ATK 35  DEF 30  SPATK 100 SPDEF 35  SPEED 80 
Porygon Lv26             HP 65  ATK 60  DEF 70  SPATK 85  SPDEF 75  SPEED 40 

Set #225 - CUEVA CAMBIANTE Grass/Cave (rate=5)
Dragonair Lv22           HP 61  ATK 84  DEF 65  SPATK 70  SPDEF 70  SPEED 70 
Paras Lv24               HP 35  ATK 70  DEF 55  SPATK 45  SPDEF 55  SPEED 25 
Abra Lv20                HP 25  ATK 20  DEF 15  SPATK 105 SPDEF 55  SPEED 90 
Venonat Lv26             HP 60  ATK 55  DEF 50  SPATK 40  SPDEF 55  SPEED 45 
Scizor Lv22              HP 70  ATK 130 DEF 100 SPATK 55  SPDEF 80  SPEED 65 
Yanma Lv24               HP 65  ATK 65  DEF 45  SPATK 75  SPDEF 45  SPEED 95 
Heracross Lv28           HP 80  ATK 125 DEF 75  SPATK 40  SPDEF 95  SPEED 85 
Machop Lv18              HP 70  ATK 80  DEF 50  SPATK 35  SPDEF 35  SPEED 35 
Scizor Lv20              HP 70  ATK 130 DEF 100 SPATK 55  SPDEF 80  SPEED 65 
Mudkip Lv26              HP 50  ATK 70  DEF 50  SPATK 50  SPDEF 50  SPEED 40 
Mawile Lv20              HP 50  ATK 85  DEF 85  SPATK 55  SPDEF 55  SPEED 50 
Xatu Lv26                HP 65  ATK 75  DEF 70  SPATK 95  SPDEF 70  SPEED 95 

Set #226 - CUEVA CAMBIANTE Grass/Cave (rate=5)
Paras Lv22               HP 35  ATK 70  DEF 55  SPATK 45  SPDEF 55  SPEED 25 
Heracross Lv24           HP 80  ATK 125 DEF 75  SPATK 40  SPDEF 95  SPEED 85 
Celebi Lv20              HP 100 ATK 100 DEF 100 SPATK 100 SPDEF 100 SPEED 100
Dratini Lv26             HP 41  ATK 64  DEF 45  SPATK 50  SPDEF 50  SPEED 50 
Sealeo Lv22              HP 90  ATK 60  DEF 70  SPATK 75  SPDEF 70  SPEED 45 
Camerupt Lv24            HP 70  ATK 100 DEF 70  SPATK 105 SPDEF 75  SPEED 40 
Swalot Lv28              HP 100 ATK 73  DEF 83  SPATK 73  SPDEF 83  SPEED 55 
Spoink Lv18              HP 60  ATK 25  DEF 35  SPATK 70  SPDEF 80  SPEED 60 
Goldeen Lv20             HP 45  ATK 67  DEF 60  SPATK 35  SPDEF 50  SPEED 63 
Shelgon Lv26             HP 65  ATK 95  DEF 100 SPATK 60  SPDEF 50  SPEED 50 
Farfetch’d Lv20          HP 52  ATK 90  DEF 55  SPATK 58  SPDEF 62  SPEED 60 
Raichu Lv26              HP 60  ATK 90  DEF 55  SPATK 90  SPDEF 80  SPEED 110

Set #227 - CUEVA CAMBIANTE Grass/Cave (rate=5)
Snubbull Lv22            HP 60  ATK 80  DEF 50  SPATK 40  SPDEF 40  SPEED 30 
Omanyte Lv24             HP 35  ATK 40  DEF 100 SPATK 90  SPDEF 55  SPEED 35 
Corphish Lv20            HP 43  ATK 80  DEF 65  SPATK 50  SPDEF 35  SPEED 35 
Zangoose Lv26            HP 73  ATK 115 DEF 60  SPATK 60  SPDEF 60  SPEED 90 
Hariyama Lv22            HP 144 ATK 120 DEF 60  SPATK 40  SPDEF 60  SPEED 50 
Muk Lv24                 HP 105 ATK 105 DEF 75  SPATK 65  SPDEF 100 SPEED 50 
Beldum Lv28              HP 40  ATK 55  DEF 80  SPATK 35  SPDEF 60  SPEED 30 
Poochyena Lv18           HP 35  ATK 55  DEF 35  SPATK 30  SPDEF 30  SPEED 35 
Lotad Lv20               HP 40  ATK 30  DEF 30  SPATK 40  SPDEF 50  SPEED 30 
Misdreavus Lv26          HP 60  ATK 60  DEF 60  SPATK 85  SPDEF 85  SPEED 85 
Spinda Lv20              HP 60  ATK 60  DEF 60  SPATK 60  SPDEF 60  SPEED 60 
Sharpedo Lv26            HP 70  ATK 120 DEF 40  SPATK 95  SPDEF 40  SPEED 95 


--In-Game Trades--
Trade Abra        -> MIMI        the Mr. Mime           ->      Porygon     -> MIMI            the Medicham
Trade Poliwhirl   -> ZYNX        the Jynx               ->      Solrock     -> ZYNX            the Murkrow
Trade Nidoran♂    -> NIDRANA     the Nidoran♀           ->      Beautifly   -> NIDRANA         the Lickitung
Trade Spearow     -> FARFI       the Farfetch’d         ->      Nidoking    -> FARFI           the Muk
Trade Nidorino    -> NIDRINA     the Nidorina           ->      Medicham    -> NIDRINA         the Golduck
Trade Golduck     -> LICKITITO   the Lickitung          ->      Wurmple     -> LICKITITO       the Banette
Trade Raichu      -> BOLICHI     the Electrode          ->      Nidorino    -> BOLICHI         the Mightyena
Trade Venonat     -> TANGELITO   the Tangela            ->      Cascoon     -> TANGELITO       the Hoppip
Trade Ponyta      -> SEELÍN      the Seel               ->      Golduck     -> SEELÍN          the Staryu

--Shops--
Celadon Department 4F
- POKé MUÑECO
- ELIXIR
- PIEDRA LUNAR
- MON. AMULETO
- GAFAS DE SOL
- MÁS PS

Celadon Department 5F South
- BAYA SAFRE
- PERLA GRANDE
- CARAMELORARO
- TR. ESTRELLA
- AGUA MÍSTICA
- HIERBA REV.
- CINT. NEGRO

Celadon Department 5F North
- SETA GRANDE
- REV.METÁLICO
- ESPECIAL X
- MALLA BALL
- HIER. BLANCA
- PERLA


--Pickup Items--
Level 1-10
15%: BAYA MELOC
10%: MT09, ELIXIR, ÉTER MÁX., CAMP. ALIVIO, MT27, PIEDRA DURA
5%: MINI SETA, ESCAMA MAR., PIEDRAETERNA, MT28
1%: PIEDRA DURA, BAYA ZANAMA, MT49, MT14, PERLA GRANDE

Level 11-20
15%: BAYA MELOC
10%: MT09, ELIXIR, ÉTER MÁX., CAMP. ALIVIO, MT27, PIEDRA DURA
5%: MINI SETA, ESCAMA MAR., PIEDRAETERNA, MT28
1%: PIEDRA DURA, BAYA ZANAMA, MT49, MT14, PERLA GRANDE

Level 21-30
15%: BAYA MELOC
10%: MT09, ELIXIR, ÉTER MÁX., CAMP. ALIVIO, MT27, PIEDRA DURA
5%: MINI SETA, ESCAMA MAR., PIEDRAETERNA, MT28
1%: PIEDRA DURA, BAYA ZANAMA, MT49, MT14, PERLA GRANDE

Level 31-40
15%: BAYA MELOC
10%: MT09, ELIXIR, ÉTER MÁX., CAMP. ALIVIO, MT27, PIEDRA DURA
5%: MINI SETA, ESCAMA MAR., PIEDRAETERNA, MT28
1%: PIEDRA DURA, BAYA ZANAMA, MT49, MT14, PERLA GRANDE

Level 41-50
15%: BAYA MELOC
10%: MT09, ELIXIR, ÉTER MÁX., CAMP. ALIVIO, MT27, PIEDRA DURA
5%: MINI SETA, ESCAMA MAR., PIEDRAETERNA, MT28
1%: PIEDRA DURA, BAYA ZANAMA, MT49, MT14, PERLA GRANDE

Level 51-60
15%: BAYA MELOC
10%: MT09, ELIXIR, ÉTER MÁX., CAMP. ALIVIO, MT27, PIEDRA DURA
5%: MINI SETA, ESCAMA MAR., PIEDRAETERNA, MT28
1%: PIEDRA DURA, BAYA ZANAMA, MT49, MT14, PERLA GRANDE

Level 61-70
15%: BAYA MELOC
10%: MT09, ELIXIR, ÉTER MÁX., CAMP. ALIVIO, MT27, PIEDRA DURA
5%: MINI SETA, ESCAMA MAR., PIEDRAETERNA, MT28
1%: PIEDRA DURA, BAYA ZANAMA, MT49, MT14, PERLA GRANDE

Level 71-80
15%: BAYA MELOC
10%: MT09, ELIXIR, ÉTER MÁX., CAMP. ALIVIO, MT27, PIEDRA DURA
5%: MINI SETA, ESCAMA MAR., PIEDRAETERNA, MT28
1%: PIEDRA DURA, BAYA ZANAMA, MT49, MT14, PERLA GRANDE

Level 81-90
15%: BAYA MELOC
10%: MT09, ELIXIR, ÉTER MÁX., CAMP. ALIVIO, MT27, PIEDRA DURA
5%: MINI SETA, ESCAMA MAR., PIEDRAETERNA, MT28
1%: PIEDRA DURA, BAYA ZANAMA, MT49, MT14, PERLA GRANDE

Level 91-100
15%: BAYA MELOC
10%: MT09, ELIXIR, ÉTER MÁX., CAMP. ALIVIO, MT27, PIEDRA DURA
5%: MINI SETA, ESCAMA MAR., PIEDRAETERNA, MT28
1%: PIEDRA DURA, BAYA ZANAMA, MT49, MT14, PERLA GRANDE


------------------------------------------------------------------
Randomization of Fire Red (S) completed.
Time elapsed: 323ms
RNG Calls: 51230
------------------------------------------------------------------

--ROM Diagnostics--
File name: Pokemon - Edicion Rojo Fuego (Spain).gba
Original ROM CRC32: 9F08064E
